code,term
R00,Abnormalities of heart beat
R00.0,"Tachycardia, unspecified"
R00.1,"Bradycardia, unspecified"
R00.2,Palpitations
R00.3,"Pulseless electrical activity, not elsewhere classified"
R00.8,Other and unspecified abnormalities of heart beat
R01,Cardiac murmurs and other cardiac sounds
R01.0,Benign and innocent cardiac murmurs
R01.1,"Cardiac murmur, unspecified"
R01.2,Other cardiac sounds
R02,"Gangrene, not elsewhere classified"
R03,"Abnormal blood-pressure reading, without diagnosis"
R03.0,"Elevated blood-pressure reading, without diagnosis of hypertension"
R03.1,Nonspecific low blood-pressure reading
R04,Haemorrhage from respiratory passages
R04.0,Epistaxis
R04.1,Haemorrhage from throat
R04.2,Haemoptysis
R04.8,Haemorrhage from other sites in respiratory passages
R04.9,"Haemorrhage from respiratory passages, unspecified"
R05,Cough
R06,Abnormalities of breathing
R06.0,Dyspnoea
R06.1,Stridor
R06.2,Wheezing
R06.3,Periodic breathing
R06.4,Hyperventilation
R06.5,Mouth breathing
R06.6,Hiccough
R06.7,Sneezing
R06.8,Other and unspecified abnormalities of breathing
R07,Pain in throat and chest
R07.0,Pain in throat
R07.1,Chest pain on breathing
R07.2,Precordial pain
R07.3,Other chest pain
R07.4,"Chest pain, unspecified"
R09,Other symptoms and signs involving the circulatory and respiratory systems
R09.0,Asphyxia
R09.1,Pleurisy
R09.2,Respiratory arrest
R09.3,Abnormal sputum
R09.8,Other specified symptoms and signs involving the circulatory and respiratory systems
R10,Abdominal and pelvic pain
R10.0,Acute abdomen
R10.1,Pain localized to upper abdomen
R10.2,Pelvic and perineal pain
R10.3,Pain localized to other parts of lower abdomen
R10.4,Other and unspecified abdominal pain
R11,Nausea and vomiting
R12,Heartburn
R13,Dysphagia
R14,Flatulence and related conditions
R15,Faecal incontinence
R16,"Hepatomegaly and splenomegaly, not elsewhere classified"
R16.0,"Hepatomegaly, not elsewhere classified"
R16.1,"Splenomegaly, not elsewhere classified"
R16.2,"Hepatomegaly with splenomegaly, not elsewhere classified"
R17,"Hyperbilirubinaemia, with or without jaundice, not elsewhere classified"
R17.0,"Hyperbilirubinaemia with mention of jaundice, not elsewhere classified"
R17.9,"Hyperbilirubinaemia without mention of jaundice, not elsewhere classified"
R18,Ascites
R19,Other symptoms and signs involving the digestive system and abdomen
R19.0,"Intra-abdominal and pelvic swelling, mass and lump"
R19.1,Abnormal bowel sounds
R19.2,Visible peristalsis
R19.3,Abdominal rigidity
R19.4,Change in bowel habit
R19.5,Other faecal abnormalities
R19.6,Halitosis
R19.8,Other specified symptoms and signs involving the digestive system and abdomen
R20,Disturbances of skin sensation
R20.0,Anaesthesia of skin
R20.1,Hypoaesthesia of skin
R20.2,Paraesthesia of skin
R20.3,Hyperaesthesia
R20.8,Other and unspecified disturbances of skin sensation
R21,Rash and other nonspecific skin eruption
R22,"Localized swelling, mass and lump of skin and subcutaneous tissue"
R22.0,"Localized swelling, mass and lump, head"
R22.1,"Localized swelling, mass and lump, neck"
R22.2,"Localized swelling, mass and lump, trunk"
R22.3,"Localized swelling, mass and lump, upper limb"
R22.4,"Localized swelling, mass and lump, lower limb"
R22.7,"Localized swelling, mass and lump, multiple sites"
R22.9,"Localized swelling, mass and lump, unspecified"
R23,Other skin changes
R23.0,Cyanosis
R23.1,Pallor
R23.2,Flushing
R23.3,Spontaneous ecchymoses
R23.4,Changes in skin texture
R23.8,Other and unspecified skin changes
R25,Abnormal involuntary movements
R25.0,Abnormal head movements
R25.1,"Tremor, unspecified"
R25.2,Cramp and spasm
R25.3,Fasciculation
R25.8,Other and unspecified abnormal involuntary movements
R26,Abnormalities of gait and mobility
R26.0,Ataxic gait
R26.1,Paralytic gait
R26.2,"Difficulty in walking, not elsewhere classified"
R26.3,Immobility
R26.8,Other and unspecified abnormalities of gait and mobility
R27,Other lack of coordination
R27.0,"Ataxia, unspecified"
R27.8,Other and unspecified lack of coordination
R29,Other symptoms and signs involving the nervous and musculoskeletal systems
R29.0,Tetany
R29.1,Meningismus
R29.2,Abnormal reflex
R29.3,Abnormal posture
R29.4,Clicking hip
R29.6,"Tendency to fall, not elsewhere classified"
R29.8,Other and unspecified symptoms and signs involving the nervous and musculoskeletal systems
R30,Pain associated with micturition
R30.0,Dysuria
R30.1,Vesical tenesmus
R30.9,"Painful micturition, unspecified"
R31,Unspecified haematuria
R32,Unspecified urinary incontinence
R33,Retention of urine
R34,Anuria and oliguria
R35,Polyuria
R36,Urethral discharge
R39,Other symptoms and signs involving the urinary system
R39.0,Extravasation of urine
R39.1,Other difficulties with micturition
R39.2,Extrarenal uraemia
R39.8,Other and unspecified symptoms and signs involving the urinary system
R40,"Somnolence, stupor and coma"
R40.0,Somnolence
R40.1,Stupor
R40.2,"Coma, unspecified"
R41,Other symptoms and signs involving cognitive functions and awareness
R41.0,"Disorientation, unspecified"
R41.1,Anterograde amnesia
R41.2,Retrograde amnesia
R41.3,Other amnesia
R41.8,Other and unspecified symptoms and signs involving cognitive functions and awareness
R42,Dizziness and giddiness
R43,Disturbances of smell and taste
R43.0,Anosmia
R43.1,Parosmia
R43.2,Parageusia
R43.8,Other and unspecified disturbances of smell and taste
R44,Other symptoms and signs involving general sensations and perceptions
R44.0,Auditory hallucinations
R44.1,Visual hallucinations
R44.2,Other hallucinations
R44.3,"Hallucinations, unspecified"
R44.8,Other and unspecified symptoms and signs involving general sensations and perceptions
R45,Symptoms and signs involving emotional state
R45.0,Nervousness
R45.1,Restlessness and agitation
R45.2,Unhappiness
R45.3,Demoralization and apathy
R45.4,Irritability and anger
R45.5,Hostility
R45.6,Physical violence
R45.7,"State of emotional shock and stress, unspecified"
R45.8,Other symptoms and signs involving emotional state
R46,Symptoms and signs involving appearance and behaviour
R46.0,Very low level of personal hygiene
R46.1,Bizarre personal appearance
R46.2,Strange and inexplicable behaviour
R46.3,Overactivity
R46.4,Slowness and poor responsiveness
R46.5,Suspiciousness and marked evasiveness
R46.6,Undue concern and preoccupation with stressful events
R46.7,Verbosity and circumstantial detail obscuring reason for contact
R46.8,Other symptoms and signs involving appearance and behaviour
R47,"Speech disturbances, not elsewhere classified"
R47.0,Dysphasia and aphasia
R47.1,Dysarthria and anarthria
R47.8,Other and unspecified speech disturbances
R48,"Dyslexia and other symbolic dysfunctions, not elsewhere classified"
R48.0,Dyslexia and alexia
R48.1,Agnosia
R48.2,Apraxia
R48.8,Other and unspecified symbolic dysfunctions
R49,Voice disturbances
R49.0,Dysphonia
R49.1,Aphonia
R49.2,Hypernasality and hyponasality
R49.8,Other and unspecified voice disturbances
R50,Fever of other and unknown origin
R50.2,Drug-induced fever
R50.8,Other specified fever
R50.9,"Fever, unspecified"
R51,Headache
R52,"Pain, not elsewhere classified"
R52.0,Acute pain
R52.1,Chronic intractable pain
R52.2,Other chronic pain
R52.9,"Pain, unspecified"
R53,Malaise and fatigue
R55,Syncope and collapse
R56,"Convulsions, not elsewhere classified"
R56.0,Febrile convulsions
R56.8,Other and unspecified convulsions
R57,"Shock, not elsewhere classified"
R57.0,Cardiogenic shock
R57.1,Hypovolaemic shock
R57.2,Septic shock
R57.8,Other shock
R57.9,"Shock, unspecified"
R58,"Haemorrhage, not elsewhere classified"
R59,Enlarged lymph nodes
R59.0,Localized enlarged lymph nodes
R59.1,Generalized enlarged lymph nodes
R59.9,"Enlarged lymph nodes, unspecified"
R60,"Oedema, not elsewhere classified"
R60.0,Localized oedema
R60.1,Generalized oedema
R60.9,"Oedema, unspecified"
R61,Hyperhidrosis
R61.0,Localized hyperhidrosis
R61.1,Generalized hyperhidrosis
R61.9,"Hyperhidrosis, unspecified"
R62,Lack of expected normal physiological development
R62.0,Delayed milestone
R62.8,Other lack of expected normal physiological development
R62.9,"Lack of expected normal physiological development, unspecified"
R63,Symptoms and signs concerning food and fluid intake
R63.0,Anorexia
R63.1,Polydipsia
R63.2,Polyphagia
R63.3,Feeding difficulties and mismanagement
R63.4,Abnormal weight loss
R63.5,Abnormal weight gain
R63.6,Insufficient intake of food and water
R63.8,Other symptoms and signs concerning food and fluid intake
R64,Cachexia
R65,Systemic Inflammatory Response Syndrome [SIRS]
R65.0,Systemic Inflammatory Response Syndrome of infectious origin without organ failure
R65.1,Systemic Inflammatory Response Syndrome of infectious origin with organ failure
R65.2,Systemic Inflammatory Response Syndrome of non-infectious origin without organ failure
R65.3,Systemic Inflammatory Response Syndrome of non-infectious origin with organ failure
R65.9,"Systemic Inflammatory Response Syndrome, unspecified"
R68,Other general symptoms and signs
R68.0,"Hypothermia, not associated with low environmental temperature"
R68.1,Nonspecific symptoms peculiar to infancy
R68.2,"Dry mouth, unspecified"
R68.3,Clubbing of fingers
R68.8,Other specified general symptoms and signs
R69,Unknown and unspecified causes of morbidity
R70,Elevated erythrocyte sedimentation rate and abnormality of plasma viscosity
R70.0,Elevated erythrocyte sedimentation rate
R70.1,Abnormal plasma viscosity
R71,Abnormality of red blood cells
R72,"Abnormality of white blood cells, not elsewhere classified"
R73,Elevated blood glucose level
R73.0,Abnormal glucose tolerance test
R73.9,"Hyperglycaemia, unspecified"
R74,Abnormal serum enzyme levels
R74.0,Elevation of levels of transaminase and lactic acid dehydrogenase [LDH]
R74.8,Abnormal levels of other serum enzymes
R74.9,Abnormal level of unspecified serum enzyme
R75,Laboratory evidence of human immunodeficiency virus [HIV]
R76,Other abnormal immunological findings in serum
R76.0,Raised antibody titre
R76.1,Abnormal reaction to tuberculin test
R76.2,False-positive serological test for syphilis
R76.8,Other specified abnormal immunological findings in serum
R76.9,"Abnormal immunological finding in serum, unspecified"
R77,Other abnormalities of plasma proteins
R77.0,Abnormality of albumin
R77.1,Abnormality of globulin
R77.2,Abnormality of alphafetoprotein
R77.8,Other specified abnormalities of plasma proteins
R77.9,"Abnormality of plasma protein, unspecified"
R78,"Findings of drugs and other substances, not normally found in blood"
R78.0,Finding of alcohol in blood
R78.1,Finding of opiate drug in blood
R78.2,Finding of cocaine in blood
R78.3,Finding of hallucinogen in blood
R78.4,Finding of other drugs of addictive potential in blood
R78.5,Finding of psychotropic drug in blood
R78.6,Finding of steroid agent in blood
R78.7,Finding of abnormal level of heavy metals in blood
R78.8,"Finding of other specified substances, not normally found in blood"
R78.9,"Finding of unspecified substance, not normally found in blood"
R79,Other abnormal findings of blood chemistry
R79.0,Abnormal level of blood mineral
R79.8,Other specified abnormal findings of blood chemistry
R79.9,"Abnormal finding of blood chemistry, unspecified"
R80,Isolated proteinuria
R81,Glycosuria
R82,Other abnormal findings in urine
R82.0,Chyluria
R82.1,Myoglobinuria
R82.2,Biliuria
R82.3,Haemoglobinuria
R82.4,Acetonuria
R82.5,"Elevated urine levels of drugs, medicaments and biological substances"
R82.6,Abnormal urine levels of substances chiefly nonmedicinal as to source
R82.7,Abnormal findings on microbiological examination of urine
R82.8,Abnormal findings on cytological and histological examination of urine
R82.9,Other and unspecified abnormal findings in urine
R83,Abnormal findings in cerebrospinal fluid
R83.0,Abnormal findings in cerebrospinal fluid: Abnormal level of enzymes
R83.1,Abnormal findings in cerebrospinal fluid: Abnormal level of hormones
R83.2,"Abnormal findings in cerebrospinal fluid: Abnormal level of other drugs, medicaments and biological substances"
R83.3,Abnormal findings in cerebrospinal fluid: Abnormal level of substances chiefly nonmedicinal as to source
R83.4,Abnormal findings in cerebrospinal fluid: Abnormal immunological findings
R83.5,Abnormal findings in cerebrospinal fluid: Abnormal microbiological findings
R83.6,Abnormal findings in cerebrospinal fluid: Abnormal cytological findings
R83.7,Abnormal findings in cerebrospinal fluid: Abnormal histological findings
R83.8,Abnormal findings in cerebrospinal fluid: Other abnormal findings
R83.9,Abnormal findings in cerebrospinal fluid: Unspecified abnormal finding
R84,Abnormal findings in specimens from respiratory organs and thorax
R84.0,Abnormal findings in specimens from respiratory organs and thorax: Abnormal level of enzymes
R84.1,Abnormal findings in specimens from respiratory organs and thorax: Abnormal level of hormones
R84.2,"Abnormal findings in specimens from respiratory organs and thorax: Abnormal level of other drugs, medicaments and biological substances"
R84.3,Abnormal findings in specimens from respiratory organs and thorax: Abnormal level of substances chiefly nonmedicinal as to source
R84.4,Abnormal findings in specimens from respiratory organs and thorax: Abnormal immunological findings
R84.5,Abnormal findings in specimens from respiratory organs and thorax: Abnormal microbiological findings
R84.6,Abnormal findings in specimens from respiratory organs and thorax: Abnormal cytological findings
R84.7,Abnormal findings in specimens from respiratory organs and thorax: Abnormal histological findings
R84.8,Abnormal findings in specimens from respiratory organs and thorax: Other abnormal findings
R84.9,Abnormal findings in specimens from respiratory organs and thorax: Unspecified abnormal finding
R85,Abnormal findings in specimens from digestive organs and abdominal cavity
R85.0,Abnormal findings in specimens from digestive organs and abdominal cavity: Abnormal level of enzymes
R85.1,Abnormal findings in specimens from digestive organs and abdominal cavity: Abnormal level of hormones
R85.2,"Abnormal findings in specimens from digestive organs and abdominal cavity: Abnormal level of other drugs, medicaments and biological substances"
R85.3,Abnormal findings in specimens from digestive organs and abdominal cavity: Abnormal level of substances chiefly nonmedicinal as to source
R85.4,Abnormal findings in specimens from digestive organs and abdominal cavity: Abnormal immunological findings
R85.5,Abnormal findings in specimens from digestive organs and abdominal cavity: Abnormal microbiological findings
R85.6,Abnormal findings in specimens from digestive organs and abdominal cavity: Abnormal cytological findings
R85.7,Abnormal findings in specimens from digestive organs and abdominal cavity: Abnormal histological findings
R85.8,Abnormal findings in specimens from digestive organs and abdominal cavity: Other abnormal findings
R85.9,Abnormal findings in specimens from digestive organs and abdominal cavity: Unspecified abnormal finding
R86,Abnormal findings in specimens from male genital organs
R86.0,Abnormal findings in specimens from male genital organs: Abnormal level of enzymes
R86.1,Abnormal findings in specimens from male genital organs: Abnormal level of hormones
R86.2,"Abnormal findings in specimens from male genital organs: Abnormal level of other drugs, medicaments and biological substances"
R86.3,Abnormal findings in specimens from male genital organs: Abnormal level of substances chiefly nonmedicinal as to source
R86.4,Abnormal findings in specimens from male genital organs: Abnormal immunological findings
R86.5,Abnormal findings in specimens from male genital organs: Abnormal microbiological findings
R86.6,Abnormal findings in specimens from male genital organs: Abnormal cytological findings
R86.7,Abnormal findings in specimens from male genital organs: Abnormal histological findings
R86.8,Abnormal findings in specimens from male genital organs: Other abnormal findings
R86.9,Abnormal findings in specimens from male genital organs: Unspecified abnormal finding
R87,Abnormal findings in specimens from female genital organs
R87.0,Abnormal findings in specimens from female genital organs: Abnormal level of enzymes
R87.1,Abnormal findings in specimens from female genital organs: Abnormal level of hormones
R87.2,"Abnormal findings in specimens from female genital organs: Abnormal level of other drugs, medicaments and biological substances"
R87.3,Abnormal findings in specimens from female genital organs: Abnormal level of substances chiefly nonmedicinal as to source
R87.4,Abnormal findings in specimens from female genital organs: Abnormal immunological findings
R87.5,Abnormal findings in specimens from female genital organs: Abnormal microbiological findings
R87.6,Abnormal findings in specimens from female genital organs: Abnormal cytological findings
R87.7,Abnormal findings in specimens from female genital organs: Abnormal histological findings
R87.8,Abnormal findings in specimens from female genital organs: Other abnormal findings
R87.9,Abnormal findings in specimens from female genital organs: Unspecified abnormal finding
R89,"Abnormal findings in specimens from other organs, systems and tissues"
R89.0,"Abnormal findings in specimens from other organs, systems and tissues: Abnormal level of enzymes"
R89.1,"Abnormal findings in specimens from other organs, systems and tissues: Abnormal level of hormones"
R89.2,"Abnormal findings in specimens from other organs, systems and tissues: Abnormal level of other drugs, medicaments and biological substances"
R89.3,"Abnormal findings in specimens from other organs, systems and tissues: Abnormal level of substances chiefly nonmedicinal as to source"
R89.4,"Abnormal findings in specimens from other organs, systems and tissues: Abnormal immunological findings"
R89.5,"Abnormal findings in specimens from other organs, systems and tissues: Abnormal microbiological findings"
R89.6,"Abnormal findings in specimens from other organs, systems and tissues: Abnormal cytological findings"
R89.7,"Abnormal findings in specimens from other organs, systems and tissues: Abnormal histological findings"
R89.8,"Abnormal findings in specimens from other organs, systems and tissues: Other abnormal findings"
R89.9,"Abnormal findings in specimens from other organs, systems and tissues: Unspecified abnormal finding"
R90,Abnormal findings on diagnostic imaging of central nervous system
R90.0,Intracranial space-occupying lesion
R90.8,Other abnormal findings on diagnostic imaging of central nervous system
R91,Abnormal findings on diagnostic imaging of lung
R92,Abnormal findings on diagnostic imaging of breast
R93,Abnormal findings on diagnostic imaging of other body structures
R93.0,"Abnormal findings on diagnostic imaging of skull and head, not elsewhere classified"
R93.1,Abnormal findings on diagnostic imaging of heart and coronary circulation
R93.2,Abnormal findings on diagnostic imaging of liver and biliary tract
R93.3,Abnormal findings on diagnostic imaging of other parts of digestive tract
R93.4,Abnormal findings on diagnostic imaging of urinary organs
R93.5,"Abnormal findings on diagnostic imaging of other abdominal regions, including retroperitoneum"
R93.6,Abnormal findings on diagnostic imaging of limbs
R93.7,Abnormal findings on diagnostic imaging of other parts of musculoskeletal system
R93.8,Abnormal findings on diagnostic imaging of other specified body structures
R94,Abnormal results of function studies
R94.0,Abnormal results of function studies of central nervous system
R94.1,Abnormal results of function studies of peripheral nervous system and special senses
R94.2,Abnormal results of pulmonary function studies
R94.3,Abnormal results of cardiovascular function studies
R94.4,Abnormal results of kidney function studies
R94.5,Abnormal results of liver function studies
R94.6,Abnormal results of thyroid function studies
R94.7,Abnormal results of other endocrine function studies
R94.8,Abnormal results of function studies of other organs and systems
R95,Sudden infant death syndrome
R95.0,Sudden infant death syndrome with mention of autopsy
R95.9,Sudden infant death syndrome without mention of autopsy
R96,"Other sudden death, cause unknown"
R96.0,Instantaneous death
R96.1,"Death occurring less than 24 hours from onset of symptoms, not otherwise explained"
R98,Unattended death
R99,Other ill-defined and unspecified causes of mortality
S00,Superficial injury of head
S00.0,Superficial injury of scalp
S00.1,Contusion of eyelid and periocular area
S00.2,Other superficial injuries of eyelid and periocular area
S00.3,Superficial injury of nose
S00.4,Superficial injury of ear
S00.5,Superficial injury of lip and oral cavity
S00.7,Multiple superficial injuries of head
S00.8,Superficial injury of other parts of head
S00.9,"Superficial injury of head, part unspecified"
S01,Open wound of head
S01.0,Open wound of scalp
S01.1,Open wound of eyelid and periocular area
S01.2,Open wound of nose
S01.3,Open wound of ear
S01.4,Open wound of cheek and temporomandibular area
S01.5,Open wound of lip and oral cavity
S01.7,Multiple open wounds of head
S01.8,Open wound of other parts of head
S01.9,"Open wound of head, part unspecified"
S02,Fracture of skull and facial bones
S02.0,Fracture of vault of skull
S02.1,Fracture of base of skull
S02.2,Fracture of nasal bones
S02.3,Fracture of orbital floor
S02.4,Fracture of malar and maxillary bones
S02.5,Fracture of tooth
S02.6,Fracture of mandible
S02.7,Multiple fractures involving skull and facial bones
S02.8,Fractures of other skull and facial bones
S02.9,"Fracture of skull and facial bones, part unspecified"
S03,"Dislocation, sprain and strain of joints and ligaments of head"
S03.0,Dislocation of jaw
S03.1,Dislocation of septal cartilage of nose
S03.2,Dislocation of tooth
S03.3,Dislocation of other and unspecified parts of head
S03.4,Sprain and strain of jaw
S03.5,Sprain and strain of joints and ligaments of other and unspecified parts of head
S04,Injury of cranial nerves
S04.0,Injury of optic nerve and pathways
S04.1,Injury of oculomotor nerve
S04.2,Injury of trochlear nerve
S04.3,Injury of trigeminal nerve
S04.4,Injury of abducent nerve
S04.5,Injury of facial nerve
S04.6,Injury of acoustic nerve
S04.7,Injury of accessory nerve
S04.8,Injury of other cranial nerves
S04.9,Injury of unspecified cranial nerve
S05,Injury of eye and orbit
S05.0,Injury of conjunctiva and corneal abrasion without mention of foreign body
S05.1,Contusion of eyeball and orbital tissues
S05.2,Ocular laceration and rupture with prolapse or loss of intraocular tissue
S05.3,Ocular laceration without prolapse or loss of intraocular tissue
S05.4,Penetrating wound of orbit with or without foreign body
S05.5,Penetrating wound of eyeball with foreign body
S05.6,Penetrating wound of eyeball without foreign body
S05.7,Avulsion of eye
S05.8,Other injuries of eye and orbit
S05.9,"Injury of eye and orbit, unspecified"
S06,Intracranial injury
S06.0,Concussion
S06.1,Traumatic cerebral oedema
S06.2,Diffuse brain injury
S06.3,Focal brain injury
S06.4,Epidural haemorrhage
S06.5,Traumatic subdural haemorrhage
S06.6,Traumatic subarachnoid haemorrhage
S06.7,Intracranial injury with prolonged coma
S06.8,Other intracranial injuries
S06.9,"Intracranial injury, unspecified"
S07,Crushing injury of head
S07.0,Crushing injury of face
S07.1,Crushing injury of skull
S07.8,Crushing injury of other parts of head
S07.9,"Crushing injury of head, part unspecified"
S08,Traumatic amputation of part of head
S08.0,Avulsion of scalp
S08.1,Traumatic amputation of ear
S08.8,Traumatic amputation of other parts of head
S08.9,Traumatic amputation of unspecified part of head
S09,Other and unspecified injuries of head
S09.0,"Injury of blood vessels of head, not elsewhere classified"
S09.1,Injury of muscle and tendon of head
S09.2,Traumatic rupture of ear drum
S09.7,Multiple injuries of head
S09.8,Other specified injuries of head
S09.9,Unspecified injury of head
S10,Superficial injury of neck
S10.0,Contusion of throat
S10.1,Other and unspecified superficial injuries of throat
S10.7,Multiple superficial injuries of neck
S10.8,Superficial injury of other parts of neck
S10.9,"Superficial injury of neck, part unspecified"
S11,Open wound of neck
S11.0,Open wound involving larynx and trachea
S11.1,Open wound involving thyroid gland
S11.2,Open wound involving pharynx and cervical oesophagus
S11.7,Multiple open wounds of neck
S11.8,Open wound of other parts of neck
S11.9,"Open wound of neck, part unspecified"
S12,Fracture of neck
S12.0,Fracture of first cervical vertebra
S12.1,Fracture of second cervical vertebra
S12.2,Fracture of other specified cervical vertebra
S12.7,Multiple fractures of cervical spine
S12.8,Fracture of other parts of neck
S12.9,"Fracture of neck, part unspecified"
S13,"Dislocation, sprain and strain of joints and ligaments at neck level"
S13.0,Traumatic rupture of cervical intervertebral disc
S13.1,Dislocation of cervical vertebra
S13.2,Dislocation of other and unspecified parts of neck
S13.3,Multiple dislocations of neck
S13.4,Sprain and strain of cervical spine
S13.5,Sprain and strain of thyroid region
S13.6,Sprain and strain of joints and ligaments of other and unspecified parts of neck
S14,Injury of nerves and spinal cord at neck level
S14.0,Concussion and oedema of cervical spinal cord
S14.1,Other and unspecified injuries of cervical spinal cord
S14.2,Injury of nerve root of cervical spine
S14.3,Injury of brachial plexus
S14.4,Injury of peripheral nerves of neck
S14.5,Injury of cervical sympathetic nerves
S14.6,Injury of other and unspecified nerves of neck
S15,Injury of blood vessels at neck level
S15.0,Injury of carotid artery
S15.1,Injury of vertebral artery
S15.2,Injury of external jugular vein
S15.3,Injury of internal jugular vein
S15.7,Injury of multiple blood vessels at neck level
S15.8,Injury of other blood vessels at neck level
S15.9,Injury of unspecified blood vessel at neck level
S16,Injury of muscle and tendon at neck level
S17,Crushing injury of neck
S17.0,Crushing injury of larynx and trachea
S17.8,Crushing injury of other parts of neck
S17.9,"Crushing injury of neck, part unspecified"
S18,Traumatic amputation at neck level
S19,Other and unspecified injuries of neck
S19.7,Multiple injuries of neck
S19.8,Other specified injuries of neck
S19.9,Unspecified injury of neck
S20,Superficial injury of thorax
S20.0,Contusion of breast
S20.1,Other and unspecified superficial injuries of breast
S20.2,Contusion of thorax
S20.3,Other superficial injuries of front wall of thorax
S20.4,Other superficial injuries of back wall of thorax
S20.7,Multiple superficial injuries of thorax
S20.8,Superficial injury of other and unspecified parts of thorax
S21,Open wound of thorax
S21.0,Open wound of breast
S21.1,Open wound of front wall of thorax
S21.2,Open wound of back wall of thorax
S21.7,Multiple open wounds of thoracic wall
S21.8,Open wound of other parts of thorax
S21.9,"Open wound of thorax, part unspecified"
S22,"Fracture of rib(s), sternum and thoracic spine"
S22.0,Fracture of thoracic vertebra
S22.1,Multiple fractures of thoracic spine
S22.2,Fracture of sternum
S22.3,Fracture of rib
S22.4,Multiple fractures of ribs
S22.5,Flail chest
S22.8,Fracture of other parts of bony thorax
S22.9,"Fracture of bony thorax, part unspecified"
S23,"Dislocation, sprain and strain of joints and ligaments of thorax"
S23.0,Traumatic rupture of thoracic intervertebral disc
S23.1,Dislocation of thoracic vertebra
S23.2,Dislocation of other and unspecified parts of thorax
S23.3,Sprain and strain of thoracic spine
S23.4,Sprain and strain of ribs and sternum
S23.5,Sprain and strain of other and unspecified parts of thorax
S24,Injury of nerves and spinal cord at thorax level
S24.0,Concussion and oedema of thoracic spinal cord
S24.1,Other and unspecified injuries of thoracic spinal cord
S24.2,Injury of nerve root of thoracic spine
S24.3,Injury of peripheral nerves of thorax
S24.4,Injury of thoracic sympathetic nerves
S24.5,Injury of other nerves of thorax
S24.6,Injury of unspecified nerve of thorax
S25,Injury of blood vessels of thorax
S25.0,Injury of thoracic aorta
S25.1,Injury of innominate or subclavian artery
S25.2,Injury of superior vena cava
S25.3,Injury of innominate or subclavian vein
S25.4,Injury of pulmonary blood vessels
S25.5,Injury of intercostal blood vessels
S25.7,Injury of multiple blood vessels of thorax
S25.8,Injury of other blood vessels of thorax
S25.9,Injury of unspecified blood vessel of thorax
S26,Injury of heart
S26.0,Injury of heart with haemopericardium
S26.8,Other injuries of heart
S26.9,"Injury of heart, unspecified"
S27,Injury of other and unspecified intrathoracic organs
S27.0,Traumatic pneumothorax
S27.1,Traumatic haemothorax
S27.2,Traumatic haemopneumothorax
S27.3,Other injuries of lung
S27.4,Injury of bronchus
S27.5,Injury of thoracic trachea
S27.6,Injury of pleura
S27.7,Multiple injuries of intrathoracic organs
S27.8,Injury of other specified intrathoracic organs
S27.9,Injury of unspecified intrathoracic organ
S28,Crushing injury of thorax and traumatic amputation of part of thorax
S28.0,Crushed chest
S28.1,Traumatic amputation of part of thorax
S29,Other and unspecified injuries of thorax
S29.0,Injury of muscle and tendon at thorax level
S29.7,Multiple injuries of thorax
S29.8,Other specified injuries of thorax
S29.9,Unspecified injury of thorax
S30,"Superficial injury of abdomen, lower back and pelvis"
S30.0,Contusion of lower back and pelvis
S30.1,Contusion of abdominal wall
S30.2,Contusion of external genital organs
S30.7,"Multiple superficial injuries of abdomen, lower back and pelvis"
S30.8,"Other superficial injuries of abdomen, lower back and pelvis"
S30.9,"Superficial injury of abdomen, lower back and pelvis, part unspecified"
S31,"Open wound of abdomen, lower back and pelvis"
S31.0,Open wound of lower back and pelvis
S31.1,Open wound of abdominal wall
S31.2,Open wound of penis
S31.3,Open wound of scrotum and testes
S31.4,Open wound of vagina and vulva
S31.5,Open wound of other and unspecified external genital organs
S31.7,"Multiple open wounds of abdomen, lower back and pelvis"
S31.8,Open wound of other and unspecified parts of abdomen
S32,Fracture of lumbar spine and pelvis
S32.0,Fracture of lumbar vertebra
S32.1,Fracture of sacrum
S32.2,Fracture of coccyx
S32.3,Fracture of ilium
S32.4,Fracture of acetabulum
S32.5,Fracture of pubis
S32.7,Multiple fractures of lumbar spine and pelvis
S32.8,Fracture of other and unspecified parts of lumbar spine and pelvis
S33,"Dislocation, sprain and strain of joints and ligaments of lumbar spine and pelvis"
S33.0,Traumatic rupture of lumbar intervertebral disc
S33.1,Dislocation of lumbar vertebra
S33.2,Dislocation of sacroiliac and sacrococcygeal joint
S33.3,Dislocation of other and unspecified parts of lumbar spine and pelvis
S33.4,Traumatic rupture of symphysis pubis
S33.5,Sprain and strain of lumbar spine
S33.6,Sprain and strain of sacroiliac joint
S33.7,Sprain and strain of other and unspecified parts of lumbar spine and pelvis
S34,"Injury of nerves and lumbar spinal cord at abdomen, lower back and pelvis level"
S34.0,Concussion and oedema of lumbar spinal cord
S34.1,Other injury of lumbar spinal cord
S34.2,Injury of nerve root of lumbar and sacral spine
S34.3,Injury of cauda equina
S34.4,Injury of lumbosacral plexus
S34.5,"Injury of lumbar, sacral and pelvic sympathetic nerves"
S34.6,"Injury of peripheral nerve(s) of abdomen, lower back and pelvis"
S34.8,"Injury of other and unspecified nerves at abdomen, lower back and pelvis level"
S35,"Injury of blood vessels at abdomen, lower back and pelvis level"
S35.0,Injury of abdominal aorta
S35.1,Injury of inferior vena cava
S35.2,Injury of coeliac or mesenteric artery
S35.3,Injury of portal or splenic vein
S35.4,Injury of renal blood vessels
S35.5,Injury of iliac blood vessels
S35.7,"Injury of multiple blood vessels at abdomen, lower back and pelvis level"
S35.8,"Injury of other blood vessels at abdomen, lower back and pelvis level"
S35.9,"Injury of unspecified blood vessel at abdomen, lower back and pelvis level"
S36,Injury of intra-abdominal organs
S36.0,Injury of spleen
S36.1,Injury of liver or gallbladder
S36.2,Injury of pancreas
S36.3,Injury of stomach
S36.4,Injury of small intestine
S36.5,Injury of colon
S36.6,Injury of rectum
S36.7,Injury of multiple intra-abdominal organs
S36.8,Injury of other intra-abdominal organs
S36.9,Injury of unspecified intra-abdominal organ
S37,Injury of urinary and pelvic organs
S37.0,Injury of kidney
S37.1,Injury of ureter
S37.2,Injury of bladder
S37.3,Injury of urethra
S37.4,Injury of ovary
S37.5,Injury of fallopian tube
S37.6,Injury of uterus
S37.7,Injury of multiple pelvic organs
S37.8,Injury of other pelvic organs
S37.9,Injury of unspecified pelvic organ
S38,"Crushing injury and traumatic amputation of part of abdomen, lower back and pelvis"
S38.0,Crushing injury of external genital organs
S38.1,"Crushing injury of other and unspecified parts of abdomen, lower back and pelvis"
S38.2,Traumatic amputation of external genital organs
S38.3,"Traumatic amputation of other and unspecified parts of abdomen, lower back and pelvis"
S39,"Other and unspecified injuries of abdomen, lower back and pelvis"
S39.0,"Injury of muscle and tendon of abdomen, lower back and pelvis"
S39.6,Injury of intra-abdominal organ(s) with pelvic organ(s)
S39.7,"Other multiple injuries of abdomen, lower back and pelvis"
S39.8,"Other specified injuries of abdomen, lower back and pelvis"
S39.9,"Unspecified injury of abdomen, lower back and pelvis"
S40,Superficial injury of shoulder and upper arm
S40.0,Contusion of shoulder and upper arm
S40.7,Multiple superficial injuries of shoulder and upper arm
S40.8,Other superficial injuries of shoulder and upper arm
S40.9,"Superficial injury of shoulder and upper arm, unspecified"
S41,Open wound of shoulder and upper arm
S41.0,Open wound of shoulder
S41.1,Open wound of upper arm
S41.7,Multiple open wounds of shoulder and upper arm
S41.8,Open wound of other and unspecified parts of shoulder girdle
S42,Fracture of shoulder and upper arm
S42.0,Fracture of clavicle
S42.1,Fracture of scapula
S42.2,Fracture of upper end of humerus
S42.3,Fracture of shaft of humerus
S42.4,Fracture of lower end of humerus
S42.7,"Multiple fractures of clavicle, scapula and humerus"
S42.8,Fracture of other parts of shoulder and upper arm
S42.9,"Fracture of shoulder girdle, part unspecified"
S43,"Dislocation, sprain and strain of joints and ligaments of shoulder girdle"
S43.0,Dislocation of shoulder joint
S43.1,Dislocation of acromioclavicular joint
S43.2,Dislocation of sternoclavicular joint
S43.3,Dislocation of other and unspecified parts of shoulder girdle
S43.4,Sprain and strain of shoulder joint
S43.5,Sprain and strain of acromioclavicular joint
S43.6,Sprain and strain of sternoclavicular joint
S43.7,Sprain and strain of other and unspecified parts of shoulder girdle
S44,Injury of nerves at shoulder and upper arm level
S44.0,Injury of ulnar nerve at upper arm level
S44.1,Injury of median nerve at upper arm level
S44.2,Injury of radial nerve at upper arm level
S44.3,Injury of axillary nerve
S44.4,Injury of musculocutaneous nerve
S44.5,Injury of cutaneous sensory nerve at shoulder and upper arm level
S44.7,Injury of multiple nerves at shoulder and upper arm level
S44.8,Injury of other nerves at shoulder and upper arm level
S44.9,Injury of unspecified nerve at shoulder and upper arm level
S45,Injury of blood vessels at shoulder and upper arm level
S45.0,Injury of axillary artery
S45.1,Injury of brachial artery
S45.2,Injury of axillary or brachial vein
S45.3,Injury of superficial vein at shoulder and upper arm level
S45.7,Injury of multiple blood vessels at shoulder and upper arm level
S45.8,Injury of other blood vessels at shoulder and upper arm level
S45.9,Injury of unspecified blood vessel at shoulder and upper arm level
S46,Injury of muscle and tendon at shoulder and upper arm level
S46.0,Injury of muscle(s) and tendon(s) of the rotator cuff of shoulder
S46.1,Injury of muscle and tendon of long head of biceps
S46.2,Injury of muscle and tendon of other parts of biceps
S46.3,Injury of muscle and tendon of triceps
S46.7,Injury of multiple muscles and tendons at shoulder and upper arm level
S46.8,Injury of other muscles and tendons at shoulder and upper arm level
S46.9,Injury of unspecified muscle and tendon at shoulder and upper arm level
S47,Crushing injury of shoulder and upper arm
S48,Traumatic amputation of shoulder and upper arm
S48.0,Traumatic amputation at shoulder joint
S48.1,Traumatic amputation at level between shoulder and elbow
S48.9,"Traumatic amputation of shoulder and upper arm, level unspecified"
S49,Other and unspecified injuries of shoulder and upper arm
S49.7,Multiple injuries of shoulder and upper arm
S49.8,Other specified injuries of shoulder and upper arm
S49.9,Unspecified injury of shoulder and upper arm
S50,Superficial injury of forearm
S50.0,Contusion of elbow
S50.1,Contusion of other and unspecified parts of forearm
S50.7,Multiple superficial injuries of forearm
S50.8,Other superficial injuries of forearm
S50.9,"Superficial injury of forearm, unspecified"
S51,Open wound of forearm
S51.0,Open wound of elbow
S51.7,Multiple open wounds of forearm
S51.8,Open wound of other parts of forearm
S51.9,"Open wound of forearm, part unspecified"
S52,Fracture of forearm
S52.0,Fracture of upper end of ulna
S52.1,Fracture of upper end of radius
S52.2,Fracture of shaft of ulna
S52.3,Fracture of shaft of radius
S52.4,Fracture of shafts of both ulna and radius
S52.5,Fracture of lower end of radius
S52.6,Fracture of lower end of both ulna and radius
S52.7,Multiple fractures of forearm
S52.8,Fracture of other parts of forearm
S52.9,"Fracture of forearm, part unspecified"
S53,"Dislocation, sprain and strain of joints and ligaments of elbow"
S53.0,Dislocation of radial head
S53.1,"Dislocation of elbow, unspecified"
S53.2,Traumatic rupture of radial collateral ligament
S53.3,Traumatic rupture of ulnar collateral ligament
S53.4,Sprain and strain of elbow
S54,Injury of nerves at forearm level
S54.0,Injury of ulnar nerve at forearm level
S54.1,Injury of median nerve at forearm level
S54.2,Injury of radial nerve at forearm level
S54.3,Injury of cutaneous sensory nerve at forearm level
S54.7,Injury of multiple nerves at forearm level
S54.8,Injury of other nerves at forearm level
S54.9,Injury of unspecified nerve at forearm level
S55,Injury of blood vessels at forearm level
S55.0,Injury of ulnar artery at forearm level
S55.1,Injury of radial artery at forearm level
S55.2,Injury of vein at forearm level
S55.7,Injury of multiple blood vessels at forearm level
S55.8,Injury of other blood vessels at forearm level
S55.9,Injury of unspecified blood vessel at forearm level
S56,Injury of muscle and tendon at forearm level
S56.0,Injury of flexor muscle and tendon of thumb at forearm level
S56.1,Injury of long flexor muscle and tendon of other finger(s) at forearm level
S56.2,Injury of other flexor muscle and tendon at forearm level
S56.3,Injury of extensor or abductor muscles and tendons of thumb at forearm level
S56.4,Injury of extensor muscle and tendon of other finger(s) at forearm level
S56.5,Injury of other extensor muscle and tendon at forearm level
S56.7,Injury of multiple muscles and tendons at forearm level
S56.8,Injury of other and unspecified muscles and tendons at forearm level
S57,Crushing injury of forearm
S57.0,Crushing injury of elbow
S57.8,Crushing injury of other parts of forearm
S57.9,"Crushing injury of forearm, part unspecified"
S58,Traumatic amputation of forearm
S58.0,Traumatic amputation at elbow level
S58.1,Traumatic amputation at level between elbow and wrist
S58.9,"Traumatic amputation of forearm, level unspecified"
S59,Other and unspecified injuries of forearm
S59.7,Multiple injuries of forearm
S59.8,Other specified injuries of forearm
S59.9,Unspecified injury of forearm
S60,Superficial injury of wrist and hand
S60.0,Contusion of finger(s) without damage to nail
S60.1,Contusion of finger(s) with damage to nail
S60.2,Contusion of other parts of wrist and hand
S60.7,Multiple superficial injuries of wrist and hand
S60.8,Other superficial injuries of wrist and hand
S60.9,"Superficial injury of wrist and hand, unspecified"
S61,Open wound of wrist and hand
S61.0,Open wound of finger(s) without damage to nail
S61.1,Open wound of finger(s) with damage to nail
S61.7,Multiple open wounds of wrist and hand
S61.8,Open wound of other parts of wrist and hand
S61.9,"Open wound of wrist and hand, part unspecified"
S62,Fracture at wrist and hand level
S62.0,Fracture of navicular [scaphoid] bone of hand
S62.1,Fracture of other carpal bone(s)
S62.2,Fracture of first metacarpal bone
S62.3,Fracture of other metacarpal bone
S62.4,Multiple fractures of metacarpal bones
S62.5,Fracture of thumb
S62.6,Fracture of other finger
S62.7,Multiple fractures of fingers
S62.8,Fracture of other and unspecified parts of wrist and hand
S63,"Dislocation, sprain and strain of joints and ligaments at wrist and hand level"
S63.0,Dislocation of wrist
S63.1,Dislocation of finger
S63.2,Multiple dislocations of fingers
S63.3,Traumatic rupture of ligament of wrist and carpus
S63.4,Traumatic rupture of ligament of finger at metacarpophalangeal and interphalangeal joint(s)
S63.5,Sprain and strain of wrist
S63.6,Sprain and strain of finger(s)
S63.7,Sprain and strain of other and unspecified parts of hand
S64,Injury of nerves at wrist and hand level
S64.0,Injury of ulnar nerve at wrist and hand level
S64.1,Injury of median nerve at wrist and hand level
S64.2,Injury of radial nerve at wrist and hand level
S64.3,Injury of digital nerve of thumb
S64.4,Injury of digital nerve of other finger
S64.7,Injury of multiple nerves at wrist and hand level
S64.8,Injury of other nerves at wrist and hand level
S64.9,Injury of unspecified nerve at wrist and hand level
S65,Injury of blood vessels at wrist and hand level
S65.0,Injury of ulnar artery at wrist and hand level
S65.1,Injury of radial artery at wrist and hand level
S65.2,Injury of superficial palmar arch
S65.3,Injury of deep palmar arch
S65.4,Injury of blood vessel(s) of thumb
S65.5,Injury of blood vessel(s) of other finger
S65.7,Injury of multiple blood vessels at wrist and hand level
S65.8,Injury of other blood vessels at wrist and hand level
S65.9,Injury of unspecified blood vessel at wrist and hand level
S66,Injury of muscle and tendon at wrist and hand level
S66.0,Injury of long flexor muscle and tendon of thumb at wrist and hand level
S66.1,Injury of flexor muscle and tendon of other finger at wrist and hand level
S66.2,Injury of extensor muscle and tendon of thumb at wrist and hand level
S66.3,Injury of extensor muscle and tendon of other finger at wrist and hand level
S66.4,Injury of intrinsic muscle and tendon of thumb at wrist and hand level
S66.5,Injury of intrinsic muscle and tendon of other finger at wrist and hand level
S66.6,Injury of multiple flexor muscles and tendons at wrist and hand level
S66.7,Injury of multiple extensor muscles and tendons at wrist and hand level
S66.8,Injury of other muscles and tendons at wrist and hand level
S66.9,Injury of unspecified muscle and tendon at wrist and hand level
S67,Crushing injury of wrist and hand
S67.0,Crushing injury of thumb and other finger(s)
S67.8,Crushing injury of other and unspecified parts of wrist and hand
S68,Traumatic amputation of wrist and hand
S68.0,Traumatic amputation of thumb (complete)(partial)
S68.1,Traumatic amputation of other single finger (complete)(partial)
S68.2,Traumatic amputation of two or more fingers alone (complete)(partial)
S68.3,Combined traumatic amputation of (part of) finger(s) with other parts of wrist and hand
S68.4,Traumatic amputation of hand at wrist level
S68.8,Traumatic amputation of other parts of wrist and hand
S68.9,"Traumatic amputation of wrist and hand, level unspecified"
S69,Other and unspecified injuries of wrist and hand
S69.7,Multiple injuries of wrist and hand
S69.8,Other specified injuries of wrist and hand
S69.9,Unspecified injury of wrist and hand
S70,Superficial injury of hip and thigh
S70.0,Contusion of hip
S70.1,Contusion of thigh
S70.7,Multiple superficial injuries of hip and thigh
S70.8,Other superficial injuries of hip and thigh
S70.9,"Superficial injury of hip and thigh, unspecified"
S71,Open wound of hip and thigh
S71.0,Open wound of hip
S71.1,Open wound of thigh
S71.7,Multiple open wounds of hip and thigh
S71.8,Open wound of other and unspecified parts of pelvic girdle
S72,Fracture of femur
S72.0,Fracture of neck of femur
S72.1,Pertrochanteric fracture
S72.2,Subtrochanteric fracture
S72.3,Fracture of shaft of femur
S72.4,Fracture of lower end of femur
S72.7,Multiple fractures of femur
S72.8,Fractures of other parts of femur
S72.9,"Fracture of femur, part unspecified"
S73,"Dislocation, sprain and strain of joint and ligaments of hip"
S73.0,Dislocation of hip
S73.1,Sprain and strain of hip
S74,Injury of nerves at hip and thigh level
S74.0,Injury of sciatic nerve at hip and thigh level
S74.1,Injury of femoral nerve at hip and thigh level
S74.2,Injury of cutaneous sensory nerve at hip and thigh level
S74.7,Injury of multiple nerves at hip and thigh level
S74.8,Injury of other nerves at hip and thigh level
S74.9,Injury of unspecified nerve at hip and thigh level
S75,Injury of blood vessels at hip and thigh level
S75.0,Injury of femoral artery
S75.1,Injury of femoral vein at hip and thigh level
S75.2,Injury of greater saphenous vein at hip and thigh level
S75.7,Injury of multiple blood vessels at hip and thigh level
S75.8,Injury of other blood vessels at hip and thigh level
S75.9,Injury of unspecified blood vessel at hip and thigh level
S76,Injury of muscle and tendon at hip and thigh level
S76.0,Injury of muscle and tendon of hip
S76.1,Injury of quadriceps muscle and tendon
S76.2,Injury of adductor muscle and tendon of thigh
S76.3,Injury of muscle and tendon of the posterior muscle group at thigh level
S76.4,Injury of other and unspecified muscles and tendons at thigh level
S76.7,Injury of multiple muscles and tendons at hip and thigh level
S77,Crushing injury of hip and thigh
S77.0,Crushing injury of hip
S77.1,Crushing injury of thigh
S77.2,Crushing injury of hip with thigh
S78,Traumatic amputation of hip and thigh
S78.0,Traumatic amputation at hip joint
S78.1,Traumatic amputation at level between hip and knee
S78.9,"Traumatic amputation of hip and thigh, level unspecified"
S79,Other and unspecified injuries of hip and thigh
S79.7,Multiple injuries of hip and thigh
S79.8,Other specified injuries of hip and thigh
S79.9,Unspecified injury of hip and thigh
S80,Superficial injury of lower leg
S80.0,Contusion of knee
S80.1,Contusion of other and unspecified parts of lower leg
S80.7,Multiple superficial injuries of lower leg
S80.8,Other superficial injuries of lower leg
S80.9,"Superficial injury of lower leg, unspecified"
S81,Open wound of lower leg
S81.0,Open wound of knee
S81.7,Multiple open wounds of lower leg
S81.8,Open wound of other parts of lower leg
S81.9,"Open wound of lower leg, part unspecified"
S82,"Fracture of lower leg, including ankle"
S82.0,Fracture of patella
S82.1,Fracture of upper end of tibia
S82.2,Fracture of shaft of tibia
S82.3,Fracture of lower end of tibia
S82.4,Fracture of fibula alone
S82.5,Fracture of medial malleolus
S82.6,Fracture of lateral malleolus
S82.7,Multiple fractures of lower leg
S82.8,Fractures of other parts of lower leg
S82.9,"Fracture of lower leg, part unspecified"
S83,"Dislocation, sprain and strain of joints and ligaments of knee"
S83.0,Dislocation of patella
S83.1,Dislocation of knee
S83.2,"Tear of meniscus, current"
S83.3,"Tear of articular cartilage of knee, current"
S83.4,Sprain and strain involving (fibular)(tibial) collateral ligament of knee
S83.5,Sprain and strain involving (anterior)(posterior) cruciate ligament of knee
S83.6,Sprain and strain of other and unspecified parts of knee
S83.7,Injury to multiple structures of knee
S84,Injury of nerves at lower leg level
S84.0,Injury of tibial nerve at lower leg level
S84.1,Injury of peroneal nerve at lower leg level
S84.2,Injury of cutaneous sensory nerve at lower leg level
S84.7,Injury of multiple nerves at lower leg level
S84.8,Injury of other nerves at lower leg level
S84.9,Injury of unspecified nerve at lower leg level
S85,Injury of blood vessels at lower leg level
S85.0,Injury of popliteal artery
S85.1,Injury of (anterior)(posterior) tibial artery
S85.2,Injury of peroneal artery
S85.3,Injury of greater saphenous vein at lower leg level
S85.4,Injury of lesser saphenous vein at lower leg level
S85.5,Injury of popliteal vein
S85.7,Injury of multiple blood vessels at lower leg level
S85.8,Injury of other blood vessels at lower leg level
S85.9,Injury of unspecified blood vessel at lower leg level
S86,Injury of muscle and tendon at lower leg level
S86.0,Injury of Achilles tendon
S86.1,Injury of other muscle(s) and tendon(s) of posterior muscle group at lower leg level
S86.2,Injury of muscle(s) and tendon(s) of anterior muscle group at lower leg level
S86.3,Injury of muscle(s) and tendon(s) of peroneal muscle group at lower leg level
S86.7,Injury of multiple muscles and tendons at lower leg level
S86.8,Injury of other muscles and tendons at lower leg level
S86.9,Injury of unspecified muscle and tendon at lower leg level
S87,Crushing injury of lower leg
S87.0,Crushing injury of knee
S87.8,Crushing injury of other and unspecified parts of lower leg
S88,Traumatic amputation of lower leg
S88.0,Traumatic amputation at knee level
S88.1,Traumatic amputation at level between knee and ankle
S88.9,"Traumatic amputation of lower leg, level unspecified"
S89,Other and unspecified injuries of lower leg
S89.7,Multiple injuries of lower leg
S89.8,Other specified injuries of lower leg
S89.9,Unspecified injury of lower leg
S90,Superficial injury of ankle and foot
S90.0,Contusion of ankle
S90.1,Contusion of toe(s) without damage to nail
S90.2,Contusion of toe(s) with damage to nail
S90.3,Contusion of other and unspecified parts of foot
S90.7,Multiple superficial injuries of ankle and foot
S90.8,Other superficial injuries of ankle and foot
S90.9,"Superficial injury of ankle and foot, unspecified"
S91,Open wound of ankle and foot
S91.0,Open wound of ankle
S91.1,Open wound of toe(s) without damage to nail
S91.2,Open wound of toe(s) with damage to nail
S91.3,Open wound of other parts of foot
S91.7,Multiple open wounds of ankle and foot
S92,"Fracture of foot, except ankle"
S92.0,Fracture of calcaneus
S92.1,Fracture of talus
S92.2,Fracture of other tarsal bone(s)
S92.3,Fracture of metatarsal bone
S92.4,Fracture of great toe
S92.5,Fracture of other toe
S92.7,Multiple fractures of foot
S92.9,"Fracture of foot, unspecified"
S93,"Dislocation, sprain and strain of joints and ligaments at ankle and foot level"
S93.0,Dislocation of ankle joint
S93.1,Dislocation of toe(s)
S93.2,Rupture of ligaments at ankle and foot level
S93.3,Dislocation of other and unspecified parts of foot
S93.4,Sprain and strain of ankle
S93.5,Sprain and strain of toe(s)
S93.6,Sprain and strain of other and unspecified parts of foot
S94,Injury of nerves at ankle and foot level
S94.0,Injury of lateral plantar nerve
S94.1,Injury of medial plantar nerve
S94.2,Injury of deep peroneal nerve at ankle and foot level
S94.3,Injury of cutaneous sensory nerve at ankle and foot level
S94.7,Injury of multiple nerves at ankle and foot level
S94.8,Injury of other nerves at ankle and foot level
S94.9,Injury of unspecified nerve at ankle and foot level
S95,Injury of blood vessels at ankle and foot level
S95.0,Injury of dorsal artery of foot
S95.1,Injury of plantar artery of foot
S95.2,Injury of dorsal vein of foot
S95.7,Injury of multiple blood vessels at ankle and foot level
S95.8,Injury of other blood vessels at ankle and foot level
S95.9,Injury of unspecified blood vessel at ankle and foot level
S96,Injury of muscle and tendon at ankle and foot level
S96.0,Injury of muscle and tendon of long flexor muscle of toe at ankle and foot level
S96.1,Injury of muscle and tendon of long extensor muscle of toe at ankle and foot level
S96.2,Injury of intrinsic muscle and tendon at ankle and foot level
S96.7,Injury of multiple muscles and tendons at ankle and foot level
S96.8,Injury of other muscles and tendons at ankle and foot level
S96.9,Injury of unspecified muscle and tendon at ankle and foot level
S97,Crushing injury of ankle and foot
S97.0,Crushing injury of ankle
S97.1,Crushing injury of toe(s)
S97.8,Crushing injury of other parts of ankle and foot
S98,Traumatic amputation of ankle and foot
S98.0,Traumatic amputation of foot at ankle level
S98.1,Traumatic amputation of one toe
S98.2,Traumatic amputation of two or more toes
S98.3,Traumatic amputation of other parts of foot
S98.4,"Traumatic amputation of foot, level unspecified"
S99,Other and unspecified injuries of ankle and foot
S99.7,Multiple injuries of ankle and foot
S99.8,Other specified injuries of ankle and foot
S99.9,Unspecified injury of ankle and foot
T00,Superficial injuries involving multiple body regions
T00.0,Superficial injuries involving head with neck
T00.1,"Superficial injuries involving thorax with abdomen, lower back and pelvis"
T00.2,Superficial injuries involving multiple regions of upper limb(s)
T00.3,Superficial injuries involving multiple regions of lower limb(s)
T00.6,Superficial injuries involving multiple regions of upper limb(s) with lower limb(s)
T00.8,Superficial injuries involving other combinations of body regions
T00.9,"Multiple superficial injuries, unspecified"
T01,Open wounds involving multiple body regions
T01.0,Open wounds involving head with neck
T01.1,"Open wounds involving thorax with abdomen, lower back and pelvis"
T01.2,Open wounds involving multiple regions of upper limb(s)
T01.3,Open wounds involving multiple regions of lower limb(s)
T01.6,Open wounds involving multiple regions of upper limb(s) with lower limb(s)
T01.8,Open wounds involving other combinations of body regions
T01.9,"Multiple open wounds, unspecified"
T02,Fractures involving multiple body regions
T02.0,Fractures involving head with neck
T02.1,Fractures involving thorax with lower back and pelvis
T02.2,Fractures involving multiple regions of one upper limb
T02.3,Fractures involving multiple regions of one lower limb
T02.4,Fractures involving multiple regions of both upper limbs
T02.5,Fractures involving multiple regions of both lower limbs
T02.6,Fractures involving multiple regions of upper limb(s) with lower limb(s)
T02.7,Fractures involving thorax with lower back and pelvis with limb(s)
T02.8,Fractures involving other combinations of body regions
T02.9,"Multiple fractures, unspecified"
T03,"Dislocations, sprains and strains involving multiple body regions"
T03.0,"Dislocations, sprains and strains involving head with neck"
T03.1,"Dislocations, sprains and strains involving thorax with lower back and pelvis"
T03.2,"Dislocations, sprains and strains involving multiple regions of upper limb(s)"
T03.3,"Dislocations, sprains and strains involving multiple regions of lower limb(s)"
T03.4,"Dislocations, sprains and strains involving multiple regions of upper limb(s) with lower limb(s)"
T03.8,"Dislocations, sprains and strains involving other combinations of body regions"
T03.9,"Multiple dislocations, sprains and strains, unspecified"
T04,Crushing injuries involving multiple body regions
T04.0,Crushing injuries involving head with neck
T04.1,"Crushing injuries involving thorax with abdomen, lower back and pelvis"
T04.2,Crushing injuries involving multiple regions of upper limb(s)
T04.3,Crushing injuries involving multiple regions of lower limb(s)
T04.4,Crushing injuries involving multiple regions of upper limb(s) with lower limb(s)
T04.7,"Crushing injuries of thorax with abdomen, lower back and pelvis with limb(s)"
T04.8,Crushing injuries involving other combinations of body regions
T04.9,"Multiple crushing injuries, unspecified"
T05,Traumatic amputations involving multiple body regions
T05.0,Traumatic amputation of both hands
T05.1,"Traumatic amputation of one hand and other arm [any level, except hand]"
T05.2,Traumatic amputation of both arms [any level]
T05.3,Traumatic amputation of both feet
T05.4,"Traumatic amputation of one foot and other leg [any level, except foot]"
T05.5,Traumatic amputation of both legs [any level]
T05.6,"Traumatic amputation of upper and lower limbs, any combination [any level]"
T05.8,Traumatic amputations involving other combinations of body regions
T05.9,"Multiple traumatic amputations, unspecified"
T06,"Other injuries involving multiple body regions, not elsewhere classified"
T06.0,Injuries of brain and cranial nerves with injuries of nerves and spinal cord at neck level
T06.1,Injuries of nerves and spinal cord involving other multiple body regions
T06.2,Injuries of nerves involving multiple body regions
T06.3,Injuries of blood vessels involving multiple body regions
T06.4,Injuries of muscles and tendons involving multiple body regions
T06.5,Injuries of intrathoracic organs with intra-abdominal and pelvic organs
T06.8,Other specified injuries involving multiple body regions
T07,Unspecified multiple injuries
T08,"Fracture of spine, level unspecified"
T09,"Other injuries of spine and trunk, level unspecified"
T09.0,"Superficial injury of trunk, level unspecified"
T09.1,"Open wound of trunk, level unspecified"
T09.2,"Dislocation, sprain and strain of unspecified joint and ligament of trunk"
T09.3,"Injury of spinal cord, level unspecified"
T09.4,"Injury of unspecified nerve, spinal nerve root and plexus of trunk"
T09.5,Injury of unspecified muscle and tendon of trunk
T09.6,"Traumatic amputation of trunk, level unspecified"
T09.8,"Other specified injuries of trunk, level unspecified"
T09.9,"Unspecified injury of trunk, level unspecified"
T10,"Fracture of upper limb, level unspecified"
T11,"Other injuries of upper limb, level unspecified"
T11.0,"Superficial injury of upper limb, level unspecified"
T11.1,"Open wound of upper limb, level unspecified"
T11.2,"Dislocation, sprain and strain of unspecified joint and ligament of upper limb, level unspecified"
T11.3,"Injury of unspecified nerve of upper limb, level unspecified"
T11.4,"Injury of unspecified blood vessel of upper limb, level unspecified"
T11.5,"Injury of unspecified muscle and tendon of upper limb, level unspecified"
T11.6,"Traumatic amputation of upper limb, level unspecified"
T11.8,"Other specified injuries of upper limb, level unspecified"
T11.9,"Unspecified injury of upper limb, level unspecified"
T12,"Fracture of lower limb, level unspecified"
T13,"Other injuries of lower limb, level unspecified"
T13.0,"Superficial injury of lower limb, level unspecified"
T13.1,"Open wound of lower limb, level unspecified"
T13.2,"Dislocation, sprain and strain of unspecified joint and ligament of lower limb, level unspecified"
T13.3,"Injury of unspecified nerve of lower limb, level unspecified"
T13.4,"Injury of unspecified blood vessel of lower limb, level unspecified"
T13.5,"Injury of unspecified muscle and tendon of lower limb, level unspecified"
T13.6,"Traumatic amputation of lower limb, level unspecified"
T13.8,"Other specified injuries of lower limb, level unspecified"
T13.9,"Unspecified injury of lower limb, level unspecified"
T14,Injury of unspecified body region
T14.0,Superficial injury of unspecified body region
T14.1,Open wound of unspecified body region
T14.2,Fracture of unspecified body region
T14.3,"Dislocation, sprain and strain of unspecified body region"
T14.4,Injury of nerve(s) of unspecified body region
T14.5,Injury of blood vessel(s) of unspecified body region
T14.6,Injury of muscles and tendons of unspecified body region
T14.7,Crushing injury and traumatic amputation of unspecified body region
T14.8,Other injuries of unspecified body region
T14.9,"Injury, unspecified"
T15,Foreign body on external eye
T15.0,Foreign body in cornea
T15.1,Foreign body in conjunctival sac
T15.8,Foreign body in other and multiple parts of external eye
T15.9,"Foreign body on external eye, part unspecified"
T16,Foreign body in ear
T17,Foreign body in respiratory tract
T17.0,Foreign body in nasal sinus
T17.1,Foreign body in nostril
T17.2,Foreign body in pharynx
T17.3,Foreign body in larynx
T17.4,Foreign body in trachea
T17.5,Foreign body in bronchus
T17.8,Foreign body in other and multiple parts of respiratory tract
T17.9,"Foreign body in respiratory tract, part unspecified"
T18,Foreign body in alimentary tract
T18.0,Foreign body in mouth
T18.1,Foreign body in oesophagus
T18.2,Foreign body in stomach
T18.3,Foreign body in small intestine
T18.4,Foreign body in colon
T18.5,Foreign body in anus and rectum
T18.8,Foreign body in other and multiple parts of alimentary tract
T18.9,"Foreign body in alimentary tract, part unspecified"
T19,Foreign body in genitourinary tract
T19.0,Foreign body in urethra
T19.1,Foreign body in bladder
T19.2,Foreign body in vulva and vagina
T19.3,Foreign body in uterus [any part]
T19.8,Foreign body in other and multiple parts of genitourinary tract
T19.9,"Foreign body in genitourinary tract, part unspecified"
T20,Burn and corrosion of head and neck
T20.0,Burn of unspecified degree of head and neck
T20.1,Burn of first degree of head and neck
T20.2,Burn of second degree of head and neck
T20.3,Burn of third degree of head and neck
T20.4,Corrosion of unspecified degree of head and neck
T20.5,Corrosion of first degree of head and neck
T20.6,Corrosion of second degree of head and neck
T20.7,Corrosion of third degree of head and neck
T21,Burn and corrosion of trunk
T21.0,Burn of unspecified degree of trunk
T21.1,Burn of first degree of trunk
T21.2,Burn of second degree of trunk
T21.3,Burn of third degree of trunk
T21.4,Corrosion of unspecified degree of trunk
T21.5,Corrosion of first degree of trunk
T21.6,Corrosion of second degree of trunk
T21.7,Corrosion of third degree of trunk
T22,"Burn and corrosion of shoulder and upper limb, except wrist and hand"
T22.0,"Burn of unspecified degree of shoulder and upper limb, except wrist and hand"
T22.1,"Burn of first degree of shoulder and upper limb, except wrist and hand"
T22.2,"Burn of second degree of shoulder and upper limb, except wrist and hand"
T22.3,"Burn of third degree of shoulder and upper limb, except wrist and hand"
T22.4,"Corrosion of unspecified degree of shoulder and upper limb, except wrist and hand"
T22.5,"Corrosion of first degree of shoulder and upper limb, except wrist and hand"
T22.6,"Corrosion of second degree of shoulder and upper limb, except wrist and hand"
T22.7,"Corrosion of third degree of shoulder and upper limb, except wrist and hand"
T23,Burn and corrosion of wrist and hand
T23.0,Burn of unspecified degree of wrist and hand
T23.1,Burn of first degree of wrist and hand
T23.2,Burn of second degree of wrist and hand
T23.3,Burn of third degree of wrist and hand
T23.4,Corrosion of unspecified degree of wrist and hand
T23.5,Corrosion of first degree of wrist and hand
T23.6,Corrosion of second degree of wrist and hand
T23.7,Corrosion of third degree of wrist and hand
T24,"Burn and corrosion of hip and lower limb, except ankle and foot"
T24.0,"Burn of unspecified degree of hip and lower limb, except ankle and foot"
T24.1,"Burn of first degree of hip and lower limb, except ankle and foot"
T24.2,"Burn of second degree of hip and lower limb, except ankle and foot"
T24.3,"Burn of third degree of hip and lower limb, except ankle and foot"
T24.4,"Corrosion of unspecified degree of hip and lower limb, except ankle and foot"
T24.5,"Corrosion of first degree of hip and lower limb, except ankle and foot"
T24.6,"Corrosion of second degree of hip and lower limb, except ankle and foot"
T24.7,"Corrosion of third degree of hip and lower limb, except ankle and foot"
T25,Burn and corrosion of ankle and foot
T25.0,Burn of unspecified degree of ankle and foot
T25.1,Burn of first degree of ankle and foot
T25.2,Burn of second degree of ankle and foot
T25.3,Burn of third degree of ankle and foot
T25.4,Corrosion of unspecified degree of ankle and foot
T25.5,Corrosion of first degree of ankle and foot
T25.6,Corrosion of second degree of ankle and foot
T25.7,Corrosion of third degree of ankle and foot
T26,Burn and corrosion confined to eye and adnexa
T26.0,Burn of eyelid and periocular area
T26.1,Burn of cornea and conjunctival sac
T26.2,Burn with resulting rupture and destruction of eyeball
T26.3,Burn of other parts of eye and adnexa
T26.4,"Burn of eye and adnexa, part unspecified"
T26.5,Corrosion of eyelid and periocular area
T26.6,Corrosion of cornea and conjunctival sac
T26.7,Corrosion with resulting rupture and destruction of eyeball
T26.8,Corrosion of other parts of eye and adnexa
T26.9,"Corrosion of eye and adnexa, part unspecified"
T27,Burn and corrosion of respiratory tract
T27.0,Burn of larynx and trachea
T27.1,Burn involving larynx and trachea with lung
T27.2,Burn of other parts of respiratory tract
T27.3,"Burn of respiratory tract, part unspecified"
T27.4,Corrosion of larynx and trachea
T27.5,Corrosion involving larynx and trachea with lung
T27.6,Corrosion of other parts of respiratory tract
T27.7,"Corrosion of respiratory tract, part unspecified"
T28,Burn and corrosion of other internal organs
T28.0,Burn of mouth and pharynx
T28.1,Burn of oesophagus
T28.2,Burn of other parts of alimentary tract
T28.3,Burn of internal genitourinary organs
T28.4,Burn of other and unspecified internal organs
T28.5,Corrosion of mouth and pharynx
T28.6,Corrosion of oesophagus
T28.7,Corrosion of other parts of alimentary tract
T28.8,Corrosion of internal genitourinary organs
T28.9,Corrosion of other and unspecified internal organs
T29,Burns and corrosions of multiple body regions
T29.0,"Burns of multiple regions, unspecified degree"
T29.1,"Burns of multiple regions, no more than first-degree burns mentioned"
T29.2,"Burns of multiple regions, no more than second-degree burns mentioned"
T29.3,"Burns of multiple regions, at least one burn of third degree mentioned"
T29.4,"Corrosions of multiple regions, unspecified degree"
T29.5,"Corrosions of multiple regions, no more than first-degree corrosions mentioned"
T29.6,"Corrosions of multiple regions, no more than second-degree corrosions mentioned"
T29.7,"Corrosions of multiple regions, at least one corrosion of third degree mentioned"
T30,"Burn and corrosion, body region unspecified"
T30.0,"Burn of unspecified body region, unspecified degree"
T30.1,"Burn of first degree, body region unspecified"
T30.2,"Burn of second degree, body region unspecified"
T30.3,"Burn of third degree, body region unspecified"
T30.4,"Corrosion of unspecified body region, unspecified degree"
T30.5,"Corrosion of first degree, body region unspecified"
T30.6,"Corrosion of second degree, body region unspecified"
T30.7,"Corrosion of third degree, body region unspecified"
T31,Burns classified according to extent of body surface involved
T31.0,Burns involving less than 10% of body surface
T31.1,Burns involving 10-19% of body surface
T31.2,Burns involving 20-29% of body surface
T31.3,Burns involving 30-39% of body surface
T31.4,Burns involving 40-49% of body surface
T31.5,Burns involving 50-59% of body surface
T31.6,Burns involving 60-69% of body surface
T31.7,Burns involving 70-79% of body surface
T31.8,Burns involving 80-89% of body surface
T31.9,Burns involving 90% or more of body surface
T32,Corrosions classified according to extent of body surface involved
T32.0,Corrosions involving less than 10% of body surface
T32.1,Corrosions involving 10-19% of body surface
T32.2,Corrosions involving 20-29% of body surface
T32.3,Corrosions involving 30-39% of body surface
T32.4,Corrosions involving 40-49% of body surface
T32.5,Corrosions involving 50-59% of body surface
T32.6,Corrosions involving 60-69% of body surface
T32.7,Corrosions involving 70-79% of body surface
T32.8,Corrosions involving 80-89% of body surface
T32.9,Corrosions involving 90% or more of body surface
T33,Superficial frostbite
T33.0,Superficial frostbite of head
T33.1,Superficial frostbite of neck
T33.2,Superficial frostbite of thorax
T33.3,"Superficial frostbite of abdominal wall, lower back and pelvis"
T33.4,Superficial frostbite of arm
T33.5,Superficial frostbite of wrist and hand
T33.6,Superficial frostbite of hip and thigh
T33.7,Superficial frostbite of knee and lower leg
T33.8,Superficial frostbite of ankle and foot
T33.9,Superficial frostbite of other and unspecified sites
T34,Frostbite with tissue necrosis
T34.0,Frostbite with tissue necrosis of head
T34.1,Frostbite with tissue necrosis of neck
T34.2,Frostbite with tissue necrosis of thorax
T34.3,"Frostbite with tissue necrosis of abdominal wall, lower back and pelvis"
T34.4,Frostbite with tissue necrosis of arm
T34.5,Frostbite with tissue necrosis of wrist and hand
T34.6,Frostbite with tissue necrosis of hip and thigh
T34.7,Frostbite with tissue necrosis of knee and lower leg
T34.8,Frostbite with tissue necrosis of ankle and foot
T34.9,Frostbite with tissue necrosis of other and unspecified sites
T35,Frostbite involving multiple body regions and unspecified frostbite
T35.0,Superficial frostbite involving multiple body regions
T35.1,Frostbite with tissue necrosis involving multiple body regions
T35.2,Unspecified frostbite of head and neck
T35.3,"Unspecified frostbite of thorax, abdomen, lower back and pelvis"
T35.4,Unspecified frostbite of upper limb
T35.5,Unspecified frostbite of lower limb
T35.6,Unspecified frostbite involving multiple body regions
T35.7,Unspecified frostbite of unspecified site
T36,Poisoning by systemic antibiotics
T36.0,Poisoning: Penicillins
T36.1,Poisoning: Cefalosporins and other beta-lactam antibiotics
T36.2,Poisoning: Chloramphenicol group
T36.3,Poisoning: Macrolides
T36.4,Poisoning: Tetracyclines
T36.5,Poisoning: Aminoglycosides
T36.6,Poisoning: Rifamycins
T36.7,"Poisoning: Antifungal antibiotics, systemically used"
T36.8,Poisoning: Other systemic antibiotics
T36.9,"Poisoning: Systemic antibiotic, unspecified"
T37,Poisoning by other systemic anti-infectives and antiparasitics
T37.0,Poisoning: Sulfonamides
T37.1,Poisoning: Antimycobacterial drugs
T37.2,Poisoning: Antimalarials and drugs acting on other blood protozoa
T37.3,Poisoning: Other antiprotozoal drugs
T37.4,Poisoning: Anthelminthics
T37.5,Poisoning: Antiviral drugs
T37.8,Poisoning: Other specified systemic anti-infectives and antiparasitics
T37.9,"Poisoning: Systemic anti-infective and antiparasitic, unspecified"
T38,"Poisoning by hormones and their synthetic substitutes and antagonists, not elsewhere classified"
T38.0,Poisoning: Glucocorticoids and synthetic analogues
T38.1,Poisoning: Thyroid hormones and substitutes
T38.2,Poisoning: Antithyroid drugs
T38.3,Poisoning: Insulin and oral hypoglycaemic [antidiabetic] drugs
T38.4,Poisoning: Oral contraceptives
T38.5,Poisoning: Other estrogens and progestogens
T38.6,"Poisoning: Antigonadotrophins, antiestrogens, antiandrogens, not elsewhere classified"
T38.7,Poisoning: Androgens and anabolic congeners
T38.8,Poisoning: Other and unspecified hormones and their synthetic substitutes
T38.9,Poisoning: Other and unspecified hormone antagonists
T39,"Poisoning by nonopioid analgesics, antipyretics and antirheumatics"
T39.0,Poisoning: Salicylates
T39.1,Poisoning: 4-Aminophenol derivatives
T39.2,Poisoning: Pyrazolone derivatives
T39.3,Poisoning: Other nonsteroidal anti-inflammatory drugs [NSAID]
T39.4,"Poisoning: Antirheumatics, not elsewhere classified"
T39.8,"Poisoning: Other nonopioid analgesics and antipyretics, not elsewhere classified"
T39.9,"Poisoning: Nonopioid analgesic, antipyretic and antirheumatic, unspecified"
T40,Poisoning by narcotics and psychodysleptics [hallucinogens]
T40.0,Poisoning: Opium
T40.1,Poisoning: Heroin
T40.2,Poisoning: Other opioids
T40.3,Poisoning: Methadone
T40.4,Poisoning: Other synthetic narcotics
T40.5,Poisoning: Cocaine
T40.6,Poisoning: Other and unspecified narcotics
T40.7,Poisoning: Cannabis (derivatives)
T40.8,Poisoning: Lysergide [LSD]
T40.9,Poisoning: Other and unspecified psychodysleptics [hallucinogens]
T41,Poisoning by anaesthetics and therapeutic gases
T41.0,Poisoning: Inhaled anaesthetics
T41.1,Poisoning: Intravenous anaesthetics
T41.2,Poisoning: Other and unspecified general anaesthetics
T41.3,Poisoning: Local anaesthetics
T41.4,"Poisoning: Anaesthetic, unspecified"
T41.5,Poisoning: Therapeutic gases
T42,"Poisoning by antiepileptic, sedative-hypnotic and antiparkinsonism drugs"
T42.0,Poisoning: Hydantoin derivatives
T42.1,Poisoning: Iminostilbenes
T42.2,Poisoning: Succinimides and oxazolidinediones
T42.3,Poisoning: Barbiturates
T42.4,Poisoning: Benzodiazepines
T42.5,"Poisoning: Mixed antiepileptics, not elsewhere classified"
T42.6,Poisoning: Other antiepileptic and sedative-hypnotic drugs
T42.7,"Poisoning: Antiepileptic and sedative-hypnotic drugs, unspecified"
T42.8,Poisoning: Antiparkinsonism drugs and other central muscle-tone depressants
T43,"Poisoning by psychotropic drugs, not elsewhere classified"
T43.0,Poisoning: Tricyclic and tetracyclic antidepressants
T43.1,Poisoning: Monoamine-oxidase-inhibitor antidepressants
T43.2,Poisoning: Other and unspecified antidepressants
T43.3,Poisoning: Phenothiazine antipsychotics and neuroleptics
T43.4,Poisoning: Butyrophenone and thioxanthene neuroleptics
T43.5,Poisoning: Other and unspecified antipsychotics and neuroleptics
T43.6,Poisoning: Psychostimulants with abuse potential
T43.8,"Poisoning: Other psychotropic drugs, not elsewhere classified"
T43.9,"Poisoning: Psychotropic drug, unspecified"
T44,Poisoning by drugs primarily affecting the autonomic nervous system
T44.0,Poisoning: Anticholinesterase agents
T44.1,Poisoning: Other parasympathomimetics [cholinergics]
T44.2,"Poisoning: Ganglionic blocking drugs, not elsewhere classified"
T44.3,"Poisoning: Other parasympatholytics [anticholinergics and antimuscarinics] and spasmolytics, not elsewhere classified"
T44.4,"Poisoning: Predominantly alpha-adrenoreceptor agonists, not elsewhere classified"
T44.5,"Poisoning: Predominantly beta-adrenoreceptor agonists, not elsewhere classified"
T44.6,"Poisoning: Alpha-adrenoreceptor antagonists, not elsewhere classified"
T44.7,"Poisoning: Beta-adrenoreceptor antagonists, not elsewhere classified"
T44.8,"Poisoning: Centrally acting and adrenergic-neuron-blocking agents, not elsewhere classified"
T44.9,Poisoning: Other and unspecified drugs primarily affecting the autonomic nervous system
T45,"Poisoning by primarily systemic and haematological agents, not elsewhere classified"
T45.0,Poisoning: Antiallergic and antiemetic drugs
T45.1,Poisoning: Antineoplastic and immunosuppressive drugs
T45.2,"Poisoning: Vitamins, not elsewhere classified"
T45.3,"Poisoning: Enzymes, not elsewhere classified"
T45.4,Poisoning: Iron and its compounds
T45.5,Poisoning: Anticoagulants
T45.6,Poisoning: Fibrinolysis-affecting drugs
T45.7,"Poisoning: Anticoagulant antagonists, vitamin K and other coagulants"
T45.8,Poisoning: Other primarily systemic and haematological agents
T45.9,"Poisoning: Primarily systemic and haematological agent, unspecified"
T46,Poisoning by agents primarily affecting the cardiovascular system
T46.0,Poisoning: Cardiac-stimulant glycosides and drugs of similar action
T46.1,Poisoning: Calcium-channel blockers
T46.2,"Poisoning: Other antidysrhythmic drugs, not elsewhere classified"
T46.3,"Poisoning: Coronary vasodilators, not elsewhere classified"
T46.4,Poisoning: Angiotensin-converting-enzyme inhibitors
T46.5,"Poisoning: Other antihypertensive drugs, not elsewhere classified"
T46.6,Poisoning: Antihyperlipidaemic and antiarteriosclerotic drugs
T46.7,Poisoning: Peripheral vasodilators
T46.8,"Poisoning: Antivaricose drugs, including sclerosing agents"
T46.9,Poisoning: Other and unspecified agents primarily affecting the cardiovascular system
T47,Poisoning by agents primarily affecting the gastrointestinal system
T47.0,Poisoning: Histamine H2-receptor antagonists
T47.1,Poisoning: Other antacids and anti-gastric-secretion drugs
T47.2,Poisoning: Stimulant laxatives
T47.3,Poisoning: Saline and osmotic laxatives
T47.4,Poisoning: Other laxatives
T47.5,Poisoning: Digestants
T47.6,Poisoning: Antidiarrhoeal drugs
T47.7,Poisoning: Emetics
T47.8,Poisoning: Other agents primarily affecting the gastrointestinal system
T47.9,"Poisoning: Agent primarily affecting the gastrointestinal system, unspecified"
T48,Poisoning by agents primarily acting on smooth and skeletal muscles and the respiratory system
T48.0,Poisoning: Oxytocic drugs
T48.1,Poisoning: Skeletal muscle relaxants [neuromuscular blocking agents]
T48.2,Poisoning: Other and unspecified agents primarily acting on muscles
T48.3,Poisoning: Antitussives
T48.4,Poisoning: Expectorants
T48.5,Poisoning: Anti-common-cold drugs
T48.6,"Poisoning: Antiasthmatics, not elsewhere classified"
T48.7,Poisoning: Other and unspecified agents primarily acting on the respiratory system
T49,"Poisoning by topical agents primarily affecting skin and mucous membrane and by ophthalmological, otorhinolaryngological and dental drugs"
T49.0,"Poisoning: Local antifungal, anti-infective and anti-inflammatory drugs, not elsewhere classified"
T49.1,Poisoning: Antipruritics
T49.2,Poisoning: Local astringents and local detergents
T49.3,"Poisoning: Emollients, demulcents and protectants"
T49.4,"Poisoning: Keratolytics, keratoplastics and other hair treatment drugs and preparations"
T49.5,Poisoning: Ophthalmological drugs and preparations
T49.6,Poisoning: Otorhinolaryngological drugs and preparations
T49.7,"Poisoning: Dental drugs, topically applied"
T49.8,Poisoning: Other topical agents
T49.9,"Poisoning: Topical agent, unspecified"
T50,"Poisoning by diuretics and other and unspecified drugs, medicaments and biological substances"
T50.0,Poisoning: Mineralocorticoids and their antagonists
T50.1,Poisoning: Loop [high-ceiling] diuretics
T50.2,"Poisoning: Carbonic-anhydrase inhibitors, benzothiadiazides and other diuretics"
T50.3,"Poisoning: Electrolytic, caloric and water-balance agents"
T50.4,Poisoning: Drugs affecting uric acid metabolism
T50.5,Poisoning: Appetite depressants
T50.6,"Poisoning: Antidotes and chelating agents, not elsewhere classified"
T50.7,Poisoning: Analeptics and opioid receptor antagonists
T50.8,Poisoning: Diagnostic agents
T50.9,"Poisoning: Other and unspecified drugs, medicaments and biological substances"
T51,Toxic effect of alcohol
T51.0,Toxic effect: Ethanol
T51.1,Toxic effect: Methanol
T51.2,Toxic effect: 2-Propanol
T51.3,Toxic effect: Fusel oil
T51.8,Toxic effect: Other alcohols
T51.9,"Toxic effect: Alcohol, unspecified"
T52,Toxic effect of organic solvents
T52.0,Toxic effect: Petroleum products
T52.1,Toxic effect: Benzene
T52.2,Toxic effect: Homologues of benzene
T52.3,Toxic effect: Glycols
T52.4,Toxic effect: Ketones
T52.8,Toxic effect: Other organic solvents
T52.9,"Toxic effect: Organic solvent, unspecified"
T53,Toxic effect of halogen derivatives of aliphatic and aromatic hydrocarbons
T53.0,Toxic effect: Carbon tetrachloride
T53.1,Toxic effect: Chloroform
T53.2,Toxic effect: Trichloroethylene
T53.3,Toxic effect: Tetrachloroethylene
T53.4,Toxic effect: Dichloromethane
T53.5,Toxic effect: Chlorofluorocarbons
T53.6,Toxic effect: Other halogen derivatives of aliphatic hydrocarbons
T53.7,Toxic effect: Other halogen derivatives of aromatic hydrocarbons
T53.9,"Toxic effect: Halogen derivative of aliphatic and aromatic hydrocarbons, unspecified"
T54,Toxic effect of corrosive substances
T54.0,Toxic effect: Phenol and phenol homologues
T54.1,Toxic effect: Other corrosive organic compounds
T54.2,Toxic effect: Corrosive acids and acid-like substances
T54.3,Toxic effect: Corrosive alkalis and alkali-like substances
T54.9,"Toxic effect: Corrosive substance, unspecified"
T55,Toxic effect of soaps and detergents
T56,Toxic effect of metals
T56.0,Toxic effect: Lead and its compounds
T56.1,Toxic effect: Mercury and its compounds
T56.2,Toxic effect: Chromium and its compounds
T56.3,Toxic effect: Cadmium and its compounds
T56.4,Toxic effect: Copper and its compounds
T56.5,Toxic effect: Zinc and its compounds
T56.6,Toxic effect: Tin and its compounds
T56.7,Toxic effect: Beryllium and its compounds
T56.8,Toxic effect: Other metals
T56.9,"Toxic effect: Metal, unspecified"
T57,Toxic effect of other inorganic substances
T57.0,Toxic effect: Arsenic and its compounds
T57.1,Toxic effect: Phosphorus and its compounds
T57.2,Toxic effect: Manganese and its compounds
T57.3,Toxic effect: Hydrogen cyanide
T57.8,Toxic effect: Other specified inorganic substances
T57.9,"Toxic effect: Inorganic substance, unspecified"
T58,Toxic effect of carbon monoxide
T59,"Toxic effect of other gases, fumes and vapours"
T59.0,Toxic effect: Nitrogen oxides
T59.1,Toxic effect: Sulfur dioxide
T59.2,Toxic effect: Formaldehyde
T59.3,Toxic effect: Lacrimogenic gas
T59.4,Toxic effect: Chlorine gas
T59.5,Toxic effect: Fluorine gas and hydrogen fluoride
T59.6,Toxic effect: Hydrogen sulfide
T59.7,Toxic effect: Carbon dioxide
T59.8,"Toxic effect: Other specified gases, fumes and vapours"
T59.9,"Toxic effect: Gases, fumes and vapours, unspecified"
T60,Toxic effect of pesticides
T60.0,Toxic effect: Organophosphate and carbamate insecticides
T60.1,Toxic effect: Halogenated insecticides
T60.2,Toxic effect: Other and unspecified insecticides
T60.3,Toxic effect: Herbicides and fungicides
T60.4,Toxic effect: Rodenticides
T60.8,Toxic effect: Other pesticides
T60.9,"Toxic effect: Pesticide, unspecified"
T61,Toxic effect of noxious substances eaten as seafood
T61.0,Toxic effect: Ciguatera fish poisoning
T61.1,Toxic effect: Scombroid fish poisoning
T61.2,Toxic effect: Other fish and shellfish poisoning
T61.8,Toxic effect: Toxic effect of other seafoods
T61.9,Toxic effect: Toxic effect of unspecified seafood
T62,Toxic effect of other noxious substances eaten as food
T62.0,Toxic effect: Ingested mushrooms
T62.1,Toxic effect: Ingested berries
T62.2,Toxic effect: Other ingested (parts of) plant(s)
T62.8,Toxic effect: Other specified noxious substances eaten as food
T62.9,"Toxic effect: Noxious substance eaten as food, unspecified"
T63,Toxic effect of contact with venomous animals
T63.0,Toxic effect: Snake venom
T63.1,Toxic effect: Venom of other reptiles
T63.2,Toxic effect: Venom of scorpion
T63.3,Toxic effect: Venom of spider
T63.4,Toxic effect: Venom of other arthropods
T63.5,Toxic effect: Toxic effect of contact with fish
T63.6,Toxic effect: Toxic effect of contact with other marine animals
T63.8,Toxic effect: Toxic effect of contact with other venomous animals
T63.9,Toxic effect: Toxic effect of contact with unspecified venomous animal
T64,Toxic effect of aflatoxin and other mycotoxin food contaminants
T65,Toxic effect of other and unspecified substances
T65.0,Toxic effect: Cyanides
T65.1,Toxic effect: Strychnine and its salts
T65.2,Toxic effect: Tobacco and nicotine
T65.3,Toxic effect: Nitroderivatives and aminoderivatives of benzene and its homologues
T65.4,Toxic effect: Carbon disulfide
T65.5,Toxic effect: Nitroglycerin and other nitric acids and esters
T65.6,"Toxic effect: Paints and dyes, not elsewhere classified"
T65.8,Toxic effect: Toxic effect of other specified substances
T65.9,Toxic effect: Toxic effect of unspecified substance
T66,Unspecified effects of radiation
T67,Effects of heat and light
T67.0,Heatstroke and sunstroke
T67.1,Heat syncope
T67.2,Heat cramp
T67.3,"Heat exhaustion, anhydrotic"
T67.4,Heat exhaustion due to salt depletion
T67.5,"Heat exhaustion, unspecified"
T67.6,"Heat fatigue, transient"
T67.7,Heat oedema
T67.8,Other effects of heat and light
T67.9,"Effect of heat and light, unspecified"
T68,Hypothermia
T69,Other effects of reduced temperature
T69.0,Immersion hand and foot
T69.1,Chilblains
T69.8,Other specified effects of reduced temperature
T69.9,"Effect of reduced temperature, unspecified"
T70,Effects of air pressure and water pressure
T70.0,Otitic barotrauma
T70.1,Sinus barotrauma
T70.2,Other and unspecified effects of high altitude
T70.3,Caisson disease [decompression sickness]
T70.4,Effects of high-pressure fluids
T70.8,Other effects of air pressure and water pressure
T70.9,"Effect of air pressure and water pressure, unspecified"
T71,Asphyxiation
T73,Effects of other deprivation
T73.0,Effects of hunger
T73.1,Effects of thirst
T73.2,Exhaustion due to exposure
T73.3,Exhaustion due to excessive exertion
T73.8,Other effects of deprivation
T73.9,"Effect of deprivation, unspecified"
T74,Maltreatment syndromes
T74.0,Neglect or abandonment
T74.1,Physical abuse
T74.2,Sexual abuse
T74.3,Psychological abuse
T74.8,Other maltreatment syndromes
T74.9,"Maltreatment syndrome, unspecified"
T75,Effects of other external causes
T75.0,Effects of lightning
T75.1,Drowning and nonfatal submersion
T75.2,Effects of vibration
T75.3,Motion sickness
T75.4,Effects of electric current
T75.8,Other specified effects of other external causes
T76,Unspecified effects of external causes
T78,"Adverse effects, not elsewhere classified"
T78.0,Anaphylactic shock due to adverse food reaction
T78.1,"Other adverse food reactions, not elsewhere classified"
T78.2,"Anaphylactic shock, unspecified"
T78.3,Angioneurotic oedema
T78.4,"Allergy, unspecified"
T78.8,"Other adverse effects, not elsewhere classified"
T78.9,"Adverse effect, unspecified"
T79,"Certain early complications of trauma, not elsewhere classified"
T79.0,Air embolism (traumatic)
T79.1,Fat embolism (traumatic)
T79.2,Traumatic secondary and recurrent haemorrhage
T79.3,"Post-traumatic wound infection, not elsewhere classified"
T79.4,Traumatic shock
T79.5,Traumatic anuria
T79.6,Traumatic ischaemia of muscle
T79.7,Traumatic subcutaneous emphysema
T79.8,Other early complications of trauma
T79.9,Unspecified early complication of trauma
T80,"Complications following infusion, transfusion and therapeutic injection"
T80.0,"Air embolism following infusion, transfusion and therapeutic injection"
T80.1,"Vascular complications following infusion, transfusion and therapeutic injection"
T80.2,"Infections following infusion, transfusion and therapeutic injection"
T80.3,ABO incompatibility reaction
T80.4,Rh incompatibility reaction
T80.5,Anaphylactic shock due to serum
T80.6,Other serum reactions
T80.8,"Other complications following infusion, transfusion and therapeutic injection"
T80.9,"Unspecified complication following infusion, transfusion and therapeutic injection"
T81,"Complications of procedures, not elsewhere classified"
T81.0,"Haemorrhage and haematoma complicating a procedure, not elsewhere classified"
T81.1,"Shock during or resulting from a procedure, not elsewhere classified"
T81.2,"Accidental puncture and laceration during a procedure, not elsewhere classified"
T81.3,"Disruption of operation wound, not elsewhere classified"
T81.4,"Infection following a procedure, not elsewhere classified"
T81.5,Foreign body accidentally left in body cavity or operation wound following a procedure
T81.6,Acute reaction to foreign substance accidentally left during a procedure
T81.7,"Vascular complications following a procedure, not elsewhere classified"
T81.8,"Other complications of procedures, not elsewhere classified"
T81.9,Unspecified complication of procedure
T82,"Complications of cardiac and vascular prosthetic devices, implants and grafts"
T82.0,Mechanical complication of heart valve prosthesis
T82.1,Mechanical complication of cardiac electronic device
T82.2,Mechanical complication of coronary artery bypass and valve grafts
T82.3,Mechanical complication of other vascular grafts
T82.4,Mechanical complication of vascular dialysis catheter
T82.5,Mechanical complication of other cardiac and vascular devices and implants
T82.6,Infection and inflammatory reaction due to cardiac valve prosthesis
T82.7,"Infection and inflammatory reaction due to other cardiac and vascular devices, implants and grafts"
T82.8,"Other specified complications of cardiac and vascular prosthetic devices, implants and grafts"
T82.9,"Unspecified complication of cardiac and vascular prosthetic device, implant and graft"
T83,"Complications of genitourinary prosthetic devices, implants and grafts"
T83.0,Mechanical complication of urinary (indwelling) catheter
T83.1,Mechanical complication of other urinary devices and implants
T83.2,Mechanical complication of graft of urinary organ
T83.3,Mechanical complication of intrauterine contraceptive device
T83.4,"Mechanical complication of other prosthetic devices, implants and grafts in genital tract"
T83.5,"Infection and inflammatory reaction due to prosthetic device, implant and graft in urinary system"
T83.6,"Infection and inflammatory reaction due to prosthetic device, implant and graft in genital tract"
T83.8,"Other complications of genitourinary prosthetic devices, implants and grafts"
T83.9,"Unspecified complication of genitourinary prosthetic device, implant and graft"
T84,"Complications of internal orthopaedic prosthetic devices, implants and grafts"
T84.0,Mechanical complication of internal joint prosthesis
T84.1,Mechanical complication of internal fixation device of bones of limb
T84.2,Mechanical complication of internal fixation device of other bones
T84.3,"Mechanical complication of other bone devices, implants and grafts"
T84.4,"Mechanical complication of other internal orthopaedic devices, implants and grafts"
T84.5,Infection and inflammatory reaction due to internal joint prosthesis
T84.6,Infection and inflammatory reaction due to internal fixation device [any site]
T84.7,"Infection and inflammatory reaction due to other internal orthopaedic prosthetic devices, implants and grafts"
T84.8,"Other complications of internal orthopaedic prosthetic devices, implants and grafts"
T84.9,"Unspecified complication of internal orthopaedic prosthetic device, implant and graft"
T85,"Complications of other internal prosthetic devices, implants and grafts"
T85.0,Mechanical complication of ventricular intracranial (communicating) shunt
T85.1,Mechanical complication of implanted electronic stimulator of nervous system
T85.2,Mechanical complication of intraocular lens
T85.3,"Mechanical complication of other ocular prosthetic devices, implants and grafts"
T85.4,Mechanical complication of breast prosthesis and implant
T85.5,"Mechanical complication of gastrointestinal prosthetic devices, implants and grafts"
T85.6,"Mechanical complication of other specified internal prosthetic devices, implants and grafts"
T85.7,"Infection and inflammatory reaction due to other internal prosthetic devices, implants and grafts"
T85.8,"Other complications of internal prosthetic devices, implants and grafts, not elsewhere classified"
T85.9,"Unspecified complication of internal prosthetic device, implant and graft"
T86,Failure and rejection of transplanted organs and tissues
T86.0,Bone-marrow transplant rejection
T86.1,Kidney transplant failure and rejection
T86.2,Heart transplant failure and rejection
T86.3,Heart-lung transplant failure and rejection
T86.4,Liver transplant failure and rejection
T86.8,Failure and rejection of other transplanted organs and tissues
T86.9,Failure and rejection of unspecified transplanted organ and tissue
T87,Complications peculiar to reattachment and amputation
T87.0,Complications of reattached (part of) upper extremity
T87.1,Complications of reattached (part of) lower extremity
T87.2,Complications of other reattached body part
T87.3,Neuroma of amputation stump
T87.4,Infection of amputation stump
T87.5,Necrosis of amputation stump
T87.6,Other and unspecified complications of amputation stump
T88,"Other complications of surgical and medical care, not elsewhere classified"
T88.0,Infection following immunization
T88.1,"Other complications following immunization, not elsewhere classified"
T88.2,Shock due to anaesthesia
T88.3,Malignant hyperthermia due to anaesthesia
T88.4,Failed or difficult intubation
T88.5,Other complications of anaesthesia
T88.6,Anaphylactic shock due to adverse effect of correct drug or medicament properly administered
T88.7,Unspecified adverse effect of drug or medicament
T88.8,"Other specified complications of surgical and medical care, not elsewhere classified"
T88.9,"Complication of surgical and medical care, unspecified"
T90,Sequelae of injuries of head
T90.0,Sequelae of superficial injury of head
T90.1,Sequelae of open wound of head
T90.2,Sequelae of fracture of skull and facial bones
T90.3,Sequelae of injury of cranial nerves
T90.4,Sequelae of injury of eye and orbit
T90.5,Sequelae of intracranial injury
T90.8,Sequelae of other specified injuries of head
T90.9,Sequelae of unspecified injury of head
T91,Sequelae of injuries of neck and trunk
T91.0,Sequelae of superficial injury and open wound of neck and trunk
T91.1,Sequelae of fracture of spine
T91.2,Sequelae of other fracture of thorax and pelvis
T91.3,Sequelae of injury of spinal cord
T91.4,Sequelae of injury of intrathoracic organs
T91.5,Sequelae of injury of intra-abdominal and pelvic organs
T91.8,Sequelae of other specified injuries of neck and trunk
T91.9,Sequelae of unspecified injury of neck and trunk
T92,Sequelae of injuries of upper limb
T92.0,Sequelae of open wound of upper limb
T92.1,Sequelae of fracture of arm
T92.2,Sequelae of fracture at wrist and hand level
T92.3,"Sequelae of dislocation, sprain and strain of upper limb"
T92.4,Sequelae of injury of nerve of upper limb
T92.5,Sequelae of injury of muscle and tendon of upper limb
T92.6,Sequelae of crushing injury and traumatic amputation of upper limb
T92.8,Sequelae of other specified injuries of upper limb
T92.9,Sequelae of unspecified injury of upper limb
T93,Sequelae of injuries of lower limb
T93.0,Sequelae of open wound of lower limb
T93.1,Sequelae of fracture of femur
T93.2,Sequelae of other fractures of lower limb
T93.3,"Sequelae of dislocation, sprain and strain of lower limb"
T93.4,Sequelae of injury of nerve of lower limb
T93.5,Sequelae of injury of muscle and tendon of lower limb
T93.6,Sequelae of crushing injury and traumatic amputation of lower limb
T93.8,Sequelae of other specified injuries of lower limb
T93.9,Sequelae of unspecified injury of lower limb
T94,Sequelae of injuries involving multiple and unspecified body regions
T94.0,Sequelae of injuries involving multiple body regions
T94.1,"Sequelae of injuries, not specified by body region"
T95,"Sequelae of burns, corrosions and frostbite"
T95.0,"Sequelae of burn, corrosion and frostbite of head and neck"
T95.1,"Sequelae of burn, corrosion and frostbite of trunk"
T95.2,"Sequelae of burn, corrosion and frostbite of upper limb"
T95.3,"Sequelae of burn, corrosion and frostbite of lower limb"
T95.4,Sequelae of burn and corrosion classifiable only according to extent of body surface involved
T95.8,"Sequelae of other specified burn, corrosion and frostbite"
T95.9,"Sequelae of unspecified burn, corrosion and frostbite"
T96,"Sequelae of poisoning by drugs, medicaments and biological substances"
T97,Sequelae of toxic effects of substances chiefly nonmedicinal as to source
T98,Sequelae of other and unspecified effects of external causes
T98.0,Sequelae of effects of foreign body entering through natural orifice
T98.1,Sequelae of other and unspecified effects of external causes
T98.2,Sequelae of certain early complications of trauma
T98.3,"Sequelae of complications of surgical and medical care, not elsewhere classified"
V01,Pedestrian injured in collision with pedal cycle
V01.0,Pedestrian injured in collision with pedal cycle: Nontraffic accident
V01.1,Pedestrian injured in collision with pedal cycle: Traffic accident
V01.9,Pedestrian injured in collision with pedal cycle: Unspecified whether traffic or nontraffic accident
V02,Pedestrian injured in collision with two- or three-wheeled motor vehicle
V02.0,Pedestrian injured in collision with two- or three-wheeled motor vehicle: Nontraffic accident
V02.1,Pedestrian injured in collision with two- or three-wheeled motor vehicle: Traffic accident
V02.9,Pedestrian injured in collision with two- or three-wheeled motor vehicle: Unspecified whether traffic or nontraffic accident
V03,"Pedestrian injured in collision with car, pick-up truck or van"
V03.0,"Pedestrian injured in collision with car, pick-up truck or van: Nontraffic accident"
V03.1,"Pedestrian injured in collision with car, pick-up truck or van: Traffic accident"
V03.9,"Pedestrian injured in collision with car, pick-up truck or van: Unspecified whether traffic or nontraffic accident"
V04,Pedestrian injured in collision with heavy transport vehicle or bus
V04.0,Pedestrian injured in collision with heavy transport vehicle or bus: Nontraffic accident
V04.1,Pedestrian injured in collision with heavy transport vehicle or bus: Traffic accident
V04.9,Pedestrian injured in collision with heavy transport vehicle or bus: Unspecified whether traffic or nontraffic accident
V05,Pedestrian injured in collision with railway train or railway vehicle
V05.0,Pedestrian injured in collision with railway train or railway vehicle: Nontraffic accident
V05.1,Pedestrian injured in collision with railway train or railway vehicle: Traffic accident
V05.9,Pedestrian injured in collision with railway train or railway vehicle: Unspecified whether traffic or nontraffic accident
V06,Pedestrian injured in collision with other nonmotor vehicle
V06.0,Pedestrian injured in collision with other nonmotor vehicle: Nontraffic accident
V06.1,Pedestrian injured in collision with other nonmotor vehicle: Traffic accident
V06.9,Pedestrian injured in collision with other nonmotor vehicle: Unspecified whether traffic or nontraffic accident
V09,Pedestrian injured in other and unspecified transport accidents
V09.0,Pedestrian injured in nontraffic accident involving other and unspecified motor vehicles
V09.1,Pedestrian injured in unspecified nontraffic accident
V09.2,Pedestrian injured in traffic accident involving other and unspecified motor vehicles
V09.3,Pedestrian injured in unspecified traffic accident
V09.9,Pedestrian injured in unspecified transport accident
V10,Pedal cyclist injured in collision with pedestrian or animal
V10.0,Pedal cyclist injured in collision with pedestrian or animal: Driver injured in nontraffic accident
V10.1,Pedal cyclist injured in collision with pedestrian or animal: Passenger injured in nontraffic accident
V10.2,Pedal cyclist injured in collision with pedestrian or animal: Unspecified pedal cyclist injured in nontraffic accident
V10.3,Pedal cyclist injured in collision with pedestrian or animal: Person injured while boarding or alighting
V10.4,Pedal cyclist injured in collision with pedestrian or animal: Driver injured in traffic accident
V10.5,Pedal cyclist injured in collision with pedestrian or animal: Passenger injured in traffic accident
V10.9,Pedal cyclist injured in collision with pedestrian or animal: Unspecified pedal cyclist injured in traffic accident
V11,Pedal cyclist injured in collision with other pedal cycle
V11.0,Pedal cyclist injured in collision with other pedal cycle: Driver injured in nontraffic accident
V11.1,Pedal cyclist injured in collision with other pedal cycle: Passenger injured in nontraffic accident
V11.2,Pedal cyclist injured in collision with other pedal cycle: Unspecified pedal cyclist injured in nontraffic accident
V11.3,Pedal cyclist injured in collision with other pedal cycle: Person injured while boarding or alighting
V11.4,Pedal cyclist injured in collision with other pedal cycle: Driver injured in traffic accident
V11.5,Pedal cyclist injured in collision with other pedal cycle: Passenger injured in traffic accident
V11.9,Pedal cyclist injured in collision with other pedal cycle: Unspecified pedal cyclist injured in traffic accident
V12,Pedal cyclist injured in collision with two- or three-wheeled motor vehicle
V12.0,Pedal cyclist injured in collision with two- or three-wheeled motor vehicle: Driver injured in nontraffic accident
V12.1,Pedal cyclist injured in collision with two- or three-wheeled motor vehicle: Passenger injured in nontraffic accident
V12.2,Pedal cyclist injured in collision with two- or three-wheeled motor vehicle: Unspecified pedal cyclist injured in nontraffic accident
V12.3,Pedal cyclist injured in collision with two- or three-wheeled motor vehicle: Person injured while boarding or alighting
V12.4,Pedal cyclist injured in collision with two- or three-wheeled motor vehicle: Driver injured in traffic accident
V12.5,Pedal cyclist injured in collision with two- or three-wheeled motor vehicle: Passenger injured in traffic accident
V12.9,Pedal cyclist injured in collision with two- or three-wheeled motor vehicle: Unspecified pedal cyclist injured in traffic accident
V13,"Pedal cyclist injured in collision with car, pick-up truck or van"
V13.0,"Pedal cyclist injured in collision with car, pick-up truck or van: Driver injured in nontraffic accident"
V13.1,"Pedal cyclist injured in collision with car, pick-up truck or van: Passenger injured in nontraffic accident"
V13.2,"Pedal cyclist injured in collision with car, pick-up truck or van: Unspecified pedal cyclist injured in nontraffic accident"
V13.3,"Pedal cyclist injured in collision with car, pick-up truck or van: Person injured while boarding or alighting"
V13.4,"Pedal cyclist injured in collision with car, pick-up truck or van: Driver injured in traffic accident"
V13.5,"Pedal cyclist injured in collision with car, pick-up truck or van: Passenger injured in traffic accident"
V13.9,"Pedal cyclist injured in collision with car, pick-up truck or van: Unspecified pedal cyclist injured in traffic accident"
V14,Pedal cyclist injured in collision with heavy transport vehicle or bus
V14.0,Pedal cyclist injured in collision with heavy transport vehicle or bus: Driver injured in nontraffic accident
V14.1,Pedal cyclist injured in collision with heavy transport vehicle or bus: Passenger injured in nontraffic accident
V14.2,Pedal cyclist injured in collision with heavy transport vehicle or bus: Unspecified pedal cyclist injured in nontraffic accident
V14.3,Pedal cyclist injured in collision with heavy transport vehicle or bus: Person injured while boarding or alighting
V14.4,Pedal cyclist injured in collision with heavy transport vehicle or bus: Driver injured in traffic accident
V14.5,Pedal cyclist injured in collision with heavy transport vehicle or bus: Passenger injured in traffic accident
V14.9,Pedal cyclist injured in collision with heavy transport vehicle or bus: Unspecified pedal cyclist injured in traffic accident
V15,Pedal cyclist injured in collision with railway train or railway vehicle
V15.0,Pedal cyclist injured in collision with railway train or railway vehicle: Driver injured in nontraffic accident
V15.1,Pedal cyclist injured in collision with railway train or railway vehicle: Passenger injured in nontraffic accident
V15.2,Pedal cyclist injured in collision with railway train or railway vehicle: Unspecified pedal cyclist injured in nontraffic accident
V15.3,Pedal cyclist injured in collision with railway train or railway vehicle: Person injured while boarding or alighting
V15.4,Pedal cyclist injured in collision with railway train or railway vehicle: Driver injured in traffic accident
V15.5,Pedal cyclist injured in collision with railway train or railway vehicle: Passenger injured in traffic accident
V15.9,Pedal cyclist injured in collision with railway train or railway vehicle: Unspecified pedal cyclist injured in traffic accident
V16,Pedal cyclist injured in collision with other nonmotor vehicle
V16.0,Pedal cyclist injured in collision with other nonmotor vehicle: Driver injured in nontraffic accident
V16.1,Pedal cyclist injured in collision with other nonmotor vehicle: Passenger injured in nontraffic accident
V16.2,Pedal cyclist injured in collision with other nonmotor vehicle: Unspecified pedal cyclist injured in nontraffic accident
V16.3,Pedal cyclist injured in collision with other nonmotor vehicle: Person injured while boarding or alighting
V16.4,Pedal cyclist injured in collision with other nonmotor vehicle: Driver injured in traffic accident
V16.5,Pedal cyclist injured in collision with other nonmotor vehicle: Passenger injured in traffic accident
V16.9,Pedal cyclist injured in collision with other nonmotor vehicle: Unspecified pedal cyclist injured in traffic accident
V17,Pedal cyclist injured in collision with fixed or stationary object
V17.0,Pedal cyclist injured in collision with fixed or stationary object: Driver injured in nontraffic accident
V17.1,Pedal cyclist injured in collision with fixed or stationary object: Passenger injured in nontraffic accident
V17.2,Pedal cyclist injured in collision with fixed or stationary object: Unspecified pedal cyclist injured in nontraffic accident
V17.3,Pedal cyclist injured in collision with fixed or stationary object: Person injured while boarding or alighting
V17.4,Pedal cyclist injured in collision with fixed or stationary object: Driver injured in traffic accident
V17.5,Pedal cyclist injured in collision with fixed or stationary object: Passenger injured in traffic accident
V17.9,Pedal cyclist injured in collision with fixed or stationary object: Unspecified pedal cyclist injured in traffic accident
V18,Pedal cyclist injured in noncollision transport accident
V18.0,Pedal cyclist injured in noncollision transport accident: Driver injured in nontraffic accident
V18.1,Pedal cyclist injured in noncollision transport accident: Passenger injured in nontraffic accident
V18.2,Pedal cyclist injured in noncollision transport accident: Unspecified pedal cyclist injured in nontraffic accident
V18.3,Pedal cyclist injured in noncollision transport accident: Person injured while boarding or alighting
V18.4,Pedal cyclist injured in noncollision transport accident: Driver injured in traffic accident
V18.5,Pedal cyclist injured in noncollision transport accident: Passenger injured in traffic accident
V18.9,Pedal cyclist injured in noncollision transport accident: Unspecified pedal cyclist injured in traffic accident
V19,Pedal cyclist injured in other and unspecified transport accidents
V19.0,Driver injured in collision with other and unspecified motor vehicles in nontraffic accident
V19.1,Passenger injured in collision with other and unspecified motor vehicles in nontraffic accident
V19.2,Unspecified pedal cyclist injured in collision with other and unspecified motor vehicles in nontraffic accident
V19.3,Pedal cyclist [any] injured in unspecified nontraffic accident
V19.4,Driver injured in collision with other and unspecified motor vehicles in traffic accident
V19.5,Passenger injured in collision with other and unspecified motor vehicles in traffic accident
V19.6,Unspecified pedal cyclist injured in collision with other and unspecified motor vehicles in traffic accident
V19.8,Pedal cyclist [any] injured in other specified transport accidents
V19.9,Pedal cyclist [any] injured in unspecified traffic accident
V20,Motorcycle rider injured in collision with pedestrian or animal
V20.0,Motorcycle rider injured in collision with pedestrian or animal: Driver injured in nontraffic accident
V20.1,Motorcycle rider injured in collision with pedestrian or animal: Passenger injured in nontraffic accident
V20.2,Motorcycle rider injured in collision with pedestrian or animal: Unspecified motorcycle rider injured in nontraffic accident
V20.3,Motorcycle rider injured in collision with pedestrian or animal: Person injured while boarding or alighting
V20.4,Motorcycle rider injured in collision with pedestrian or animal: Driver injured in traffic accident
V20.5,Motorcycle rider injured in collision with pedestrian or animal: Passenger injured in traffic accident
V20.9,Motorcycle rider injured in collision with pedestrian or animal: Unspecified motorcycle rider injured in traffic accident
V21,Motorcycle rider injured in collision with pedal cycle
V21.0,Motorcycle rider injured in collision with pedal cycle: Driver injured in nontraffic accident
V21.1,Motorcycle rider injured in collision with pedal cycle: Passenger injured in nontraffic accident
V21.2,Motorcycle rider injured in collision with pedal cycle: Unspecified motorcycle rider injured in nontraffic accident
V21.3,Motorcycle rider injured in collision with pedal cycle: Person injured while boarding or alighting
V21.4,Motorcycle rider injured in collision with pedal cycle: Driver injured in traffic accident
V21.5,Motorcycle rider injured in collision with pedal cycle: Passenger injured in traffic accident
V21.9,Motorcycle rider injured in collision with pedal cycle: Unspecified motorcycle rider injured in traffic accident
V22,Motorcycle rider injured in collision with two- or three-wheeled motor vehicle
V22.0,Motorcycle rider injured in collision with two- or three-wheeled motor vehicle: Driver injured in nontraffic accident
V22.1,Motorcycle rider injured in collision with two- or three-wheeled motor vehicle: Passenger injured in nontraffic accident
V22.2,Motorcycle rider injured in collision with two- or three-wheeled motor vehicle: Unspecified motorcycle rider injured in nontraffic accident
V22.3,Motorcycle rider injured in collision with two- or three-wheeled motor vehicle: Person injured while boarding or alighting
V22.4,Motorcycle rider injured in collision with two- or three-wheeled motor vehicle: Driver injured in traffic accident
V22.5,Motorcycle rider injured in collision with two- or three-wheeled motor vehicle: Passenger injured in traffic accident
V22.9,Motorcycle rider injured in collision with two- or three-wheeled motor vehicle: Unspecified motorcycle rider injured in traffic accident
V23,"Motorcycle rider injured in collision with car, pick-up truck or van"
V23.0,"Motorcycle rider injured in collision with car, pick-up truck or van: Driver injured in nontraffic accident"
V23.1,"Motorcycle rider injured in collision with car, pick-up truck or van: Passenger injured in nontraffic accident"
V23.2,"Motorcycle rider injured in collision with car, pick-up truck or van: Unspecified motorcycle rider injured in nontraffic accident"
V23.3,"Motorcycle rider injured in collision with car, pick-up truck or van: Person injured while boarding or alighting"
V23.4,"Motorcycle rider injured in collision with car, pick-up truck or van: Driver injured in traffic accident"
V23.5,"Motorcycle rider injured in collision with car, pick-up truck or van: Passenger injured in traffic accident"
V23.9,"Motorcycle rider injured in collision with car, pick-up truck or van: Unspecified motorcycle rider injured in traffic accident"
V24,Motorcycle rider injured in collision with heavy transport vehicle or bus
V24.0,Motorcycle rider injured in collision with heavy transport vehicle or bus: Driver injured in nontraffic accident
V24.1,Motorcycle rider injured in collision with heavy transport vehicle or bus: Passenger injured in nontraffic accident
V24.2,Motorcycle rider injured in collision with heavy transport vehicle or bus: Unspecified motorcycle rider injured in nontraffic accident
V24.3,Motorcycle rider injured in collision with heavy transport vehicle or bus: Person injured while boarding or alighting
V24.4,Motorcycle rider injured in collision with heavy transport vehicle or bus: Driver injured in traffic accident
V24.5,Motorcycle rider injured in collision with heavy transport vehicle or bus: Passenger injured in traffic accident
V24.9,Motorcycle rider injured in collision with heavy transport vehicle or bus: Unspecified motorcycle rider injured in traffic accident
V25,Motorcycle rider injured in collision with railway train or railway vehicle
V25.0,Motorcycle rider injured in collision with railway train or railway vehicle: Driver injured in nontraffic accident
V25.1,Motorcycle rider injured in collision with railway train or railway vehicle: Passenger injured in nontraffic accident
V25.2,Motorcycle rider injured in collision with railway train or railway vehicle: Unspecified motorcycle rider injured in nontraffic accident
V25.3,Motorcycle rider injured in collision with railway train or railway vehicle: Person injured while boarding or alighting
V25.4,Motorcycle rider injured in collision with railway train or railway vehicle: Driver injured in traffic accident
V25.5,Motorcycle rider injured in collision with railway train or railway vehicle: Passenger injured in traffic accident
V25.9,Motorcycle rider injured in collision with railway train or railway vehicle: Unspecified motorcycle rider injured in traffic accident
V26,Motorcycle rider injured in collision with other nonmotor vehicle
V26.0,Motorcycle rider injured in collision with other nonmotor vehicle: Driver injured in nontraffic accident
V26.1,Motorcycle rider injured in collision with other nonmotor vehicle: Passenger injured in nontraffic accident
V26.2,Motorcycle rider injured in collision with other nonmotor vehicle: Unspecified motorcycle rider injured in nontraffic accident
V26.3,Motorcycle rider injured in collision with other nonmotor vehicle: Person injured while boarding or alighting
V26.4,Motorcycle rider injured in collision with other nonmotor vehicle: Driver injured in traffic accident
V26.5,Motorcycle rider injured in collision with other nonmotor vehicle: Passenger injured in traffic accident
V26.9,Motorcycle rider injured in collision with other nonmotor vehicle: Unspecified motorcycle rider injured in traffic accident
V27,Motorcycle rider injured in collision with fixed or stationary object
V27.0,Motorcycle rider injured in collision with fixed or stationary object: Driver injured in nontraffic accident
V27.1,Motorcycle rider injured in collision with fixed or stationary object: Passenger injured in nontraffic accident
V27.2,Motorcycle rider injured in collision with fixed or stationary object: Unspecified motorcycle rider injured in nontraffic accident
V27.3,Motorcycle rider injured in collision with fixed or stationary object: Person injured while boarding or alighting
V27.4,Motorcycle rider injured in collision with fixed or stationary object: Driver injured in traffic accident
V27.5,Motorcycle rider injured in collision with fixed or stationary object: Passenger injured in traffic accident
V27.9,Motorcycle rider injured in collision with fixed or stationary object: Unspecified motorcycle rider injured in traffic accident
V28,Motorcycle rider injured in noncollision transport accident
V28.0,Motorcycle rider injured in noncollision transport accident: Driver injured in nontraffic accident
V28.1,Motorcycle rider injured in noncollision transport accident: Passenger injured in nontraffic accident
V28.2,Motorcycle rider injured in noncollision transport accident: Unspecified motorcycle rider injured in nontraffic accident
V28.3,Motorcycle rider injured in noncollision transport accident: Person injured while boarding or alighting
V28.4,Motorcycle rider injured in noncollision transport accident: Driver injured in traffic accident
V28.5,Motorcycle rider injured in noncollision transport accident: Passenger injured in traffic accident
V28.9,Motorcycle rider injured in noncollision transport accident: Unspecified motorcycle rider injured in traffic accident
V29,Motorcycle rider injured in other and unspecified transport accidents
V29.0,Driver injured in collision with other and unspecified motor vehicles in nontraffic accident
V29.1,Passenger injured in collision with other and unspecified motor vehicles in nontraffic accident
V29.2,Unspecified motorcycle rider injured in collision with other and unspecified motor vehicles in nontraffic accident
V29.3,Motorcycle rider [any] injured in unspecified nontraffic accident
V29.4,Driver injured in collision with other and unspecified motor vehicles in traffic accident
V29.5,Passenger injured in collision with other and unspecified motor vehicles in traffic accident
V29.6,Unspecified motorcycle rider injured in collision with other and unspecified motor vehicles in traffic accident
V29.8,Motorcycle rider [any] injured in other specified transport accidents
V29.9,Motorcycle rider [any] injured in unspecified traffic accident
V30,Occupant of three-wheeled motor vehicle injured in collision with pedestrian or animal
V30.0,Occupant of three-wheeled motor vehicle injured in collision with pedestrian or animal: Driver injured in nontraffic accident
V30.1,Occupant of three-wheeled motor vehicle injured in collision with pedestrian or animal: Passenger injured in nontraffic accident
V30.2,Occupant of three-wheeled motor vehicle injured in collision with pedestrian or animal: Person on outside of vehicle injured in nontraffic accident
V30.3,Occupant of three-wheeled motor vehicle injured in collision with pedestrian or animal: Unspecified occupant of three-wheeled motor vehicle injured in nontraffic accident
V30.4,Occupant of three-wheeled motor vehicle injured in collision with pedestrian or animal: Person injured while boarding or alighting
V30.5,Occupant of three-wheeled motor vehicle injured in collision with pedestrian or animal: Driver injured in traffic accident
V30.6,Occupant of three-wheeled motor vehicle injured in collision with pedestrian or animal: Passenger injured in traffic accident
V30.7,Occupant of three-wheeled motor vehicle injured in collision with pedestrian or animal: Person on outside of vehicle injured in traffic accident
V30.9,Occupant of three-wheeled motor vehicle injured in collision with pedestrian or animal: Unspecified occupant of three-wheeled motor vehicle injured in traffic accident
V31,Occupant of three-wheeled motor vehicle injured in collision with pedal cycle
V31.0,Occupant of three-wheeled motor vehicle injured in collision with pedal cycle: Driver injured in nontraffic accident
V31.1,Occupant of three-wheeled motor vehicle injured in collision with pedal cycle: Passenger injured in nontraffic accident
V31.2,Occupant of three-wheeled motor vehicle injured in collision with pedal cycle: Person on outside of vehicle injured in nontraffic accident
V31.3,Occupant of three-wheeled motor vehicle injured in collision with pedal cycle: Unspecified occupant of three-wheeled motor vehicle injured in nontraffic accident
V31.4,Occupant of three-wheeled motor vehicle injured in collision with pedal cycle: Person injured while boarding or alighting
V31.5,Occupant of three-wheeled motor vehicle injured in collision with pedal cycle: Driver injured in traffic accident
V31.6,Occupant of three-wheeled motor vehicle injured in collision with pedal cycle: Passenger injured in traffic accident
V31.7,Occupant of three-wheeled motor vehicle injured in collision with pedal cycle: Person on outside of vehicle injured in traffic accident
V31.9,Occupant of three-wheeled motor vehicle injured in collision with pedal cycle: Unspecified occupant of three-wheeled motor vehicle injured in traffic accident
V32,Occupant of three-wheeled motor vehicle injured in collision with two- or three-wheeled motor vehicle
V32.0,Occupant of three-wheeled motor vehicle injured in collision with two- or three-wheeled motor vehicle: Driver injured in nontraffic accident
V32.1,Occupant of three-wheeled motor vehicle injured in collision with two- or three-wheeled motor vehicle: Passenger injured in nontraffic accident
V32.2,Occupant of three-wheeled motor vehicle injured in collision with two- or three-wheeled motor vehicle: Person on outside of vehicle injured in nontraffic accident
V32.3,Occupant of three-wheeled motor vehicle injured in collision with two- or three-wheeled motor vehicle: Unspecified occupant of three-wheeled motor vehicle injured in nontraffic accident
V32.4,Occupant of three-wheeled motor vehicle injured in collision with two- or three-wheeled motor vehicle: Person injured while boarding or alighting
V32.5,Occupant of three-wheeled motor vehicle injured in collision with two- or three-wheeled motor vehicle: Driver injured in traffic accident
V32.6,Occupant of three-wheeled motor vehicle injured in collision with two- or three-wheeled motor vehicle: Passenger injured in traffic accident
V32.7,Occupant of three-wheeled motor vehicle injured in collision with two- or three-wheeled motor vehicle: Person on outside of vehicle injured in traffic accident
V32.9,Occupant of three-wheeled motor vehicle injured in collision with two- or three-wheeled motor vehicle: Unspecified occupant of three-wheeled motor vehicle injured in traffic accident
V33,"Occupant of three-wheeled motor vehicle injured in collision with car, pick-up truck or van"
V33.0,"Occupant of three-wheeled motor vehicle injured in collision with car, pick-up truck or van: Driver injured in nontraffic accident"
V33.1,"Occupant of three-wheeled motor vehicle injured in collision with car, pick-up truck or van: Passenger injured in nontraffic accident"
V33.2,"Occupant of three-wheeled motor vehicle injured in collision with car, pick-up truck or van: Person on outside of vehicle injured in nontraffic accident"
V33.3,"Occupant of three-wheeled motor vehicle injured in collision with car, pick-up truck or van: Unspecified occupant of three-wheeled motor vehicle injured in nontraffic accident"
V33.4,"Occupant of three-wheeled motor vehicle injured in collision with car, pick-up truck or van: Person injured while boarding or alighting"
V33.5,"Occupant of three-wheeled motor vehicle injured in collision with car, pick-up truck or van: Driver injured in traffic accident"
V33.6,"Occupant of three-wheeled motor vehicle injured in collision with car, pick-up truck or van: Passenger injured in traffic accident"
V33.7,"Occupant of three-wheeled motor vehicle injured in collision with car, pick-up truck or van: Person on outside of vehicle injured in traffic accident"
V33.9,"Occupant of three-wheeled motor vehicle injured in collision with car, pick-up truck or van: Unspecified occupant of three-wheeled motor vehicle injured in traffic accident"
V34,Occupant of three-wheeled motor vehicle injured in collision with heavy transport vehicle or bus
V34.0,Occupant of three-wheeled motor vehicle injured in collision with heavy transport vehicle or bus: Driver injured in nontraffic accident
V34.1,Occupant of three-wheeled motor vehicle injured in collision with heavy transport vehicle or bus: Passenger injured in nontraffic accident
V34.2,Occupant of three-wheeled motor vehicle injured in collision with heavy transport vehicle or bus: Person on outside of vehicle injured in nontraffic accident
V34.3,Occupant of three-wheeled motor vehicle injured in collision with heavy transport vehicle or bus: Unspecified occupant of three-wheeled motor vehicle injured in nontraffic accident
V34.4,Occupant of three-wheeled motor vehicle injured in collision with heavy transport vehicle or bus: Person injured while boarding or alighting
V34.5,Occupant of three-wheeled motor vehicle injured in collision with heavy transport vehicle or bus: Driver injured in traffic accident
V34.6,Occupant of three-wheeled motor vehicle injured in collision with heavy transport vehicle or bus: Passenger injured in traffic accident
V34.7,Occupant of three-wheeled motor vehicle injured in collision with heavy transport vehicle or bus: Person on outside of vehicle injured in traffic accident
V34.9,Occupant of three-wheeled motor vehicle injured in collision with heavy transport vehicle or bus: Unspecified occupant of three-wheeled motor vehicle injured in traffic accident
V35,Occupant of three-wheeled motor vehicle injured in collision with railway train or railway vehicle
V35.0,Occupant of three-wheeled motor vehicle injured in collision with railway train or railway vehicle: Driver injured in nontraffic accident
V35.1,Occupant of three-wheeled motor vehicle injured in collision with railway train or railway vehicle: Passenger injured in nontraffic accident
V35.2,Occupant of three-wheeled motor vehicle injured in collision with railway train or railway vehicle: Person on outside of vehicle injured in nontraffic accident
V35.3,Occupant of three-wheeled motor vehicle injured in collision with railway train or railway vehicle: Unspecified occupant of three-wheeled motor vehicle injured in nontraffic accident
V35.4,Occupant of three-wheeled motor vehicle injured in collision with railway train or railway vehicle: Person injured while boarding or alighting
V35.5,Occupant of three-wheeled motor vehicle injured in collision with railway train or railway vehicle: Driver injured in traffic accident
V35.6,Occupant of three-wheeled motor vehicle injured in collision with railway train or railway vehicle: Passenger injured in traffic accident
V35.7,Occupant of three-wheeled motor vehicle injured in collision with railway train or railway vehicle: Person on outside of vehicle injured in traffic accident
V35.9,Occupant of three-wheeled motor vehicle injured in collision with railway train or railway vehicle: Unspecified occupant of three-wheeled motor vehicle injured in traffic accident
V36,Occupant of three-wheeled motor vehicle injured in collision with other nonmotor vehicle
V36.0,Occupant of three-wheeled motor vehicle injured in collision with other nonmotor vehicle: Driver injured in nontraffic accident
V36.1,Occupant of three-wheeled motor vehicle injured in collision with other nonmotor vehicle: Passenger injured in nontraffic accident
V36.2,Occupant of three-wheeled motor vehicle injured in collision with other nonmotor vehicle: Person on outside of vehicle injured in nontraffic accident
V36.3,Occupant of three-wheeled motor vehicle injured in collision with other nonmotor vehicle: Unspecified occupant of three-wheeled motor vehicle injured in nontraffic accident
V36.4,Occupant of three-wheeled motor vehicle injured in collision with other nonmotor vehicle: Person injured while boarding or alighting
V36.5,Occupant of three-wheeled motor vehicle injured in collision with other nonmotor vehicle: Driver injured in traffic accident
V36.6,Occupant of three-wheeled motor vehicle injured in collision with other nonmotor vehicle: Passenger injured in traffic accident
V36.7,Occupant of three-wheeled motor vehicle injured in collision with other nonmotor vehicle: Person on outside of vehicle injured in traffic accident
V36.9,Occupant of three-wheeled motor vehicle injured in collision with other nonmotor vehicle: Unspecified occupant of three-wheeled motor vehicle injured in traffic accident
V37,Occupant of three-wheeled motor vehicle injured in collision with fixed or stationary object
V37.0,Occupant of three-wheeled motor vehicle injured in collision with fixed or stationary object: Driver injured in nontraffic accident
V37.1,Occupant of three-wheeled motor vehicle injured in collision with fixed or stationary object: Passenger injured in nontraffic accident
V37.2,Occupant of three-wheeled motor vehicle injured in collision with fixed or stationary object: Person on outside of vehicle injured in nontraffic accident
V37.3,Occupant of three-wheeled motor vehicle injured in collision with fixed or stationary object: Unspecified occupant of three-wheeled motor vehicle injured in nontraffic accident
V37.4,Occupant of three-wheeled motor vehicle injured in collision with fixed or stationary object: Person injured while boarding or alighting
V37.5,Occupant of three-wheeled motor vehicle injured in collision with fixed or stationary object: Driver injured in traffic accident
V37.6,Occupant of three-wheeled motor vehicle injured in collision with fixed or stationary object: Passenger injured in traffic accident
V37.7,Occupant of three-wheeled motor vehicle injured in collision with fixed or stationary object: Person on outside of vehicle injured in traffic accident
V37.9,Occupant of three-wheeled motor vehicle injured in collision with fixed or stationary object: Unspecified occupant of three-wheeled motor vehicle injured in traffic accident
V38,Occupant of three-wheeled motor vehicle injured in noncollision transport accident
V38.0,Occupant of three-wheeled motor vehicle injured in noncollision transport accident: Driver injured in nontraffic accident
V38.1,Occupant of three-wheeled motor vehicle injured in noncollision transport accident: Passenger injured in nontraffic accident
V38.2,Occupant of three-wheeled motor vehicle injured in noncollision transport accident: Person on outside of vehicle injured in nontraffic accident
V38.3,Occupant of three-wheeled motor vehicle injured in noncollision transport accident: Unspecified occupant of three-wheeled motor vehicle injured in nontraffic accident
V38.4,Occupant of three-wheeled motor vehicle injured in noncollision transport accident: Person injured while boarding or alighting
V38.5,Occupant of three-wheeled motor vehicle injured in noncollision transport accident: Driver injured in traffic accident
V38.6,Occupant of three-wheeled motor vehicle injured in noncollision transport accident: Passenger injured in traffic accident
V38.7,Occupant of three-wheeled motor vehicle injured in noncollision transport accident: Person on outside of vehicle injured in traffic accident
V38.9,Occupant of three-wheeled motor vehicle injured in noncollision transport accident: Unspecified occupant of three-wheeled motor vehicle injured in traffic accident
V39,Occupant of three-wheeled motor vehicle injured in other and unspecified transport accidents
V39.0,Driver injured in collision with other and unspecified motor vehicles in nontraffic accident
V39.1,Passenger injured in collision with other and unspecified motor vehicles in nontraffic accident
V39.2,Unspecified occupant of three-wheeled motor vehicle injured in collision with other and unspecified motor vehicles in nontraffic accident
V39.3,Occupant [any] of three-wheeled motor vehicle injured in unspecified nontraffic accident
V39.4,Driver injured in collision with other and unspecified motor vehicles in traffic accident
V39.5,Passenger injured in collision with other and unspecified motor vehicles in traffic accident
V39.6,Unspecified occupant of three-wheeled motor vehicle injured in collision with other and unspecified motor vehicles in traffic accident
V39.8,Occupant [any] of three-wheeled motor vehicle injured in other specified transport accidents
V39.9,Occupant [any] of three-wheeled motor vehicle injured in unspecified traffic accident
V40,Car occupant injured in collision with pedestrian or animal
V40.0,Car occupant injured in collision with pedestrian or animal: Driver injured in nontraffic accident
V40.1,Car occupant injured in collision with pedestrian or animal: Passenger injured in nontraffic accident
V40.2,Car occupant injured in collision with pedestrian or animal: Person on outside of vehicle injured in nontraffic accident
V40.3,Car occupant injured in collision with pedestrian or animal: Unspecified car occupant injured in nontraffic accident
V40.4,Car occupant injured in collision with pedestrian or animal: Person injured while boarding or alighting
V40.5,Car occupant injured in collision with pedestrian or animal: Driver injured in traffic accident
V40.6,Car occupant injured in collision with pedestrian or animal: Passenger injured in traffic accident
V40.7,Car occupant injured in collision with pedestrian or animal: Person on outside of vehicle injured in traffic accident
V40.9,Car occupant injured in collision with pedestrian or animal: Unspecified car occupant injured in traffic accident
V41,Car occupant injured in collision with pedal cycle
V41.0,Car occupant injured in collision with pedal cycle: Driver injured in nontraffic accident
V41.1,Car occupant injured in collision with pedal cycle: Passenger injured in nontraffic accident
V41.2,Car occupant injured in collision with pedal cycle: Person on outside of vehicle injured in nontraffic accident
V41.3,Car occupant injured in collision with pedal cycle: Unspecified car occupant injured in nontraffic accident
V41.4,Car occupant injured in collision with pedal cycle: Person injured while boarding or alighting
V41.5,Car occupant injured in collision with pedal cycle: Driver injured in traffic accident
V41.6,Car occupant injured in collision with pedal cycle: Passenger injured in traffic accident
V41.7,Car occupant injured in collision with pedal cycle: Person on outside of vehicle injured in traffic accident
V41.9,Car occupant injured in collision with pedal cycle: Unspecified car occupant injured in traffic accident
V42,Car occupant injured in collision with two- or three-wheeled motor vehicle
V42.0,Car occupant injured in collision with two- or three-wheeled motor vehicle: Driver injured in nontraffic accident
V42.1,Car occupant injured in collision with two- or three-wheeled motor vehicle: Passenger injured in nontraffic accident
V42.2,Car occupant injured in collision with two- or three-wheeled motor vehicle: Person on outside of vehicle injured in nontraffic accident
V42.3,Car occupant injured in collision with two- or three-wheeled motor vehicle: Unspecified car occupant injured in nontraffic accident
V42.4,Car occupant injured in collision with two- or three-wheeled motor vehicle: Person injured while boarding or alighting
V42.5,Car occupant injured in collision with two- or three-wheeled motor vehicle: Driver injured in traffic accident
V42.6,Car occupant injured in collision with two- or three-wheeled motor vehicle: Passenger injured in traffic accident
V42.7,Car occupant injured in collision with two- or three-wheeled motor vehicle: Person on outside of vehicle injured in traffic accident
V42.9,Car occupant injured in collision with two- or three-wheeled motor vehicle: Unspecified car occupant injured in traffic accident
V43,"Car occupant injured in collision with car, pick-up truck or van"
V43.0,"Car occupant injured in collision with car, pick-up truck or van: Driver injured in nontraffic accident"
V43.1,"Car occupant injured in collision with car, pick-up truck or van: Passenger injured in nontraffic accident"
V43.2,"Car occupant injured in collision with car, pick-up truck or van: Person on outside of vehicle injured in nontraffic accident"
V43.3,"Car occupant injured in collision with car, pick-up truck or van: Unspecified car occupant injured in nontraffic accident"
V43.4,"Car occupant injured in collision with car, pick-up truck or van: Person injured while boarding or alighting"
V43.5,"Car occupant injured in collision with car, pick-up truck or van: Driver injured in traffic accident"
V43.6,"Car occupant injured in collision with car, pick-up truck or van: Passenger injured in traffic accident"
V43.7,"Car occupant injured in collision with car, pick-up truck or van: Person on outside of vehicle injured in traffic accident"
V43.9,"Car occupant injured in collision with car, pick-up truck or van: Unspecified car occupant injured in traffic accident"
V44,Car occupant injured in collision with heavy transport vehicle or bus
V44.0,Car occupant injured in collision with heavy transport vehicle or bus: Driver injured in nontraffic accident
V44.1,Car occupant injured in collision with heavy transport vehicle or bus: Passenger injured in nontraffic accident
V44.2,Car occupant injured in collision with heavy transport vehicle or bus: Person on outside of vehicle injured in nontraffic accident
V44.3,Car occupant injured in collision with heavy transport vehicle or bus: Unspecified car occupant injured in nontraffic accident
V44.4,Car occupant injured in collision with heavy transport vehicle or bus: Person injured while boarding or alighting
V44.5,Car occupant injured in collision with heavy transport vehicle or bus: Driver injured in traffic accident
V44.6,Car occupant injured in collision with heavy transport vehicle or bus: Passenger injured in traffic accident
V44.7,Car occupant injured in collision with heavy transport vehicle or bus: Person on outside of vehicle injured in traffic accident
V44.9,Car occupant injured in collision with heavy transport vehicle or bus: Unspecified car occupant injured in traffic accident
V45,Car occupant injured in collision with railway train or railway vehicle
V45.0,Car occupant injured in collision with railway train or railway vehicle: Driver injured in nontraffic accident
V45.1,Car occupant injured in collision with railway train or railway vehicle: Passenger injured in nontraffic accident
V45.2,Car occupant injured in collision with railway train or railway vehicle: Person on outside of vehicle injured in nontraffic accident
V45.3,Car occupant injured in collision with railway train or railway vehicle: Unspecified car occupant injured in nontraffic accident
V45.4,Car occupant injured in collision with railway train or railway vehicle: Person injured while boarding or alighting
V45.5,Car occupant injured in collision with railway train or railway vehicle: Driver injured in traffic accident
V45.6,Car occupant injured in collision with railway train or railway vehicle: Passenger injured in traffic accident
V45.7,Car occupant injured in collision with railway train or railway vehicle: Person on outside of vehicle injured in traffic accident
V45.9,Car occupant injured in collision with railway train or railway vehicle: Unspecified car occupant injured in traffic accident
V46,Car occupant injured in collision with other nonmotor vehicle
V46.0,Car occupant injured in collision with other nonmotor vehicle: Driver injured in nontraffic accident
V46.1,Car occupant injured in collision with other nonmotor vehicle: Passenger injured in nontraffic accident
V46.2,Car occupant injured in collision with other nonmotor vehicle: Person on outside of vehicle injured in nontraffic accident
V46.3,Car occupant injured in collision with other nonmotor vehicle: Unspecified car occupant injured in nontraffic accident
V46.4,Car occupant injured in collision with other nonmotor vehicle: Person injured while boarding or alighting
V46.5,Car occupant injured in collision with other nonmotor vehicle: Driver injured in traffic accident
V46.6,Car occupant injured in collision with other nonmotor vehicle: Passenger injured in traffic accident
V46.7,Car occupant injured in collision with other nonmotor vehicle: Person on outside of vehicle injured in traffic accident
V46.9,Car occupant injured in collision with other nonmotor vehicle: Unspecified car occupant injured in traffic accident
V47,Car occupant injured in collision with fixed or stationary object
V47.0,Car occupant injured in collision with fixed or stationary object: Driver injured in nontraffic accident
V47.1,Car occupant injured in collision with fixed or stationary object: Passenger injured in nontraffic accident
V47.2,Car occupant injured in collision with fixed or stationary object: Person on outside of vehicle injured in nontraffic accident
V47.3,Car occupant injured in collision with fixed or stationary object: Unspecified car occupant injured in nontraffic accident
V47.4,Car occupant injured in collision with fixed or stationary object: Person injured while boarding or alighting
V47.5,Car occupant injured in collision with fixed or stationary object: Driver injured in traffic accident
V47.6,Car occupant injured in collision with fixed or stationary object: Passenger injured in traffic accident
V47.7,Car occupant injured in collision with fixed or stationary object: Person on outside of vehicle injured in traffic accident
V47.9,Car occupant injured in collision with fixed or stationary object: Unspecified car occupant injured in traffic accident
V48,Car occupant injured in noncollision transport accident
V48.0,Car occupant injured in noncollision transport accident: Driver injured in nontraffic accident
V48.1,Car occupant injured in noncollision transport accident: Passenger injured in nontraffic accident
V48.2,Car occupant injured in noncollision transport accident: Person on outside of vehicle injured in nontraffic accident
V48.3,Car occupant injured in noncollision transport accident: Unspecified car occupant injured in nontraffic accident
V48.4,Car occupant injured in noncollision transport accident: Person injured while boarding or alighting
V48.5,Car occupant injured in noncollision transport accident: Driver injured in traffic accident
V48.6,Car occupant injured in noncollision transport accident: Passenger injured in traffic accident
V48.7,Car occupant injured in noncollision transport accident: Person on outside of vehicle injured in traffic accident
V48.9,Car occupant injured in noncollision transport accident: Unspecified car occupant injured in traffic accident
V49,Car occupant injured in other and unspecified transport accidents
V49.0,Driver injured in collision with other and unspecified motor vehicles in nontraffic accident
V49.1,Passenger injured in collision with other and unspecified motor vehicles in nontraffic accident
V49.2,Unspecified car occupant injured in collision with other and unspecified motor vehicles in nontraffic accident
V49.3,Car occupant [any] injured in unspecified nontraffic accident
V49.4,Driver injured in collision with other and unspecified motor vehicles in traffic accident
V49.5,Passenger injured in collision with other and unspecified motor vehicles in traffic accident
V49.6,Unspecified car occupant injured in collision with other and unspecified motor vehicles in traffic accident
V49.8,Car occupant [any] injured in other specified transport accidents
V49.9,Car occupant [any] injured in unspecified traffic accident
V50,Occupant of pick-up truck or van injured in collision with pedestrian or animal
V50.0,Occupant of pick-up truck or van injured in collision with pedestrian or animal: Driver injured in nontraffic accident
V50.1,Occupant of pick-up truck or van injured in collision with pedestrian or animal: Passenger injured in nontraffic accident
V50.2,Occupant of pick-up truck or van injured in collision with pedestrian or animal: Person on outside of vehicle injured in nontraffic accident
V50.3,Occupant of pick-up truck or van injured in collision with pedestrian or animal: Unspecified occupant of pick-up truck or van injured in nontraffic accident
V50.4,Occupant of pick-up truck or van injured in collision with pedestrian or animal: Person injured while boarding or alighting
V50.5,Occupant of pick-up truck or van injured in collision with pedestrian or animal: Driver injured in traffic accident
V50.6,Occupant of pick-up truck or van injured in collision with pedestrian or animal: Passenger injured in traffic accident
V50.7,Occupant of pick-up truck or van injured in collision with pedestrian or animal: Person on outside of vehicle injured in traffic accident
V50.9,Occupant of pick-up truck or van injured in collision with pedestrian or animal: Unspecified occupant of pick-up truck or van injured in traffic accident
V51,Occupant of pick-up truck or van injured in collision with pedal cycle
V51.0,Occupant of pick-up truck or van injured in collision with pedal cycle: Driver injured in nontraffic accident
V51.1,Occupant of pick-up truck or van injured in collision with pedal cycle: Passenger injured in nontraffic accident
V51.2,Occupant of pick-up truck or van injured in collision with pedal cycle: Person on outside of vehicle injured in nontraffic accident
V51.3,Occupant of pick-up truck or van injured in collision with pedal cycle: Unspecified occupant of pick-up truck or van injured in nontraffic accident
V51.4,Occupant of pick-up truck or van injured in collision with pedal cycle: Person injured while boarding or alighting
V51.5,Occupant of pick-up truck or van injured in collision with pedal cycle: Driver injured in traffic accident
V51.6,Occupant of pick-up truck or van injured in collision with pedal cycle: Passenger injured in traffic accident
V51.7,Occupant of pick-up truck or van injured in collision with pedal cycle: Person on outside of vehicle injured in traffic accident
V51.9,Occupant of pick-up truck or van injured in collision with pedal cycle: Unspecified occupant of pick-up truck or van injured in traffic accident
V52,Occupant of pick-up truck or van injured in collision with two- or three-wheeled motor vehicle
V52.0,Occupant of pick-up truck or van injured in collision with two- or three-wheeled motor vehicle: Driver injured in nontraffic accident
V52.1,Occupant of pick-up truck or van injured in collision with two- or three-wheeled motor vehicle: Passenger injured in nontraffic accident
V52.2,Occupant of pick-up truck or van injured in collision with two- or three-wheeled motor vehicle: Person on outside of vehicle injured in nontraffic accident
V52.3,Occupant of pick-up truck or van injured in collision with two- or three-wheeled motor vehicle: Unspecified occupant of pick-up truck or van injured in nontraffic accident
V52.4,Occupant of pick-up truck or van injured in collision with two- or three-wheeled motor vehicle: Person injured while boarding or alighting
V52.5,Occupant of pick-up truck or van injured in collision with two- or three-wheeled motor vehicle: Driver injured in traffic accident
V52.6,Occupant of pick-up truck or van injured in collision with two- or three-wheeled motor vehicle: Passenger injured in traffic accident
V52.7,Occupant of pick-up truck or van injured in collision with two- or three-wheeled motor vehicle: Person on outside of vehicle injured in traffic accident
V52.9,Occupant of pick-up truck or van injured in collision with two- or three-wheeled motor vehicle: Unspecified occupant of pick-up truck or van injured in traffic accident
V53,"Occupant of pick-up truck or van injured in collision with car, pick-up truck or van"
V53.0,"Occupant of pick-up truck or van injured in collision with car, pick-up truck or van: Driver injured in nontraffic accident"
V53.1,"Occupant of pick-up truck or van injured in collision with car, pick-up truck or van: Passenger injured in nontraffic accident"
V53.2,"Occupant of pick-up truck or van injured in collision with car, pick-up truck or van: Person on outside of vehicle injured in nontraffic accident"
V53.3,"Occupant of pick-up truck or van injured in collision with car, pick-up truck or van: Unspecified occupant of pick-up truck or van injured in nontraffic accident"
V53.4,"Occupant of pick-up truck or van injured in collision with car, pick-up truck or van: Person injured while boarding or alighting"
V53.5,"Occupant of pick-up truck or van injured in collision with car, pick-up truck or van: Driver injured in traffic accident"
V53.6,"Occupant of pick-up truck or van injured in collision with car, pick-up truck or van: Passenger injured in traffic accident"
V53.7,"Occupant of pick-up truck or van injured in collision with car, pick-up truck or van: Person on outside of vehicle injured in traffic accident"
V53.9,"Occupant of pick-up truck or van injured in collision with car, pick-up truck or van: Unspecified occupant of pick-up truck or van injured in traffic accident"
V54,Occupant of pick-up truck or van injured in collision with heavy transport vehicle or bus
V54.0,Occupant of pick-up truck or van injured in collision with heavy transport vehicle or bus: Driver injured in nontraffic accident
V54.1,Occupant of pick-up truck or van injured in collision with heavy transport vehicle or bus: Passenger injured in nontraffic accident
V54.2,Occupant of pick-up truck or van injured in collision with heavy transport vehicle or bus: Person on outside of vehicle injured in nontraffic accident
V54.3,Occupant of pick-up truck or van injured in collision with heavy transport vehicle or bus: Unspecified occupant of pick-up truck or van injured in nontraffic accident
V54.4,Occupant of pick-up truck or van injured in collision with heavy transport vehicle or bus: Person injured while boarding or alighting
V54.5,Occupant of pick-up truck or van injured in collision with heavy transport vehicle or bus: Driver injured in traffic accident
V54.6,Occupant of pick-up truck or van injured in collision with heavy transport vehicle or bus: Passenger injured in traffic accident
V54.7,Occupant of pick-up truck or van injured in collision with heavy transport vehicle or bus: Person on outside of vehicle injured in traffic accident
V54.9,Occupant of pick-up truck or van injured in collision with heavy transport vehicle or bus: Unspecified occupant of pick-up truck or van injured in traffic accident
V55,Occupant of pick-up truck or van injured in collision with railway train or railway vehicle
V55.0,Occupant of pick-up truck or van injured in collision with railway train or railway vehicle: Driver injured in nontraffic accident
V55.1,Occupant of pick-up truck or van injured in collision with railway train or railway vehicle: Passenger injured in nontraffic accident
V55.2,Occupant of pick-up truck or van injured in collision with railway train or railway vehicle: Person on outside of vehicle injured in nontraffic accident
V55.3,Occupant of pick-up truck or van injured in collision with railway train or railway vehicle: Unspecified occupant of pick-up truck or van injured in nontraffic accident
V55.4,Occupant of pick-up truck or van injured in collision with railway train or railway vehicle: Person injured while boarding or alighting
V55.5,Occupant of pick-up truck or van injured in collision with railway train or railway vehicle: Driver injured in traffic accident
V55.6,Occupant of pick-up truck or van injured in collision with railway train or railway vehicle: Passenger injured in traffic accident
V55.7,Occupant of pick-up truck or van injured in collision with railway train or railway vehicle: Person on outside of vehicle injured in traffic accident
V55.9,Occupant of pick-up truck or van injured in collision with railway train or railway vehicle: Unspecified occupant of pick-up truck or van injured in traffic accident
V56,Occupant of pick-up truck or van injured in collision with other nonmotor vehicle
V56.0,Occupant of pick-up truck or van injured in collision with other nonmotor vehicle: Driver injured in nontraffic accident
V56.1,Occupant of pick-up truck or van injured in collision with other nonmotor vehicle: Passenger injured in nontraffic accident
V56.2,Occupant of pick-up truck or van injured in collision with other nonmotor vehicle: Person on outside of vehicle injured in nontraffic accident
V56.3,Occupant of pick-up truck or van injured in collision with other nonmotor vehicle: Unspecified occupant of pick-up truck or van injured in nontraffic accident
V56.4,Occupant of pick-up truck or van injured in collision with other nonmotor vehicle: Person injured while boarding or alighting
V56.5,Occupant of pick-up truck or van injured in collision with other nonmotor vehicle: Driver injured in traffic accident
V56.6,Occupant of pick-up truck or van injured in collision with other nonmotor vehicle: Passenger injured in traffic accident
V56.7,Occupant of pick-up truck or van injured in collision with other nonmotor vehicle: Person on outside of vehicle injured in traffic accident
V56.9,Occupant of pick-up truck or van injured in collision with other nonmotor vehicle: Unspecified occupant of pick-up truck or van injured in traffic accident
V57,Occupant of pick-up truck or van injured in collision with fixed or stationary object
V57.0,Occupant of pick-up truck or van injured in collision with fixed or stationary object: Driver injured in nontraffic accident
V57.1,Occupant of pick-up truck or van injured in collision with fixed or stationary object: Passenger injured in nontraffic accident
V57.2,Occupant of pick-up truck or van injured in collision with fixed or stationary object: Person on outside of vehicle injured in nontraffic accident
V57.3,Occupant of pick-up truck or van injured in collision with fixed or stationary object: Unspecified occupant of pick-up truck or van injured in nontraffic accident
V57.4,Occupant of pick-up truck or van injured in collision with fixed or stationary object: Person injured while boarding or alighting
V57.5,Occupant of pick-up truck or van injured in collision with fixed or stationary object: Driver injured in traffic accident
V57.6,Occupant of pick-up truck or van injured in collision with fixed or stationary object: Passenger injured in traffic accident
V57.7,Occupant of pick-up truck or van injured in collision with fixed or stationary object: Person on outside of vehicle injured in traffic accident
V57.9,Occupant of pick-up truck or van injured in collision with fixed or stationary object: Unspecified occupant of pick-up truck or van injured in traffic accident
V58,Occupant of pick-up truck or van injured in noncollision transport accident
V58.0,Occupant of pick-up truck or van injured in noncollision transport accident: Driver injured in nontraffic accident
V58.1,Occupant of pick-up truck or van injured in noncollision transport accident: Passenger injured in nontraffic accident
V58.2,Occupant of pick-up truck or van injured in noncollision transport accident: Person on outside of vehicle injured in nontraffic accident
V58.3,Occupant of pick-up truck or van injured in noncollision transport accident: Unspecified occupant of pick-up truck or van injured in nontraffic accident
V58.4,Occupant of pick-up truck or van injured in noncollision transport accident: Person injured while boarding or alighting
V58.5,Occupant of pick-up truck or van injured in noncollision transport accident: Driver injured in traffic accident
V58.6,Occupant of pick-up truck or van injured in noncollision transport accident: Passenger injured in traffic accident
V58.7,Occupant of pick-up truck or van injured in noncollision transport accident: Person on outside of vehicle injured in traffic accident
V58.9,Occupant of pick-up truck or van injured in noncollision transport accident: Unspecified occupant of pick-up truck or van injured in traffic accident
V59,Occupant of pick-up truck or van injured in other and unspecified transport accidents
V59.0,Driver injured in collision with other and unspecified motor vehicles in nontraffic accident
V59.1,Passenger injured in collision with other and unspecified motor vehicles in nontraffic accident
V59.2,Unspecified occupant of pick-up truck or van injured in collision with other and unspecified motor vehicles in nontraffic accident
V59.3,Occupant [any] of pick-up truck or van injured in unspecified nontraffic accident
V59.4,Driver injured in collision with other and unspecified motor vehicles in traffic accident
V59.5,Passenger injured in collision with other and unspecified motor vehicles in traffic accident
V59.6,Unspecified occupant of pick-up truck or van injured in collision with other and unspecified motor vehicles in traffic accident
V59.8,Occupant [any] of pick-up truck or van injured in other specified transport accidents
V59.9,Occupant [any] of pick-up truck or van injured in unspecified traffic accident
V60,Occupant of heavy transport vehicle injured in collision with pedestrian or animal
V60.0,Occupant of heavy transport vehicle injured in collision with pedestrian or animal: Driver injured in nontraffic accident
V60.1,Occupant of heavy transport vehicle injured in collision with pedestrian or animal: Passenger injured in nontraffic accident
V60.2,Occupant of heavy transport vehicle injured in collision with pedestrian or animal: Person on outside of vehicle injured in nontraffic accident
V60.3,Occupant of heavy transport vehicle injured in collision with pedestrian or animal: Unspecified occupant of heavy transport vehicle injured in nontraffic accident
V60.4,Occupant of heavy transport vehicle injured in collision with pedestrian or animal: Person injured while boarding or alighting
V60.5,Occupant of heavy transport vehicle injured in collision with pedestrian or animal: Driver injured in traffic accident
V60.6,Occupant of heavy transport vehicle injured in collision with pedestrian or animal: Passenger injured in traffic accident
V60.7,Occupant of heavy transport vehicle injured in collision with pedestrian or animal: Person on outside of vehicle injured in traffic accident
V60.9,Occupant of heavy transport vehicle injured in collision with pedestrian or animal: Unspecified occupant of heavy transport vehicle injured in traffic accident
V61,Occupant of heavy transport vehicle injured in collision with pedal cycle
V61.0,Occupant of heavy transport vehicle injured in collision with pedal cycle: Driver injured in nontraffic accident
V61.1,Occupant of heavy transport vehicle injured in collision with pedal cycle: Passenger injured in nontraffic accident
V61.2,Occupant of heavy transport vehicle injured in collision with pedal cycle: Person on outside of vehicle injured in nontraffic accident
V61.3,Occupant of heavy transport vehicle injured in collision with pedal cycle: Unspecified occupant of heavy transport vehicle injured in nontraffic accident
V61.4,Occupant of heavy transport vehicle injured in collision with pedal cycle: Person injured while boarding or alighting
V61.5,Occupant of heavy transport vehicle injured in collision with pedal cycle: Driver injured in traffic accident
V61.6,Occupant of heavy transport vehicle injured in collision with pedal cycle: Passenger injured in traffic accident
V61.7,Occupant of heavy transport vehicle injured in collision with pedal cycle: Person on outside of vehicle injured in traffic accident
V61.9,Occupant of heavy transport vehicle injured in collision with pedal cycle: Unspecified occupant of heavy transport vehicle injured in traffic accident
V62,Occupant of heavy transport vehicle injured in collision with two- or three-wheeled motor vehicle
V62.0,Occupant of heavy transport vehicle injured in collision with two- or three-wheeled motor vehicle: Driver injured in nontraffic accident
V62.1,Occupant of heavy transport vehicle injured in collision with two- or three-wheeled motor vehicle: Passenger injured in nontraffic accident
V62.2,Occupant of heavy transport vehicle injured in collision with two- or three-wheeled motor vehicle: Person on outside of vehicle injured in nontraffic accident
V62.3,Occupant of heavy transport vehicle injured in collision with two- or three-wheeled motor vehicle: Unspecified occupant of heavy transport vehicle injured in nontraffic accident
V62.4,Occupant of heavy transport vehicle injured in collision with two- or three-wheeled motor vehicle: Person injured while boarding or alighting
V62.5,Occupant of heavy transport vehicle injured in collision with two- or three-wheeled motor vehicle: Driver injured in traffic accident
V62.6,Occupant of heavy transport vehicle injured in collision with two- or three-wheeled motor vehicle: Passenger injured in traffic accident
V62.7,Occupant of heavy transport vehicle injured in collision with two- or three-wheeled motor vehicle: Person on outside of vehicle injured in traffic accident
V62.9,Occupant of heavy transport vehicle injured in collision with two- or three-wheeled motor vehicle: Unspecified occupant of heavy transport vehicle injured in traffic accident
V63,"Occupant of heavy transport vehicle injured in collision with car, pick-up truck or van"
V63.0,"Occupant of heavy transport vehicle injured in collision with car, pick-up truck or van: Driver injured in nontraffic accident"
V63.1,"Occupant of heavy transport vehicle injured in collision with car, pick-up truck or van: Passenger injured in nontraffic accident"
V63.2,"Occupant of heavy transport vehicle injured in collision with car, pick-up truck or van: Person on outside of vehicle injured in nontraffic accident"
V63.3,"Occupant of heavy transport vehicle injured in collision with car, pick-up truck or van: Unspecified occupant of heavy transport vehicle injured in nontraffic accident"
V63.4,"Occupant of heavy transport vehicle injured in collision with car, pick-up truck or van: Person injured while boarding or alighting"
V63.5,"Occupant of heavy transport vehicle injured in collision with car, pick-up truck or van: Driver injured in traffic accident"
V63.6,"Occupant of heavy transport vehicle injured in collision with car, pick-up truck or van: Passenger injured in traffic accident"
V63.7,"Occupant of heavy transport vehicle injured in collision with car, pick-up truck or van: Person on outside of vehicle injured in traffic accident"
V63.9,"Occupant of heavy transport vehicle injured in collision with car, pick-up truck or van: Unspecified occupant of heavy transport vehicle injured in traffic accident"
V64,Occupant of heavy transport vehicle injured in collision with heavy transport vehicle or bus
V64.0,Occupant of heavy transport vehicle injured in collision with heavy transport vehicle or bus: Driver injured in nontraffic accident
V64.1,Occupant of heavy transport vehicle injured in collision with heavy transport vehicle or bus: Passenger injured in nontraffic accident
V64.2,Occupant of heavy transport vehicle injured in collision with heavy transport vehicle or bus: Person on outside of vehicle injured in nontraffic accident
V64.3,Occupant of heavy transport vehicle injured in collision with heavy transport vehicle or bus: Unspecified occupant of heavy transport vehicle injured in nontraffic accident
V64.4,Occupant of heavy transport vehicle injured in collision with heavy transport vehicle or bus: Person injured while boarding or alighting
V64.5,Occupant of heavy transport vehicle injured in collision with heavy transport vehicle or bus: Driver injured in traffic accident
V64.6,Occupant of heavy transport vehicle injured in collision with heavy transport vehicle or bus: Passenger injured in traffic accident
V64.7,Occupant of heavy transport vehicle injured in collision with heavy transport vehicle or bus: Person on outside of vehicle injured in traffic accident
V64.9,Occupant of heavy transport vehicle injured in collision with heavy transport vehicle or bus: Unspecified occupant of heavy transport vehicle injured in traffic accident
V65,Occupant of heavy transport vehicle injured in collision with railway train or railway vehicle
V65.0,Occupant of heavy transport vehicle injured in collision with railway train or railway vehicle: Driver injured in nontraffic accident
V65.1,Occupant of heavy transport vehicle injured in collision with railway train or railway vehicle: Passenger injured in nontraffic accident
V65.2,Occupant of heavy transport vehicle injured in collision with railway train or railway vehicle: Person on outside of vehicle injured in nontraffic accident
V65.3,Occupant of heavy transport vehicle injured in collision with railway train or railway vehicle: Unspecified occupant of heavy transport vehicle injured in nontraffic accident
V65.4,Occupant of heavy transport vehicle injured in collision with railway train or railway vehicle: Person injured while boarding or alighting
V65.5,Occupant of heavy transport vehicle injured in collision with railway train or railway vehicle: Driver injured in traffic accident
V65.6,Occupant of heavy transport vehicle injured in collision with railway train or railway vehicle: Passenger injured in traffic accident
V65.7,Occupant of heavy transport vehicle injured in collision with railway train or railway vehicle: Person on outside of vehicle injured in traffic accident
V65.9,Occupant of heavy transport vehicle injured in collision with railway train or railway vehicle: Unspecified occupant of heavy transport vehicle injured in traffic accident
V66,Occupant of heavy transport vehicle injured in collision with other nonmotor vehicle
V66.0,Occupant of heavy transport vehicle injured in collision with other nonmotor vehicle: Driver injured in nontraffic accident
V66.1,Occupant of heavy transport vehicle injured in collision with other nonmotor vehicle: Passenger injured in nontraffic accident
V66.2,Occupant of heavy transport vehicle injured in collision with other nonmotor vehicle: Person on outside of vehicle injured in nontraffic accident
V66.3,Occupant of heavy transport vehicle injured in collision with other nonmotor vehicle: Unspecified occupant of heavy transport vehicle injured in nontraffic accident
V66.4,Occupant of heavy transport vehicle injured in collision with other nonmotor vehicle: Person injured while boarding or alighting
V66.5,Occupant of heavy transport vehicle injured in collision with other nonmotor vehicle: Driver injured in traffic accident
V66.6,Occupant of heavy transport vehicle injured in collision with other nonmotor vehicle: Passenger injured in traffic accident
V66.7,Occupant of heavy transport vehicle injured in collision with other nonmotor vehicle: Person on outside of vehicle injured in traffic accident
V66.9,Occupant of heavy transport vehicle injured in collision with other nonmotor vehicle: Unspecified occupant of heavy transport vehicle injured in traffic accident
V67,Occupant of heavy transport vehicle injured in collision with fixed or stationary object
V67.0,Occupant of heavy transport vehicle injured in collision with fixed or stationary object: Driver injured in nontraffic accident
V67.1,Occupant of heavy transport vehicle injured in collision with fixed or stationary object: Passenger injured in nontraffic accident
V67.2,Occupant of heavy transport vehicle injured in collision with fixed or stationary object: Person on outside of vehicle injured in nontraffic accident
V67.3,Occupant of heavy transport vehicle injured in collision with fixed or stationary object: Unspecified occupant of heavy transport vehicle injured in nontraffic accident
V67.4,Occupant of heavy transport vehicle injured in collision with fixed or stationary object: Person injured while boarding or alighting
V67.5,Occupant of heavy transport vehicle injured in collision with fixed or stationary object: Driver injured in traffic accident
V67.6,Occupant of heavy transport vehicle injured in collision with fixed or stationary object: Passenger injured in traffic accident
V67.7,Occupant of heavy transport vehicle injured in collision with fixed or stationary object: Person on outside of vehicle injured in traffic accident
V67.9,Occupant of heavy transport vehicle injured in collision with fixed or stationary object: Unspecified occupant of heavy transport vehicle injured in traffic accident
V68,Occupant of heavy transport vehicle injured in noncollision transport accident
V68.0,Occupant of heavy transport vehicle injured in noncollision transport accident: Driver injured in nontraffic accident
V68.1,Occupant of heavy transport vehicle injured in noncollision transport accident: Passenger injured in nontraffic accident
V68.2,Occupant of heavy transport vehicle injured in noncollision transport accident: Person on outside of vehicle injured in nontraffic accident
V68.3,Occupant of heavy transport vehicle injured in noncollision transport accident: Unspecified occupant of heavy transport vehicle injured in nontraffic accident
V68.4,Occupant of heavy transport vehicle injured in noncollision transport accident: Person injured while boarding or alighting
V68.5,Occupant of heavy transport vehicle injured in noncollision transport accident: Driver injured in traffic accident
V68.6,Occupant of heavy transport vehicle injured in noncollision transport accident: Passenger injured in traffic accident
V68.7,Occupant of heavy transport vehicle injured in noncollision transport accident: Person on outside of vehicle injured in traffic accident
V68.9,Occupant of heavy transport vehicle injured in noncollision transport accident: Unspecified occupant of heavy transport vehicle injured in traffic accident
V69,Occupant of heavy transport vehicle injured in other and unspecified transport accidents
V69.0,Driver injured in collision with other and unspecified motor vehicles in nontraffic accident
V69.1,Passenger injured in collision with other and unspecified motor vehicles in nontraffic accident
V69.2,Unspecified occupant of heavy transport vehicle injured in collision with other and unspecified motor vehicles in nontraffic accident
V69.3,Occupant [any] of heavy transport vehicle injured in unspecified nontraffic accident
V69.4,Driver injured in collision with other and unspecified motor vehicles in traffic accident
V69.5,Passenger injured in collision with other and unspecified motor vehicles in traffic accident
V69.6,Unspecified occupant of heavy transport vehicle injured in collision with other and unspecified motor vehicles in traffic accident
V69.8,Occupant [any] of heavy transport vehicle injured in other specified transport accidents
V69.9,Occupant [any] of heavy transport vehicle injured in unspecified traffic accident
V70,Bus occupant injured in collision with pedestrian or animal
V70.0,Bus occupant injured in collision with pedestrian or animal: Driver injured in nontraffic accident
V70.1,Bus occupant injured in collision with pedestrian or animal: Passenger injured in nontraffic accident
V70.2,Bus occupant injured in collision with pedestrian or animal: Person on outside of vehicle injured in nontraffic accident
V70.3,Bus occupant injured in collision with pedestrian or animal: Unspecified bus occupant injured in nontraffic accident
V70.4,Bus occupant injured in collision with pedestrian or animal: Person injured while boarding or alighting
V70.5,Bus occupant injured in collision with pedestrian or animal: Driver injured in traffic accident
V70.6,Bus occupant injured in collision with pedestrian or animal: Passenger injured in traffic accident
V70.7,Bus occupant injured in collision with pedestrian or animal: Person on outside of vehicle injured in traffic accident
V70.9,Bus occupant injured in collision with pedestrian or animal: Unspecified bus occupant injured in traffic accident
V71,Bus occupant injured in collision with pedal cycle
V71.0,Bus occupant injured in collision with pedal cycle: Driver injured in nontraffic accident
V71.1,Bus occupant injured in collision with pedal cycle: Passenger injured in nontraffic accident
V71.2,Bus occupant injured in collision with pedal cycle: Person on outside of vehicle injured in nontraffic accident
V71.3,Bus occupant injured in collision with pedal cycle: Unspecified bus occupant injured in nontraffic accident
V71.4,Bus occupant injured in collision with pedal cycle: Person injured while boarding or alighting
V71.5,Bus occupant injured in collision with pedal cycle: Driver injured in traffic accident
V71.6,Bus occupant injured in collision with pedal cycle: Passenger injured in traffic accident
V71.7,Bus occupant injured in collision with pedal cycle: Person on outside of vehicle injured in traffic accident
V71.9,Bus occupant injured in collision with pedal cycle: Unspecified bus occupant injured in traffic accident
V72,Bus occupant injured in collision with two- or three-wheeled motor vehicle
V72.0,Bus occupant injured in collision with two- or three-wheeled motor vehicle: Driver injured in nontraffic accident
V72.1,Bus occupant injured in collision with two- or three-wheeled motor vehicle: Passenger injured in nontraffic accident
V72.2,Bus occupant injured in collision with two- or three-wheeled motor vehicle: Person on outside of vehicle injured in nontraffic accident
V72.3,Bus occupant injured in collision with two- or three-wheeled motor vehicle: Unspecified bus occupant injured in nontraffic accident
V72.4,Bus occupant injured in collision with two- or three-wheeled motor vehicle: Person injured while boarding or alighting
V72.5,Bus occupant injured in collision with two- or three-wheeled motor vehicle: Driver injured in traffic accident
V72.6,Bus occupant injured in collision with two- or three-wheeled motor vehicle: Passenger injured in traffic accident
V72.7,Bus occupant injured in collision with two- or three-wheeled motor vehicle: Person on outside of vehicle injured in traffic accident
V72.9,Bus occupant injured in collision with two- or three-wheeled motor vehicle: Unspecified bus occupant injured in traffic accident
V73,"Bus occupant injured in collision with car, pick-up truck or van"
V73.0,"Bus occupant injured in collision with car, pick-up truck or van: Driver injured in nontraffic accident"
V73.1,"Bus occupant injured in collision with car, pick-up truck or van: Passenger injured in nontraffic accident"
V73.2,"Bus occupant injured in collision with car, pick-up truck or van: Person on outside of vehicle injured in nontraffic accident"
V73.3,"Bus occupant injured in collision with car, pick-up truck or van: Unspecified bus occupant injured in nontraffic accident"
V73.4,"Bus occupant injured in collision with car, pick-up truck or van: Person injured while boarding or alighting"
V73.5,"Bus occupant injured in collision with car, pick-up truck or van: Driver injured in traffic accident"
V73.6,"Bus occupant injured in collision with car, pick-up truck or van: Passenger injured in traffic accident"
V73.7,"Bus occupant injured in collision with car, pick-up truck or van: Person on outside of vehicle injured in traffic accident"
V73.9,"Bus occupant injured in collision with car, pick-up truck or van: Unspecified bus occupant injured in traffic accident"
V74,Bus occupant injured in collision with heavy transport vehicle or bus
V74.0,Bus occupant injured in collision with heavy transport vehicle or bus: Driver injured in nontraffic accident
V74.1,Bus occupant injured in collision with heavy transport vehicle or bus: Passenger injured in nontraffic accident
V74.2,Bus occupant injured in collision with heavy transport vehicle or bus: Person on outside of vehicle injured in nontraffic accident
V74.3,Bus occupant injured in collision with heavy transport vehicle or bus: Unspecified bus occupant injured in nontraffic accident
V74.4,Bus occupant injured in collision with heavy transport vehicle or bus: Person injured while boarding or alighting
V74.5,Bus occupant injured in collision with heavy transport vehicle or bus: Driver injured in traffic accident
V74.6,Bus occupant injured in collision with heavy transport vehicle or bus: Passenger injured in traffic accident
V74.7,Bus occupant injured in collision with heavy transport vehicle or bus: Person on outside of vehicle injured in traffic accident
V74.9,Bus occupant injured in collision with heavy transport vehicle or bus: Unspecified bus occupant injured in traffic accident
V75,Bus occupant injured in collision with railway train or railway vehicle
V75.0,Bus occupant injured in collision with railway train or railway vehicle: Driver injured in nontraffic accident
V75.1,Bus occupant injured in collision with railway train or railway vehicle: Passenger injured in nontraffic accident
V75.2,Bus occupant injured in collision with railway train or railway vehicle: Person on outside of vehicle injured in nontraffic accident
V75.3,Bus occupant injured in collision with railway train or railway vehicle: Unspecified bus occupant injured in nontraffic accident
V75.4,Bus occupant injured in collision with railway train or railway vehicle: Person injured while boarding or alighting
V75.5,Bus occupant injured in collision with railway train or railway vehicle: Driver injured in traffic accident
V75.6,Bus occupant injured in collision with railway train or railway vehicle: Passenger injured in traffic accident
V75.7,Bus occupant injured in collision with railway train or railway vehicle: Person on outside of vehicle injured in traffic accident
V75.9,Bus occupant injured in collision with railway train or railway vehicle: Unspecified bus occupant injured in traffic accident
V76,Bus occupant injured in collision with other nonmotor vehicle
V76.0,Bus occupant injured in collision with other nonmotor vehicle: Driver injured in nontraffic accident
V76.1,Bus occupant injured in collision with other nonmotor vehicle: Passenger injured in nontraffic accident
V76.2,Bus occupant injured in collision with other nonmotor vehicle: Person on outside of vehicle injured in nontraffic accident
V76.3,Bus occupant injured in collision with other nonmotor vehicle: Unspecified bus occupant injured in nontraffic accident
V76.4,Bus occupant injured in collision with other nonmotor vehicle: Person injured while boarding or alighting
V76.5,Bus occupant injured in collision with other nonmotor vehicle: Driver injured in traffic accident
V76.6,Bus occupant injured in collision with other nonmotor vehicle: Passenger injured in traffic accident
V76.7,Bus occupant injured in collision with other nonmotor vehicle: Person on outside of vehicle injured in traffic accident
V76.9,Bus occupant injured in collision with other nonmotor vehicle: Unspecified bus occupant injured in traffic accident
V77,Bus occupant injured in collision with fixed or stationary object
V77.0,Bus occupant injured in collision with fixed or stationary object: Driver injured in nontraffic accident
V77.1,Bus occupant injured in collision with fixed or stationary object: Passenger injured in nontraffic accident
V77.2,Bus occupant injured in collision with fixed or stationary object: Person on outside of vehicle injured in nontraffic accident
V77.3,Bus occupant injured in collision with fixed or stationary object: Unspecified bus occupant injured in nontraffic accident
V77.4,Bus occupant injured in collision with fixed or stationary object: Person injured while boarding or alighting
V77.5,Bus occupant injured in collision with fixed or stationary object: Driver injured in traffic accident
V77.6,Bus occupant injured in collision with fixed or stationary object: Passenger injured in traffic accident
V77.7,Bus occupant injured in collision with fixed or stationary object: Person on outside of vehicle injured in traffic accident
V77.9,Bus occupant injured in collision with fixed or stationary object: Unspecified bus occupant injured in traffic accident
V78,Bus occupant injured in noncollision transport accident
V78.0,Bus occupant injured in noncollision transport accident: Driver injured in nontraffic accident
V78.1,Bus occupant injured in noncollision transport accident: Passenger injured in nontraffic accident
V78.2,Bus occupant injured in noncollision transport accident: Person on outside of vehicle injured in nontraffic accident
V78.3,Bus occupant injured in noncollision transport accident: Unspecified bus occupant injured in nontraffic accident
V78.4,Bus occupant injured in noncollision transport accident: Person injured while boarding or alighting
V78.5,Bus occupant injured in noncollision transport accident: Driver injured in traffic accident
V78.6,Bus occupant injured in noncollision transport accident: Passenger injured in traffic accident
V78.7,Bus occupant injured in noncollision transport accident: Person on outside of vehicle injured in traffic accident
V78.9,Bus occupant injured in noncollision transport accident: Unspecified bus occupant injured in traffic accident
V79,Bus occupant injured in other and unspecified transport accidents
V79.0,Driver injured in collision with other and unspecified motor vehicles in nontraffic accident
V79.1,Passenger injured in collision with other and unspecified motor vehicles in nontraffic accident
V79.2,Unspecified bus occupant injured in collision with other and unspecified motor vehicles in nontraffic accident
V79.3,Bus occupant [any] injured in unspecified nontraffic accident
V79.4,Driver injured in collision with other and unspecified motor vehicles in traffic accident
V79.5,Passenger injured in collision with other and unspecified motor vehicles in traffic accident
V79.6,Unspecified bus occupant injured in collision with other and unspecified motor vehicles in traffic accident
V79.8,Bus occupant [any] injured in other specified transport accidents
V79.9,Bus occupant [any] injured in unspecified traffic accident
V80,Animal-rider or occupant of animal-drawn vehicle injured in transport accident
V80.0,Rider or occupant injured by fall from or being thrown from animal or animal-drawn vehicle in noncollision accident
V80.1,Rider or occupant injured in collision with pedestrian or animal
V80.2,Rider or occupant injured in collision with pedal cycle
V80.3,Rider or occupant injured in collision with two- or three-wheeled motor vehicle
V80.4,"Rider or occupant injured in collision with car, pick-up truck, van, heavy transport vehicle or bus"
V80.5,Rider or occupant injured in collision with other specified motor vehicle
V80.6,Rider or occupant injured in collision with railway train or railway vehicle
V80.7,Rider or occupant injured in collision with other nonmotor vehicle
V80.8,Rider or occupant injured in collision with fixed or stationary object
V80.9,Rider or occupant injured in other and unspecified transport accidents
V81,Occupant of railway train or railway vehicle injured in transport accident
V81.0,Occupant of railway train or railway vehicle injured in collision with motor vehicle in nontraffic accident
V81.1,Occupant of railway train or railway vehicle injured in collision with motor vehicle in traffic accident
V81.2,Occupant of railway train or railway vehicle injured in collision with or hit by rolling stock
V81.3,Occupant of railway train or railway vehicle injured in collision with other object
V81.4,Person injured while boarding or alighting from railway train or railway vehicle
V81.5,Occupant of railway train or railway vehicle injured by fall in railway train or railway vehicle
V81.6,Occupant of railway train or railway vehicle injured by fall from railway train or railway vehicle
V81.7,Occupant of railway train or railway vehicle injured in derailment without antecedent collision
V81.8,Occupant of railway train or railway vehicle injured in other specified railway accidents
V81.9,Occupant of railway train or railway vehicle injured in unspecified railway accident
V82,Occupant of streetcar injured in transport accident
V82.0,Occupant of streetcar injured in collision with motor vehicle in nontraffic accident
V82.1,Occupant of streetcar injured in collision with motor vehicle in traffic accident
V82.2,Occupant of streetcar injured in collision with or hit by rolling stock
V82.3,Occupant of streetcar injured in collision with other object
V82.4,Person injured while boarding or alighting from streetcar
V82.5,Occupant of streetcar injured by fall in streetcar
V82.6,Occupant of streetcar injured by fall from streetcar
V82.7,Occupant of streetcar injured in derailment without antecedent collision
V82.8,Occupant of streetcar injured in other specified transport accidents
V82.9,Occupant of streetcar injured in unspecified traffic accident
V83,Occupant of special vehicle mainly used on industrial premises injured in transport accident
V83.0,Driver of special industrial vehicle injured in traffic accident
V83.1,Passenger of special industrial vehicle injured in traffic accident
V83.2,Person on outside of special industrial vehicle injured in traffic accident
V83.3,Unspecified occupant of special industrial vehicle injured in traffic accident
V83.4,Person injured while boarding or alighting from special industrial vehicle
V83.5,Driver of special industrial vehicle injured in nontraffic accident
V83.6,Passenger of special industrial vehicle injured in nontraffic accident
V83.7,Person on outside of special industrial vehicle injured in nontraffic accident
V83.9,Unspecified occupant of special industrial vehicle injured in nontraffic accident
V84,Occupant of special vehicle mainly used in agriculture injured in transport accident
V84.0,Driver of special agricultural vehicle injured in traffic accident
V84.1,Passenger of special agricultural vehicle injured in traffic accident
V84.2,Person on outside of special agricultural vehicle injured in traffic accident
V84.3,Unspecified occupant of special agricultural vehicle injured in traffic accident
V84.4,Person injured while boarding or alighting from special agricultural vehicle
V84.5,Driver of special agricultural vehicle injured in nontraffic accident
V84.6,Passenger of special agricultural vehicle injured in nontraffic accident
V84.7,Person on outside of special agricultural vehicle injured in nontraffic accident
V84.9,Unspecified occupant of special agricultural vehicle injured in nontraffic accident
V85,Occupant of special construction vehicle injured in transport accident
V85.0,Driver of special construction vehicle injured in traffic accident
V85.1,Passenger of special construction vehicle injured in traffic accident
V85.2,Person on outside of special construction vehicle injured in traffic accident
V85.3,Unspecified occupant of special construction vehicle injured in traffic accident
V85.4,Person injured while boarding or alighting from special construction vehicle
V85.5,Driver of special construction vehicle injured in nontraffic accident
V85.6,Passenger of special construction vehicle injured in nontraffic accident
V85.7,Person on outside of special construction vehicle injured in nontraffic accident
V85.9,Unspecified occupant of special construction vehicle injured in nontraffic accident
V86,"Occupant of special all-terrain or other motor vehicle designed primarily for off-road use, injured in transport accident"
V86.0,Driver of all-terrain or other off-road motor vehicle injured in traffic accident
V86.1,Passenger of all-terrain or other off-road motor vehicle injured in traffic accident
V86.2,Person on outside of all-terrain or other off-road motor vehicle injured in traffic accident
V86.3,Unspecified occupant of all-terrain or other off-road motor vehicle injured in traffic accident
V86.4,Person injured while boarding or alighting from all-terrain or other off-road motor vehicle
V86.5,Driver of all-terrain or other off-road motor vehicle injured in nontraffic accident
V86.6,Passenger of all-terrain or other off-road motor vehicle injured in nontraffic accident
V86.7,Person on outside of all-terrain or other off-road motor vehicle injured in nontraffic accident
V86.9,Unspecified occupant of all-terrain or other off-road motor vehicle injured in nontraffic accident
V87,Traffic accident of specified type but victim's mode of transport unknown
V87.0,Person injured in collision between car and two- or three-wheeled motor vehicle (traffic)
V87.1,Person injured in collision between other motor vehicle and two- or three-wheeled motor vehicle (traffic)
V87.2,Person injured in collision between car and pick-up truck or van (traffic)
V87.3,Person injured in collision between car and bus (traffic)
V87.4,Person injured in collision between car and heavy transport vehicle (traffic)
V87.5,Person injured in collision between heavy transport vehicle and bus (traffic)
V87.6,Person injured in collision between railway train or railway vehicle and car (traffic)
V87.7,Person injured in collision between other specified motor vehicles (traffic)
V87.8,Person injured in other specified noncollision transport accidents involving motor vehicle (traffic)
V87.9,Person injured in other specified (collision)(noncollision) transport accidents involving nonmotor vehicle (traffic)
V88,Nontraffic accident of specified type but victim's mode of transport unknown
V88.0,"Person injured in collision between car and two- or three-wheeled motor vehicle, nontraffic"
V88.1,"Person injured in collision between other motor vehicle and two- or three-wheeled motor vehicle, nontraffic"
V88.2,"Person injured in collision between car and pick-up truck or van, nontraffic"
V88.3,"Person injured in collision between car and bus, nontraffic"
V88.4,"Person injured in collision between car and heavy transport vehicle, nontraffic"
V88.5,"Person injured in collision between heavy transport vehicle and bus, nontraffic"
V88.6,"Person injured in collision between railway train or railway vehicle and car, nontraffic"
V88.7,"Person injured in collision between other specified motor vehicles, nontraffic"
V88.8,"Person injured in other specified noncollision transport accidents involving motor vehicle, nontraffic"
V88.9,"Person injured in other specified (collision)(noncollision) transport accidents involving nonmotor vehicle, nontraffic"
V89,"Motor- or nonmotor-vehicle accident, type of vehicle unspecified"
V89.0,"Person injured in unspecified motor-vehicle accident, nontraffic"
V89.1,"Person injured in unspecified nonmotor-vehicle accident, nontraffic"
V89.2,"Person injured in unspecified motor-vehicle accident, traffic"
V89.3,"Person injured in unspecified nonmotor-vehicle accident, traffic"
V89.9,Person injured in unspecified vehicle accident
V90,Accident to watercraft causing drowning and submersion
V90.0,Accident to watercraft causing drowning and submersion: Merchant ship
V90.1,Accident to watercraft causing drowning and submersion: Passenger ship
V90.2,Accident to watercraft causing drowning and submersion: Fishing boat
V90.3,Accident to watercraft causing drowning and submersion: Other powered watercraft
V90.4,Accident to watercraft causing drowning and submersion: Sailboat
V90.5,Accident to watercraft causing drowning and submersion: Canoe or kayak
V90.6,Accident to watercraft causing drowning and submersion: Inflatable craft (nonpowered)
V90.7,Accident to watercraft causing drowning and submersion: Water-skis
V90.8,Accident to watercraft causing drowning and submersion: Other unpowered watercraft
V90.9,Accident to watercraft causing drowning and submersion: Unspecified watercraft
V91,Accident to watercraft causing other injury
V91.0,Accident to watercraft causing other injury: Merchant ship
V91.1,Accident to watercraft causing other injury: Passenger ship
V91.2,Accident to watercraft causing other injury: Fishing boat
V91.3,Accident to watercraft causing other injury: Other powered watercraft
V91.4,Accident to watercraft causing other injury: Sailboat
V91.5,Accident to watercraft causing other injury: Canoe or kayak
V91.6,Accident to watercraft causing other injury: Inflatable craft (nonpowered)
V91.7,Accident to watercraft causing other injury: Water-skis
V91.8,Accident to watercraft causing other injury: Other unpowered watercraft
V91.9,Accident to watercraft causing other injury: Unspecified watercraft
V92,Water-transport-related drowning and submersion without accident to watercraft
V92.0,Water-transport-related drowning and submersion without accident to watercraft: Merchant ship
V92.1,Water-transport-related drowning and submersion without accident to watercraft: Passenger ship
V92.2,Water-transport-related drowning and submersion without accident to watercraft: Fishing boat
V92.3,Water-transport-related drowning and submersion without accident to watercraft: Other powered watercraft
V92.4,Water-transport-related drowning and submersion without accident to watercraft: Sailboat
V92.5,Water-transport-related drowning and submersion without accident to watercraft: Canoe or kayak
V92.6,Water-transport-related drowning and submersion without accident to watercraft: Inflatable craft (nonpowered)
V92.7,Water-transport-related drowning and submersion without accident to watercraft: Water-skis
V92.8,Water-transport-related drowning and submersion without accident to watercraft: Other unpowered watercraft
V92.9,Water-transport-related drowning and submersion without accident to watercraft: Unspecified watercraft
V93,"Accident on board watercraft without accident to watercraft, not causing drowning and submersion"
V93.0,"Accident on board watercraft without accident to watercraft, not causing drowning and submersion: Merchant ship"
V93.1,"Accident on board watercraft without accident to watercraft, not causing drowning and submersion: Passenger ship"
V93.2,"Accident on board watercraft without accident to watercraft, not causing drowning and submersion: Fishing boat"
V93.3,"Accident on board watercraft without accident to watercraft, not causing drowning and submersion: Other powered watercraft"
V93.4,"Accident on board watercraft without accident to watercraft, not causing drowning and submersion: Sailboat"
V93.5,"Accident on board watercraft without accident to watercraft, not causing drowning and submersion: Canoe or kayak"
V93.6,"Accident on board watercraft without accident to watercraft, not causing drowning and submersion: Inflatable craft (nonpowered)"
V93.7,"Accident on board watercraft without accident to watercraft, not causing drowning and submersion: Water-skis"
V93.8,"Accident on board watercraft without accident to watercraft, not causing drowning and submersion: Other unpowered watercraft"
V93.9,"Accident on board watercraft without accident to watercraft, not causing drowning and submersion: Unspecified watercraft"
V94,Other and unspecified water transport accidents
V94.0,Other and unspecified water transport accidents: Merchant ship
V94.1,Other and unspecified water transport accidents: Passenger ship
V94.2,Other and unspecified water transport accidents: Fishing boat
V94.3,Other and unspecified water transport accidents: Other powered watercraft
V94.4,Other and unspecified water transport accidents: Sailboat
V94.5,Other and unspecified water transport accidents: Canoe or kayak
V94.6,Other and unspecified water transport accidents: Inflatable craft (nonpowered)
V94.7,Other and unspecified water transport accidents: Water-skis
V94.8,Other and unspecified water transport accidents: Other unpowered watercraft
V94.9,Other and unspecified water transport accidents: Unspecified watercraft
V95,Accident to powered aircraft causing injury to occupant
V95.0,Helicopter accident injuring occupant
V95.1,"Ultralight, microlight or powered-glider accident injuring occupant"
V95.2,"Accident to other private fixed-wing aircraft, injuring occupant"
V95.3,"Accident to commercial fixed-wing aircraft, injuring occupant"
V95.4,Spacecraft accident injuring occupant
V95.8,Other aircraft accidents injuring occupant
V95.9,Unspecified aircraft accident injuring occupant
V96,Accident to nonpowered aircraft causing injury to occupant
V96.0,Balloon accident injuring occupant
V96.1,Hang-glider accident injuring occupant
V96.2,Glider (nonpowered) accident injuring occupant
V96.8,Other nonpowered-aircraft accidents injuring occupant
V96.9,Unspecified nonpowered-aircraft accident injuring occupant
V97,Other specified air transport accidents
V97.0,Occupant of aircraft injured in other specified air transport accidents
V97.1,Person injured while boarding or alighting from aircraft
V97.2,Parachutist injured in air transport accident
V97.3,Person on ground injured in air transport accident
V97.8,"Other air transport accidents, not elsewhere classified"
V98,Other specified transport accidents
V99,Unspecified transport accident
W00,Fall on same level involving ice and snow
W01,"Fall on same level from slipping, tripping and stumbling"
W02,"Fall involving ice-skates, skis, roller-skates or skateboards"
W03,"Other fall on same level due to collision with, or pushing by, another person"
W04,Fall while being carried or supported by other persons
W05,Fall involving wheelchair
W06,Fall involving bed
W07,Fall involving chair
W08,Fall involving other furniture
W09,Fall involving playground equipment
W10,Fall on and from stairs and steps
W11,Fall on and from ladder
W12,Fall on and from scaffolding
W13,"Fall from, out of or through building or structure"
W14,Fall from tree
W15,Fall from cliff
W16,Diving or jumping into water causing injury other than drowning or submersion
W17,Other fall from one level to another
W18,Other fall on same level
W19,Unspecified fall
W20,"Struck by thrown, projected or falling object(s)"
W21,Striking against or struck by sports equipment
W22,Striking against or struck by other object(s)
W23,"Caught, crushed, jammed or pinched in or between objects"
W24,"Contact with lifting and transmission device(s), not elsewhere classified"
W25,Contact with sharp glass
W26,Contact with other sharp object(s)
W26.0,"Contact with knife, sword or dagger"
W26.8,"Contact with other sharp object(s), not elsewhere classified"
W26.9,Contact with unspecified sharp object(s)
W27,Contact with nonpowered hand tool
W28,Contact with powered lawnmower
W29,Contact with other powered hand tools and household machinery
W30,Contact with agricultural machinery
W31,Contact with other and unspecified machinery
W32,Handgun discharge
W33,"Rifle, shotgun and larger firearm discharge"
W34,Discharge from other and unspecified firearms
W35,Explosion and rupture of boiler
W36,Explosion and rupture of gas cylinder
W37,"Explosion and rupture of pressurized tyre, pipe or hose"
W38,Explosion and rupture of other specified pressurized devices
W39,Discharge of firework
W40,Explosion of other materials
W41,Exposure to high-pressure jet
W42,Exposure to noise
W43,Exposure to vibration
W44,Foreign body entering into or through eye or natural orifice
W45,Foreign body or object entering through skin
W46,Contact with hypodermic needle
W49,Exposure to other and unspecified inanimate mechanical forces
W50,"Hit, struck, kicked, twisted, bitten or scratched by another person"
W51,Striking against or bumped into by another person
W52,"Crushed, pushed or stepped on by crowd or human stampede"
W53,Bitten by rat
W54,Bitten or struck by dog
W55,Bitten or struck by other mammals
W56,Contact with marine animal
W57,Bitten or stung by nonvenomous insect and other nonvenomous arthropods
W58,Bitten or struck by crocodile or alligator
W59,Bitten or crushed by other reptiles
W60,Contact with plant thorns and spines and sharp leaves
W64,Exposure to other and unspecified animate mechanical forces
W65,Drowning and submersion while in bath-tub
W66,Drowning and submersion following fall into bath-tub
W67,Drowning and submersion while in swimming-pool
W68,Drowning and submersion following fall into swimming-pool
W69,Drowning and submersion while in natural water
W70,Drowning and submersion following fall into natural water
W73,Other specified drowning and submersion
W74,Unspecified drowning and submersion
W75,Accidental suffocation and strangulation in bed
W76,Other accidental hanging and strangulation
W77,"Threat to breathing due to cave-in, falling earth and other substances"
W78,Inhalation of gastric contents
W79,Inhalation and ingestion of food causing obstruction of respiratory tract
W80,Inhalation and ingestion of other objects causing obstruction of respiratory tract
W81,Confined to or trapped in a low-oxygen environment
W83,Other specified threats to breathing
W84,Unspecified threat to breathing
W85,Exposure to electric transmission lines
W86,Exposure to other specified electric current
W87,Exposure to unspecified electric current
W88,Exposure to ionizing radiation
W89,Exposure to man-made visible and ultraviolet light
W90,Exposure to other nonionizing radiation
W91,Exposure to unspecified type of radiation
W92,Exposure to excessive heat of man-made origin
W93,Exposure to excessive cold of man-made origin
W94,Exposure to high and low air pressure and changes in air pressure
W99,Exposure to other and unspecified man-made environmental factors
X00,Exposure to uncontrolled fire in building or structure
X01,"Exposure to uncontrolled fire, not in building or structure"
X02,Exposure to controlled fire in building or structure
X03,"Exposure to controlled fire, not in building or structure"
X04,Exposure to ignition of highly flammable material
X05,Exposure to ignition or melting of nightwear
X06,Exposure to ignition or melting of other clothing and apparel
X08,"Exposure to other specified smoke, fire and flames"
X09,"Exposure to unspecified smoke, fire and flames"
X10,"Contact with hot drinks, food, fats and cooking oils"
X11,Contact with hot tap-water
X12,Contact with other hot fluids
X13,Contact with steam and hot vapours
X14,Contact with hot air and gases
X15,Contact with hot household appliances
X16,"Contact with hot heating appliances, radiators and pipes"
X17,"Contact with hot engines, machinery and tools"
X18,Contact with other hot metals
X19,Contact with other and unspecified heat and hot substances
X20,Contact with venomous snakes and lizards
X21,Contact with venomous spiders
X22,Contact with scorpions
X23,"Contact with hornets, wasps and bees"
X24,Contact with centipedes and venomous millipedes (tropical)
X25,Contact with other venomous arthropods
X26,Contact with venomous marine animals and plants
X27,Contact with other specified venomous animals
X28,Contact with other specified venomous plants
X29,Contact with unspecified venomous animal or plant
X30,Exposure to excessive natural heat
X31,Exposure to excessive natural cold
X32,Exposure to sunlight
X33,Victim of lightning
X34,Victim of earthquake
X34.0,Victim of cataclysmic earth movements caused by earthquake
X34.1,Victim of tsunami
X34.8,Victim of other specified effects of earthquake
X34.9,Victim of unspecified effect of earthquake
X35,Victim of volcanic eruption
X36,"Victim of avalanche, landslide and other earth movements"
X37,Victim of cataclysmic storm
X38,Victim of flood
X39,Exposure to other and unspecified forces of nature
X40,"Accidental poisoning by and exposure to nonopioid analgesics, antipyretics and antirheumatics"
X41,"Accidental poisoning by and exposure to antiepileptic, sedative-hypnotic, antiparkinsonism and psychotropic drugs, not elsewhere classified"
X42,"Accidental poisoning by and exposure to narcotics and psychodysleptics [hallucinogens], not elsewhere classified"
X43,Accidental poisoning by and exposure to other drugs acting on the autonomic nervous system
X44,"Accidental poisoning by and exposure to other and unspecified drugs, medicaments and biological substances"
X45,Accidental poisoning by and exposure to alcohol
X46,Accidental poisoning by and exposure to organic solvents and halogenated hydrocarbons and their vapours
X47,Accidental poisoning by and exposure to carbon monoxide and other gases and vapours
X47.0,Accidental poisoning by and exposure to carbon monoxide from combustion engine exhaust
X47.1,Accidental poisoning by and exposure to carbon monoxide from utility gas
X47.2,Accidental poisoning by and exposure to carbon monoxide from other domestic fuels
X47.3,Accidental poisoning by and exposure to carbon monoxide from other sources
X47.4,Accidental poisoning by and exposure to carbon monoxide from unspecified sources
X47.8,Accidental poisoning by and exposure to other specified gases and vapours
X47.9,Accidental poisoning by and exposure to unspecified gases and vapours
X48,Accidental poisoning by and exposure to pesticides
X49,Accidental poisoning by and exposure to other and unspecified chemicals and noxious substances
X50,Overexertion and strenuous or repetitive movements
X51,Travel and motion
X52,Prolonged stay in weightless environment
X53,Lack of food
X54,Lack of water
X57,Unspecified privation
X58,Exposure to other specified factors
X59,Exposure to unspecified factor
X59.0,Exposure to unspecified factor causing fracture
X59.9,Exposure to unspecified factor causing other and unspecified injury
X60,"Intentional self-poisoning by and exposure to nonopioid analgesics, antipyretics and antirheumatics"
X61,"Intentional self-poisoning by and exposure to antiepileptic, sedative-hypnotic, antiparkinsonism and psychotropic drugs, not elsewhere classified"
X62,"Intentional self-poisoning by and exposure to narcotics and psychodysleptics [hallucinogens], not elsewhere classified"
X63,Intentional self-poisoning by and exposure to other drugs acting on the autonomic nervous system
X64,"Intentional self-poisoning by and exposure to other and unspecified drugs, medicaments and biological substances"
X65,Intentional self-poisoning by and exposure to alcohol
X66,Intentional self-poisoning by and exposure to organic solvents and halogenated hydrocarbons and their vapours
X67,Intentional self-poisoning by and exposure to carbon monoxide and other gases and vapours
X67.0,Intentional self-poisoning by and exposure to carbon monoxide from combustion engine exhaust
X67.1,Intentional self-poisoning by and exposure to carbon monoxide from utility gas
X67.2,Intentional self-poisoning by and exposure to carbon monoxide from other domestic fuels
X67.3,Intentional self-poisoning by and exposure to carbon monoxide from other sources
X67.4,Intentional self-poisoning by and exposure to carbon monoxide from unspecified sources
X67.8,Intentional self-poisoning by and exposure to other specified gases and vapours
X67.9,Intentional self-poisoning by and exposure to unspecified gases and vapours
X68,Intentional self-poisoning by and exposure to pesticides
X69,Intentional self-poisoning by and exposure to other and unspecified chemicals and noxious substances
X70,"Intentional self-harm by hanging, strangulation and suffocation"
X71,Intentional self-harm by drowning and submersion
X72,Intentional self-harm by handgun discharge
X73,"Intentional self-harm by rifle, shotgun and larger firearm discharge"
X74,Intentional self-harm by other and unspecified firearm discharge
X75,Intentional self-harm by explosive material
X76,"Intentional self-harm by smoke, fire and flames"
X77,"Intentional self-harm by steam, hot vapours and hot objects"
X78,Intentional self-harm by sharp object
X79,Intentional self-harm by blunt object
X80,Intentional self-harm by jumping from a high place
X81,Intentional self-harm by jumping or lying before moving object
X82,Intentional self-harm by crashing of motor vehicle
X83,Intentional self-harm by other specified means
X84,Intentional self-harm by unspecified means
X85,"Assault by drugs, medicaments and biological substances"
X86,Assault by corrosive substance
X87,Assault by pesticides
X88,Assault by gases and vapours
X88.0,Assault by carbon monoxide from combustion engine exhaust
X88.1,Assault by carbon monoxide from utility gas
X88.2,Assault by carbon monoxide from other domestic fuels
X88.3,Assault by carbon monoxide from other sources
X88.4,Assault by carbon monoxide from unspecified sources
X88.8,Assault by other specified gases and vapours
X88.9,Assault by unspecified gases and vapours
X89,Assault by other specified chemicals and noxious substances
X90,Assault by unspecified chemical or noxious substance
X91,"Assault by hanging, strangulation and suffocation"
X92,Assault by drowning and submersion
X93,Assault by handgun discharge
X94,"Assault by rifle, shotgun and larger firearm discharge"
X95,Assault by other and unspecified firearm discharge
X96,Assault by explosive material
X97,"Assault by smoke, fire and flames"
X98,"Assault by steam, hot vapours and hot objects"
X99,Assault by sharp object
Y00,Assault by blunt object
Y01,Assault by pushing from high place
Y02,Assault by pushing or placing victim before moving object
Y03,Assault by crashing of motor vehicle
Y04,Assault by bodily force
Y05,Sexual assault by bodily force
Y06,Neglect and abandonment
Y06.0,By spouse or partner
Y06.1,By parent
Y06.2,By acquaintance or friend
Y06.8,By other specified persons
Y06.9,By unspecified person
Y07,Other maltreatment
Y07.0,By spouse or partner
Y07.1,By parent
Y07.2,By acquaintance or friend
Y07.3,By official authorities
Y07.8,By other specified persons
Y07.9,By unspecified person
Y08,Assault by other specified means
Y09,Assault by unspecified means
Y10,"Poisoning by and exposure to nonopioid analgesics, antipyretics and antirheumatics, undetermined intent"
Y11,"Poisoning by and exposure to antiepileptic, sedative-hypnotic, antiparkinsonism and psychotropic drugs, not elsewhere classified, undetermined intent"
Y12,"Poisoning by and exposure to narcotics and psychodysleptics [hallucinogens], not elsewhere classified, undetermined intent"
Y13,"Poisoning by and exposure to other drugs acting on the autonomic nervous system, undetermined intent"
Y14,"Poisoning by and exposure to other and unspecified drugs, medicaments and biological substances, undetermined intent"
Y15,"Poisoning by and exposure to alcohol, undetermined intent"
Y16,"Poisoning by and exposure to organic solvents and halogenated hydrocarbons and their vapours, undetermined intent"
Y17,"Poisoning by and exposure to carbon monoxide and other gases and vapours, undetermined intent"
Y17.0,"Poisoning by and exposure to carbon monoxide from combustion engine exhaust, undetermined intent"
Y17.1,"Poisoning by and exposure to carbon monoxide from utility gas, undetermined intent"
Y17.2,"Poisoning by and exposure to carbon monoxide from other domestic fuels, undetermined intent"
Y17.3,"Poisoning by and exposure to carbon monoxide from other sources, undetermined intent"
Y17.4,"Poisoning by and exposure to carbon monoxide from unspecified sources, undetermined intent"
Y17.8,"Poisoning by and exposure to other specified gases and vapours, undetermined intent"
Y17.9,"Poisoning by and exposure to unspecified gases and vapours, undetermined intent"
Y18,"Poisoning by and exposure to pesticides, undetermined intent"
Y19,"Poisoning by and exposure to other and unspecified chemicals and noxious substances, undetermined intent"
Y20,"Hanging, strangulation and suffocation, undetermined intent"
Y21,"Drowning and submersion, undetermined intent"
Y22,"Handgun discharge, undetermined intent"
Y23,"Rifle, shotgun and larger firearm discharge, undetermined intent"
Y24,"Other and unspecified firearm discharge, undetermined intent"
Y25,"Contact with explosive material, undetermined intent"
Y26,"Exposure to smoke, fire and flames, undetermined intent"
Y27,"Contact with steam, hot vapours and hot objects, undetermined intent"
Y28,"Contact with sharp object, undetermined intent"
Y29,"Contact with blunt object, undetermined intent"
Y30,"Falling, jumping or pushed from a high place, undetermined intent"
Y31,"Falling, lying or running before or into moving object, undetermined intent"
Y32,"Crashing of motor vehicle, undetermined intent"
Y33,"Other specified events, undetermined intent"
Y34,"Unspecified event, undetermined intent"
Y35,Legal intervention
Y35.0,Legal intervention involving firearm discharge
Y35.1,Legal intervention involving explosives
Y35.2,Legal intervention involving gas
Y35.3,Legal intervention involving blunt objects
Y35.4,Legal intervention involving sharp objects
Y35.5,Legal execution
Y35.6,Legal intervention involving other specified means
Y35.7,"Legal intervention, means unspecified"
Y36,Operations of war
Y36.0,War operations involving explosion of marine weapons
Y36.1,War operations involving destruction of aircraft
Y36.2,War operations involving other explosions and fragments
Y36.3,"War operations involving fires, conflagrations and hot substances"
Y36.4,War operations involving firearm discharge and other forms of conventional warfare
Y36.5,War operations involving nuclear weapons
Y36.6,War operations involving biological weapons
Y36.7,War operations involving chemical weapons and other forms of unconventional warfare
Y36.8,War operations occurring after cessation of hostilities
Y36.9,"War operations, unspecified"
Y40,Systemic antibiotics
Y40.0,Penicillins
Y40.1,Cefalosporins and other beta-lactam antibiotics
Y40.2,Chloramphenicol group
Y40.3,Macrolides
Y40.4,Tetracyclines
Y40.5,Aminoglycosides
Y40.6,Rifamycins
Y40.7,"Antifungal antibiotics, systemically used"
Y40.8,Other systemic antibiotics
Y40.9,"Systemic antibiotic, unspecified"
Y41,Other systemic anti-infectives and antiparasitics
Y41.0,Sulfonamides
Y41.1,Antimycobacterial drugs
Y41.2,Antimalarials and drugs acting on other blood protozoa
Y41.3,Other antiprotozoal drugs
Y41.4,Anthelminthics
Y41.5,Antiviral drugs
Y41.8,Other specified systemic anti-infectives and antiparasitics
Y41.9,"Systemic anti-infective and antiparasitic, unspecified"
Y42,"Hormones and their synthetic substitutes and antagonists, not elsewhere classified"
Y42.0,Glucocorticoids and synthetic analogues
Y42.1,Thyroid hormones and substitutes
Y42.2,Antithyroid drugs
Y42.3,Insulin and oral hypoglycaemic [antidiabetic] drugs
Y42.4,Oral contraceptives
Y42.5,Other estrogens and progestogens
Y42.6,"Antigonadotrophins, antiestrogens, antiandrogens, not elsewhere classified"
Y42.7,Androgens and anabolic congeners
Y42.8,Other and unspecified hormones and their synthetic substitutes
Y42.9,Other and unspecified hormone antagonists
Y43,Primarily systemic agents
Y43.0,Antiallergic and antiemetic drugs
Y43.1,Antineoplastic antimetabolites
Y43.2,Antineoplastic natural products
Y43.3,Other antineoplastic drugs
Y43.4,Immunosuppressive agents
Y43.5,Acidifying and alkalizing agents
Y43.6,"Enzymes, not elsewhere classified"
Y43.8,"Other primarily systemic agents, not elsewhere classified"
Y43.9,"Primarily systemic agent, unspecified"
Y44,Agents primarily affecting blood constituents
Y44.0,Iron preparations and other anti-hypochromic-anaemia preparations
Y44.1,"Vitamin B12, folic acid and other anti-megaloblastic-anaemia preparations"
Y44.2,Anticoagulants
Y44.3,"Anticoagulant antagonists, vitamin K and other coagulants"
Y44.4,Antithrombotic drugs [platelet-aggregation inhibitors]
Y44.5,Thrombolytic drugs
Y44.6,Natural blood and blood products
Y44.7,Plasma substitutes
Y44.9,Other and unspecified agents affecting blood constituents
Y45,"Analgesics, antipyretics and anti-inflammatory drugs"
Y45.0,Opioids and related analgesics
Y45.1,Salicylates
Y45.2,Propionic acid derivatives
Y45.3,Other nonsteroidal anti-inflammatory drugs [NSAID]
Y45.4,Antirheumatics
Y45.5,4-Aminophenol derivatives
Y45.8,Other analgesics and antipyretics
Y45.9,"Analgesic, antipyretic and anti-inflammatory drug, unspecified"
Y46,Antiepileptics and antiparkinsonism drugs
Y46.0,Succinimides
Y46.1,Oxazolidinediones
Y46.2,Hydantoin derivatives
Y46.3,Deoxybarbiturates
Y46.4,Iminostilbenes
Y46.5,Valproic acid
Y46.6,Other and unspecified antiepileptics
Y46.7,Antiparkinsonism drugs
Y46.8,Antispasticity drugs
Y47,"Sedatives, hypnotics and antianxiety drugs"
Y47.0,"Barbiturates, not elsewhere classified"
Y47.1,Benzodiazepines
Y47.2,Cloral derivatives
Y47.3,Paraldehyde
Y47.4,Bromine compounds
Y47.5,"Mixed sedatives and hypnotics, not elsewhere classified"
Y47.8,"Other sedatives, hypnotics and antianxiety drugs"
Y47.9,"Sedative, hypnotic and antianxiety drug, unspecified"
Y48,Anaesthetics and therapeutic gases
Y48.0,Inhaled anaesthetics
Y48.1,Parenteral anaesthetics
Y48.2,Other and unspecified general anaesthetics
Y48.3,Local anaesthetics
Y48.4,"Anaesthetic, unspecified"
Y48.5,Therapeutic gases
Y49,"Psychotropic drugs, not elsewhere classified"
Y49.0,Tricyclic and tetracyclic antidepressants
Y49.1,Monoamine-oxidase-inhibitor antidepressants
Y49.2,Other and unspecified antidepressants
Y49.3,Phenothiazine antipsychotics and neuroleptics
Y49.4,Butyrophenone and thioxanthene neuroleptics
Y49.5,Other antipsychotics and neuroleptics
Y49.6,Psychodysleptics [hallucinogens]
Y49.7,Psychostimulants with abuse potential
Y49.8,"Other psychotropic drugs, not elsewhere classified"
Y49.9,"Psychotropic drug, unspecified"
Y50,"Central nervous system stimulants, not elsewhere classified"
Y50.0,Analeptics
Y50.1,Opioid receptor antagonists
Y50.2,"Methylxanthines, not elsewhere classified"
Y50.8,Other central nervous system stimulants
Y50.9,"Central nervous system stimulant, unspecified"
Y51,Drugs primarily affecting the autonomic nervous system
Y51.0,Anticholinesterase agents
Y51.1,Other parasympathomimetics [cholinergics]
Y51.2,"Ganglionic blocking drugs, not elsewhere classified"
Y51.3,"Other parasympatholytics [anticholinergics and antimuscarinics] and spasmolytics, not elsewhere classified"
Y51.4,"Predominantly alpha-adrenoreceptor agonists, not elsewhere classified"
Y51.5,"Predominantly beta-adrenoreceptor agonists, not elsewhere classified"
Y51.6,"Alpha-adrenoreceptor antagonists, not elsewhere classified"
Y51.7,"Beta-adrenoreceptor antagonists, not elsewhere classified"
Y51.8,"Centrally acting and adrenergic-neuron-blocking agents, not elsewhere classified"
Y51.9,Other and unspecified drugs primarily affecting the autonomic nervous system
Y52,Agents primarily affecting the cardiovascular system
Y52.0,Cardiac-stimulant glycosides and drugs of similar action
Y52.1,Calcium-channel blockers
Y52.2,"Other antidysrhythmic drugs, not elsewhere classified"
Y52.3,"Coronary vasodilators, not elsewhere classified"
Y52.4,Angiotensin-converting-enzyme inhibitors
Y52.5,"Other antihypertensive drugs, not elsewhere classified"
Y52.6,Antihyperlipidaemic and antiarteriosclerotic drugs
Y52.7,Peripheral vasodilators
Y52.8,"Antivaricose drugs, including sclerosing agents"
Y52.9,Other and unspecified agents primarily affecting the cardiovascular system
Y53,Agents primarily affecting the gastrointestinal system
Y53.0,Histamine H2-receptor antagonists
Y53.1,Other antacids and anti-gastric-secretion drugs
Y53.2,Stimulant laxatives
Y53.3,Saline and osmotic laxatives
Y53.4,Other laxatives
Y53.5,Digestants
Y53.6,Antidiarrhoeal drugs
Y53.7,Emetics
Y53.8,Other agents primarily affecting the gastrointestinal system
Y53.9,"Agent primarily affecting the gastrointestinal system, unspecified"
Y54,Agents primarily affecting water-balance and mineral and uric acid metabolism
Y54.0,Mineralocorticoids
Y54.1,Mineralocorticoid antagonists [aldosterone antagonists]
Y54.2,Carbonic-anhydrase inhibitors
Y54.3,Benzothiadiazine derivatives
Y54.4,Loop [high-ceiling] diuretics
Y54.5,Other diuretics
Y54.6,"Electrolytic, caloric and water-balance agents"
Y54.7,Agents affecting calcification
Y54.8,Agents affecting uric acid metabolism
Y54.9,"Mineral salts, not elsewhere classified"
Y55,Agents primarily acting on smooth and skeletal muscles and the respiratory system
Y55.0,Oxytocic drugs
Y55.1,Skeletal muscle relaxants [neuromuscular blocking agents]
Y55.2,Other and unspecified agents primarily acting on muscles
Y55.3,Antitussives
Y55.4,Expectorants
Y55.5,Anti-common-cold drugs
Y55.6,"Antiasthmatics, not elsewhere classified"
Y55.7,Other and unspecified agents primarily acting on the respiratory system
Y56,"Topical agents primarily affecting skin and mucous membrane and ophthalmological, otorhinolaryngological and dental drugs"
Y56.0,"Local antifungal, anti-infective and anti-inflammatory drugs, not elsewhere classified"
Y56.1,Antipruritics
Y56.2,Local astringents and local detergents
Y56.3,"Emollients, demulcents and protectants"
Y56.4,"Keratolytics, keratoplastics and other hair treatment drugs and preparations"
Y56.5,Ophthalmological drugs and preparations
Y56.6,Otorhinolaryngological drugs and preparations
Y56.7,"Dental drugs, topically applied"
Y56.8,Other topical agents
Y56.9,"Topical agent, unspecified"
Y57,Other and unspecified drugs and medicaments
Y57.0,Appetite depressants [anorectics]
Y57.1,Lipotropic drugs
Y57.2,"Antidotes and chelating agents, not elsewhere classified"
Y57.3,Alcohol deterrents
Y57.4,Pharmaceutical excipients
Y57.5,X-ray contrast media
Y57.6,Other diagnostic agents
Y57.7,"Vitamins, not elsewhere classified"
Y57.8,Other drugs and medicaments
Y57.9,"Drug or medicament, unspecified"
Y58,Bacterial vaccines
Y58.0,BCG vaccine
Y58.1,Typhoid and paratyphoid vaccine
Y58.2,Cholera vaccine
Y58.3,Plague vaccine
Y58.4,Tetanus vaccine
Y58.5,Diphtheria vaccine
Y58.6,"Pertussis vaccine, including combinations with a pertussis component"
Y58.8,"Mixed bacterial vaccines, except combinations with a pertussis component"
Y58.9,Other and unspecified bacterial vaccines
Y59,Other and unspecified vaccines and biological substances
Y59.0,Viral vaccines
Y59.1,Rickettsial vaccines
Y59.2,Protozoal vaccines
Y59.3,Immunoglobulin
Y59.8,Other specified vaccines and biological substances
Y59.9,"Vaccine or biological substance, unspecified"
Y60,"Unintentional cut, puncture, perforation or haemorrhage during surgical and medical care"
Y60.0,During surgical operation
Y60.1,During infusion or transfusion
Y60.2,During kidney dialysis or other perfusion
Y60.3,During injection or immunization
Y60.4,During endoscopic examination
Y60.5,During heart catheterization
Y60.6,"During aspiration, puncture and other catheterization"
Y60.7,During administration of enema
Y60.8,During other surgical and medical care
Y60.9,During unspecified surgical and medical care
Y61,Foreign object accidentally left in body during surgical and medical care
Y61.0,During surgical operation
Y61.1,During infusion or transfusion
Y61.2,During kidney dialysis or other perfusion
Y61.3,During injection or immunization
Y61.4,During endoscopic examination
Y61.5,During heart catheterization
Y61.6,"During aspiration, puncture and other catheterization"
Y61.7,During removal of catheter or packing
Y61.8,During other surgical and medical care
Y61.9,During unspecified surgical and medical care
Y62,Failure of sterile precautions during surgical and medical care
Y62.0,During surgical operation
Y62.1,During infusion or transfusion
Y62.2,During kidney dialysis or other perfusion
Y62.3,During injection or immunization
Y62.4,During endoscopic examination
Y62.5,During heart catheterization
Y62.6,"During aspiration, puncture and other catheterization"
Y62.8,During other surgical and medical care
Y62.9,During unspecified surgical and medical care
Y63,Failure in dosage during surgical and medical care
Y63.0,Excessive amount of blood or other fluid given during transfusion or infusion
Y63.1,Incorrect dilution of fluid used during infusion
Y63.2,Overdose of radiation given during therapy
Y63.3,Inadvertent exposure of patient to radiation during medical care
Y63.4,Failure in dosage in electroshock or insulin-shock therapy
Y63.5,Inappropriate temperature in local application and packing
Y63.6,"Nonadministration of necessary drug, medicament or biological substance"
Y63.8,Failure in dosage during other surgical and medical care
Y63.9,Failure in dosage during unspecified surgical and medical care
Y64,Contaminated medical or biological substances
Y64.0,"Contaminated medical or biological substance, transfused or infused"
Y64.1,"Contaminated medical or biological substance, injected or used for immunization"
Y64.8,Contaminated medical or biological substance administered by other means
Y64.9,Contaminated medical or biological substance administered by unspecified means
Y65,Other misadventures during surgical and medical care
Y65.0,Mismatched blood used in transfusion
Y65.1,Wrong fluid used in infusion
Y65.2,Failure in suture or ligature during surgical operation
Y65.3,Endotracheal tube wrongly placed during anaesthetic procedure
Y65.4,Failure to introduce or to remove other tube or instrument
Y65.5,Performance of inappropriate operation
Y65.8,Other specified misadventures during surgical and medical care
Y66,Nonadministration of surgical and medical care
Y69,Unspecified misadventure during surgical and medical care
Y70,Anaesthesiology devices associated with adverse incidents
Y70.0,Anaesthesiology devices associated with adverse incidents: Diagnostic and monitoring devices
Y70.1,Anaesthesiology devices associated with adverse incidents: Therapeutic (nonsurgical) and rehabilitative devices
Y70.2,"Anaesthesiology devices associated with adverse incidents: Prosthetic and other implants, materials and accessory devices"
Y70.3,"Anaesthesiology devices associated with adverse incidents: Surgical instruments, materials and devices (including sutures)"
Y70.8,"Anaesthesiology devices associated with adverse incidents: Miscellaneous devices, not elsewhere classified"
Y71,Cardiovascular devices associated with adverse incidents
Y71.0,Cardiovascular devices associated with adverse incidents: Diagnostic and monitoring devices
Y71.1,Cardiovascular devices associated with adverse incidents: Therapeutic (nonsurgical) and rehabilitative devices
Y71.2,"Cardiovascular devices associated with adverse incidents: Prosthetic and other implants, materials and accessory devices"
Y71.3,"Cardiovascular devices associated with adverse incidents: Surgical instruments, materials and devices (including sutures)"
Y71.8,"Cardiovascular devices associated with adverse incidents: Miscellaneous devices, not elsewhere classified"
Y72,Otorhinolaryngological devices associated with adverse incidents
Y72.0,Otorhinolaryngological devices associated with adverse incidents: Diagnostic and monitoring devices
Y72.1,Otorhinolaryngological devices associated with adverse incidents: Therapeutic (nonsurgical) and rehabilitative devices
Y72.2,"Otorhinolaryngological devices associated with adverse incidents: Prosthetic and other implants, materials and accessory devices"
Y72.3,"Otorhinolaryngological devices associated with adverse incidents: Surgical instruments, materials and devices (including sutures)"
Y72.8,"Otorhinolaryngological devices associated with adverse incidents: Miscellaneous devices, not elsewhere classified"
Y73,Gastroenterology and urology devices associated with adverse incidents
Y73.0,Gastroenterology and urology devices associated with adverse incidents: Diagnostic and monitoring devices
Y73.1,Gastroenterology and urology devices associated with adverse incidents: Therapeutic (nonsurgical) and rehabilitative devices
Y73.2,"Gastroenterology and urology devices associated with adverse incidents: Prosthetic and other implants, materials and accessory devices"
Y73.3,"Gastroenterology and urology devices associated with adverse incidents: Surgical instruments, materials and devices (including sutures)"
Y73.8,"Gastroenterology and urology devices associated with adverse incidents: Miscellaneous devices, not elsewhere classified"
Y74,General hospital and personal-use devices associated with adverse incidents
Y74.0,General hospital and personal-use devices associated with adverse incidents: Diagnostic and monitoring devices
Y74.1,General hospital and personal-use devices associated with adverse incidents: Therapeutic (nonsurgical) and rehabilitative devices
Y74.2,"General hospital and personal-use devices associated with adverse incidents: Prosthetic and other implants, materials and accessory devices"
Y74.3,"General hospital and personal-use devices associated with adverse incidents: Surgical instruments, materials and devices (including sutures)"
Y74.8,"General hospital and personal-use devices associated with adverse incidents: Miscellaneous devices, not elsewhere classified"
Y75,Neurological devices associated with adverse incidents
Y75.0,Neurological devices associated with adverse incidents: Diagnostic and monitoring devices
Y75.1,Neurological devices associated with adverse incidents: Therapeutic (nonsurgical) and rehabilitative devices
Y75.2,"Neurological devices associated with adverse incidents: Prosthetic and other implants, materials and accessory devices"
Y75.3,"Neurological devices associated with adverse incidents: Surgical instruments, materials and devices (including sutures)"
Y75.8,"Neurological devices associated with adverse incidents: Miscellaneous devices, not elsewhere classified"
Y76,Obstetric and gynaecological devices associated with adverse incidents
Y76.0,Obstetric and gynaecological devices associated with adverse incidents: Diagnostic and monitoring devices
Y76.1,Obstetric and gynaecological devices associated with adverse incidents: Therapeutic (nonsurgical) and rehabilitative devices
Y76.2,"Obstetric and gynaecological devices associated with adverse incidents: Prosthetic and other implants, materials and accessory devices"
Y76.3,"Obstetric and gynaecological devices associated with adverse incidents: Surgical instruments, materials and devices (including sutures)"
Y76.8,"Obstetric and gynaecological devices associated with adverse incidents: Miscellaneous devices, not elsewhere classified"
Y77,Ophthalmic devices associated with adverse incidents
Y77.0,Ophthalmic devices associated with adverse incidents: Diagnostic and monitoring devices
Y77.1,Ophthalmic devices associated with adverse incidents: Therapeutic (nonsurgical) and rehabilitative devices
Y77.2,"Ophthalmic devices associated with adverse incidents: Prosthetic and other implants, materials and accessory devices"
Y77.3,"Ophthalmic devices associated with adverse incidents: Surgical instruments, materials and devices (including sutures)"
Y77.8,"Ophthalmic devices associated with adverse incidents: Miscellaneous devices, not elsewhere classified"
Y78,Radiological devices associated with adverse incidents
Y78.0,Radiological devices associated with adverse incidents: Diagnostic and monitoring devices
Y78.1,Radiological devices associated with adverse incidents: Therapeutic (nonsurgical) and rehabilitative devices
Y78.2,"Radiological devices associated with adverse incidents: Prosthetic and other implants, materials and accessory devices"
Y78.3,"Radiological devices associated with adverse incidents: Surgical instruments, materials and devices (including sutures)"
Y78.8,"Radiological devices associated with adverse incidents: Miscellaneous devices, not elsewhere classified"
Y79,Orthopaedic devices associated with adverse incidents
Y79.0,Orthopaedic devices associated with adverse incidents: Diagnostic and monitoring devices
Y79.1,Orthopaedic devices associated with adverse incidents: Therapeutic (nonsurgical) and rehabilitative devices
Y79.2,"Orthopaedic devices associated with adverse incidents: Prosthetic and other implants, materials and accessory devices"
Y79.3,"Orthopaedic devices associated with adverse incidents: Surgical instruments, materials and devices (including sutures)"
Y79.8,"Orthopaedic devices associated with adverse incidents: Miscellaneous devices, not elsewhere classified"
Y80,Physical medicine devices associated with adverse incidents
Y80.0,Physical medicine devices associated with adverse incidents: Diagnostic and monitoring devices
Y80.1,Physical medicine devices associated with adverse incidents: Therapeutic (nonsurgical) and rehabilitative devices
Y80.2,"Physical medicine devices associated with adverse incidents: Prosthetic and other implants, materials and accessory devices"
Y80.3,"Physical medicine devices associated with adverse incidents: Surgical instruments, materials and devices (including sutures)"
Y80.8,"Physical medicine devices associated with adverse incidents: Miscellaneous devices, not elsewhere classified"
Y81,General- and plastic-surgery devices associated with adverse incidents
Y81.0,General- and plastic-surgery devices associated with adverse incidents: Diagnostic and monitoring devices
Y81.1,General- and plastic-surgery devices associated with adverse incidents: Therapeutic (nonsurgical) and rehabilitative devices
Y81.2,"General- and plastic-surgery devices associated with adverse incidents: Prosthetic and other implants, materials and accessory devices"
Y81.3,"General- and plastic-surgery devices associated with adverse incidents: Surgical instruments, materials and devices (including sutures)"
Y81.8,"General- and plastic-surgery devices associated with adverse incidents: Miscellaneous devices, not elsewhere classified"
Y82,Other and unspecified medical devices associated with adverse incidents
Y82.0,Other and unspecified medical devices associated with adverse incidents: Diagnostic and monitoring devices
Y82.1,Other and unspecified medical devices associated with adverse incidents: Therapeutic (nonsurgical) and rehabilitative devices
Y82.2,"Other and unspecified medical devices associated with adverse incidents: Prosthetic and other implants, materials and accessory devices"
Y82.3,"Other and unspecified medical devices associated with adverse incidents: Surgical instruments, materials and devices (including sutures)"
Y82.8,"Other and unspecified medical devices associated with adverse incidents: Miscellaneous devices, not elsewhere classified"
Y83,"Surgical operation and other surgical procedures as the cause of abnormal reaction of the patient, or of later complication, without mention of misadventure at the time of the procedure"
Y83.0,Surgical operation with transplant of whole organ
Y83.1,Surgical operation with implant of artificial internal device
Y83.2,"Surgical operation with anastomosis, bypass or graft"
Y83.3,Surgical operation with formation of external stoma
Y83.4,Other reconstructive surgery
Y83.5,Amputation of limb(s)
Y83.6,Removal of other organ (partial) (total)
Y83.8,Other surgical procedures
Y83.9,"Surgical procedure, unspecified"
Y84,"Other medical procedures as the cause of abnormal reaction of the patient, or of later complication, without mention of misadventure at the time of the procedure"
Y84.0,Cardiac catheterization
Y84.1,Kidney dialysis
Y84.2,Radiological procedure and radiotherapy
Y84.3,Shock therapy
Y84.4,Aspiration of fluid
Y84.5,Insertion of gastric or duodenal sound
Y84.6,Urinary catheterization
Y84.7,Blood-sampling
Y84.8,Other medical procedures
Y84.9,"Medical procedure, unspecified"
Y85,Sequelae of transport accidents
Y85.0,Sequelae of motor-vehicle accident
Y85.9,Sequelae of other and unspecified transport accidents
Y86,Sequelae of other accidents
Y87,"Sequelae of intentional self-harm, assault and events of undetermined intent"
Y87.0,Sequelae of intentional self-harm
Y87.1,Sequelae of assault
Y87.2,Sequelae of events of undetermined intent
Y88,Sequelae with surgical and medical care as external cause
Y88.0,"Sequelae of adverse effects caused by drugs, medicaments and biological substances in therapeutic use"
Y88.1,Sequelae of misadventures to patients during surgical and medical procedures
Y88.2,Sequelae of adverse incidents associated with medical devices in diagnostic and therapeutic use
Y88.3,"Sequelae of surgical and medical procedures as the cause of abnormal reaction of the patient, or of later complication, without mention of misadventure at the time of the procedure"
Y89,Sequelae of other external causes
Y89.0,Sequelae of legal intervention
Y89.1,Sequelae of war operations
Y89.9,Sequelae of unspecified external cause
Y90,Evidence of alcohol involvement determined by blood alcohol level
Y90.0,Blood alcohol level of less than 20 mg/100 ml
Y90.1,Blood alcohol level of 20-39 mg/100 ml
Y90.2,Blood alcohol level of 40-59 mg/100 ml
Y90.3,Blood alcohol level of 60-79 mg/100 ml
Y90.4,Blood alcohol level of 80-99 mg/100 ml
Y90.5,Blood alcohol level of 100-119 mg/100 ml
Y90.6,Blood alcohol level of 120-199 mg/100 ml
Y90.7,Blood alcohol level of 200-239 mg/100 ml
Y90.8,Blood alcohol level of 240 mg/100 ml or more
Y90.9,"Presence of alcohol in blood, level not specified"
Y91,Evidence of alcohol involvement determined by level of intoxication
Y91.0,Mild alcohol intoxication
Y91.1,Moderate alcohol intoxication
Y91.2,Severe alcohol intoxication
Y91.3,Very severe alcohol intoxication
Y91.9,"Alcohol involvement, not otherwise specified"
Y95,Nosocomial condition
Y96,Work-related condition
Y97,Environmental-pollution-related condition
Y98,Lifestyle-related condition
