code,term
A00,Cholera
A00.0,"Cholera due to Vibrio cholerae 01, biovar cholerae"
A00.1,"Cholera due to Vibrio cholerae 01, biovar eltor"
A00.9,"Cholera, unspecified"
A01,Typhoid and paratyphoid fevers
A01.0,Typhoid fever
A01.1,Paratyphoid fever A
A01.2,Paratyphoid fever B
A01.3,Paratyphoid fever C
A01.4,"Paratyphoid fever, unspecified"
A02,Other salmonella infections
A02.0,Salmonella enteritis
A02.1,Salmonella sepsis
A02.2,Localized salmonella infections
A02.8,Other specified salmonella infections
A02.9,"Salmonella infection, unspecified"
A03,Shigellosis
A03.0,Shigellosis due to Shigella dysenteriae
A03.1,Shigellosis due to Shigella flexneri
A03.2,Shigellosis due to Shigella boydii
A03.3,Shigellosis due to Shigella sonnei
A03.8,Other shigellosis
A03.9,"Shigellosis, unspecified"
A04,Other bacterial intestinal infections
A04.0,Enteropathogenic Escherichia coli infection
A04.1,Enterotoxigenic Escherichia coli infection
A04.2,Enteroinvasive Escherichia coli infection
A04.3,Enterohaemorrhagic Escherichia coli infection
A04.4,Other intestinal Escherichia coli infections
A04.5,Campylobacter enteritis
A04.6,Enteritis due to Yersinia enterocolitica
A04.7,Enterocolitis due to Clostridium difficile
A04.8,Other specified bacterial intestinal infections
A04.9,"Bacterial intestinal infection, unspecified"
A05,"Other bacterial foodborne intoxications, not elsewhere classified"
A05.0,Foodborne staphylococcal intoxication
A05.1,Botulism
A05.2,Foodborne Clostridium perfringens [Clostridium welchii] intoxication
A05.3,Foodborne Vibrio parahaemolyticus intoxication
A05.4,Foodborne Bacillus cereus intoxication
A05.8,Other specified bacterial foodborne intoxications
A05.9,"Bacterial foodborne intoxication, unspecified"
A06,Amoebiasis
A06.0,Acute amoebic dysentery
A06.1,Chronic intestinal amoebiasis
A06.2,Amoebic nondysenteric colitis
A06.3,Amoeboma of intestine
A06.4,Amoebic liver abscess
A06.5,Amoebic lung abscess
A06.6,Amoebic brain abscess
A06.7,Cutaneous amoebiasis
A06.8,Amoebic infection of other sites
A06.9,"Amoebiasis, unspecified"
A07,Other protozoal intestinal diseases
A07.0,Balantidiasis
A07.1,Giardiasis [lambliasis]
A07.2,Cryptosporidiosis
A07.3,Isosporiasis
A07.8,Other specified protozoal intestinal diseases
A07.9,"Protozoal intestinal disease, unspecified"
A08,Viral and other specified intestinal infections
A08.0,Rotaviral enteritis
A08.1,Acute gastroenteropathy due to Norovirus
A08.2,Adenoviral enteritis
A08.3,Other viral enteritis
A08.4,"Viral intestinal infection, unspecified"
A08.5,Other specified intestinal infections
A09,Other gastroenteritis and colitis of infectious and unspecified origin
A09.0,Other and unspecified gastroenteritis and colitis of infectious origin
A09.9,Gastroenteritis and colitis of unspecified origin
A15,"Respiratory tuberculosis, bacteriologically and histologically confirmed"
A15.0,"Tuberculosis of lung, confirmed by sputum microscopy with or without culture"
A15.1,"Tuberculosis of lung, confirmed by culture only"
A15.2,"Tuberculosis of lung, confirmed histologically"
A15.3,"Tuberculosis of lung, confirmed by unspecified means"
A15.4,"Tuberculosis of intrathoracic lymph nodes, confirmed bacteriologically and histologically"
A15.5,"Tuberculosis of larynx, trachea and bronchus, confirmed bacteriologically and histologically"
A15.6,"Tuberculous pleurisy, confirmed bacteriologically and histologically"
A15.7,"Primary respiratory tuberculosis, confirmed bacteriologically and histologically"
A15.8,"Other respiratory tuberculosis, confirmed bacteriologically and histologically"
A15.9,"Respiratory tuberculosis unspecified, confirmed bacteriologically and histologically"
A16,"Respiratory tuberculosis, not confirmed bacteriologically or histologically"
A16.0,"Tuberculosis of lung, bacteriologically and histologically negative"
A16.1,"Tuberculosis of lung, bacteriological and histological examination not done"
A16.2,"Tuberculosis of lung, without mention of bacteriological or histological confirmation"
A16.3,"Tuberculosis of intrathoracic lymph nodes, without mention of bacteriological or histological confirmation"
A16.4,"Tuberculosis of larynx, trachea and bronchus, without mention of bacteriological or histological confirmation"
A16.5,"Tuberculous pleurisy, without mention of bacteriological or histological confirmation"
A16.7,Primary respiratory tuberculosis without mention of bacteriological or histological confirmation
A16.8,"Other respiratory tuberculosis, without mention of bacteriological or histological confirmation"
A16.9,"Respiratory tuberculosis unspecified, without mention of bacteriological or histological confirmation"
A17,Tuberculosis of nervous system
A17.0,Tuberculous meningitis
A17.1,Meningeal tuberculoma
A17.8,Other tuberculosis of nervous system
A17.9,"Tuberculosis of nervous system, unspecified"
A18,Tuberculosis of other organs
A18.0,Tuberculosis of bones and joints
A18.1,Tuberculosis of genitourinary system
A18.2,Tuberculous peripheral lymphadenopathy
A18.3,"Tuberculosis of intestines, peritoneum and mesenteric glands"
A18.4,Tuberculosis of skin and subcutaneous tissue
A18.5,Tuberculosis of eye
A18.6,Tuberculosis of ear
A18.7,Tuberculosis of adrenal glands
A18.8,Tuberculosis of other specified organs
A19,Miliary tuberculosis
A19.0,Acute miliary tuberculosis of a single specified site
A19.1,Acute miliary tuberculosis of multiple sites
A19.2,"Acute miliary tuberculosis, unspecified"
A19.8,Other miliary tuberculosis
A19.9,"Miliary tuberculosis, unspecified"
A20,Plague
A20.0,Bubonic plague
A20.1,Cellulocutaneous plague
A20.2,Pneumonic plague
A20.3,Plague meningitis
A20.7,Septicaemic plague
A20.8,Other forms of plague
A20.9,"Plague, unspecified"
A21,Tularaemia
A21.0,Ulceroglandular tularaemia
A21.1,Oculoglandular tularaemia
A21.2,Pulmonary tularaemia
A21.3,Gastrointestinal tularaemia
A21.7,Generalized tularaemia
A21.8,Other forms of tularaemia
A21.9,"Tularaemia, unspecified"
A22,Anthrax
A22.0,Cutaneous anthrax
A22.1,Pulmonary anthrax
A22.2,Gastrointestinal anthrax
A22.7,Anthrax sepsis
A22.8,Other forms of anthrax
A22.9,"Anthrax, unspecified"
A23,Brucellosis
A23.0,Brucellosis due to Brucella melitensis
A23.1,Brucellosis due to Brucella abortus
A23.2,Brucellosis due to Brucella suis
A23.3,Brucellosis due to Brucella canis
A23.8,Other brucellosis
A23.9,"Brucellosis, unspecified"
A24,Glanders and melioidosis
A24.0,Glanders
A24.1,Acute and fulminating melioidosis
A24.2,Subacute and chronic melioidosis
A24.3,Other melioidosis
A24.4,"Melioidosis, unspecified"
A25,Rat-bite fevers
A25.0,Spirillosis
A25.1,Streptobacillosis
A25.9,"Rat-bite fever, unspecified"
A26,Erysipeloid
A26.0,Cutaneous erysipeloid
A26.7,Erysipelothrix sepsis
A26.8,Other forms of erysipeloid
A26.9,"Erysipeloid, unspecified"
A27,Leptospirosis
A27.0,Leptospirosis icterohaemorrhagica
A27.8,Other forms of leptospirosis
A27.9,"Leptospirosis, unspecified"
A28,"Other zoonotic bacterial diseases, not elsewhere classified"
A28.0,Pasteurellosis
A28.1,Cat-scratch disease
A28.2,Extraintestinal yersiniosis
A28.8,"Other specified zoonotic bacterial diseases, not elsewhere classified"
A28.9,"Zoonotic bacterial disease, unspecified"
A30,Leprosy [Hansen disease]
A30.0,Indeterminate leprosy
A30.1,Tuberculoid leprosy
A30.2,Borderline tuberculoid leprosy
A30.3,Borderline leprosy
A30.4,Borderline lepromatous leprosy
A30.5,Lepromatous leprosy
A30.8,Other forms of leprosy
A30.9,"Leprosy, unspecified"
A31,Infection due to other mycobacteria
A31.0,Pulmonary mycobacterial infection
A31.1,Cutaneous mycobacterial infection
A31.8,Other mycobacterial infections
A31.9,"Mycobacterial infection, unspecified"
A32,Listeriosis
A32.0,Cutaneous listeriosis
A32.1,Listerial meningitis and meningoencephalitis
A32.7,Listerial sepsis
A32.8,Other forms of listeriosis
A32.9,"Listeriosis, unspecified"
A33,Tetanus neonatorum
A34,Obstetrical tetanus
A35,Other tetanus
A36,Diphtheria
A36.0,Pharyngeal diphtheria
A36.1,Nasopharyngeal diphtheria
A36.2,Laryngeal diphtheria
A36.3,Cutaneous diphtheria
A36.8,Other diphtheria
A36.9,"Diphtheria, unspecified"
A37,Whooping cough
A37.0,Whooping cough due to Bordetella pertussis
A37.1,Whooping cough due to Bordetella parapertussis
A37.8,Whooping cough due to other Bordetella species
A37.9,"Whooping cough, unspecified"
A38,Scarlet fever
A42,Actinomycosis
A42.0,Pulmonary actinomycosis
A42.1,Abdominal actinomycosis
A42.2,Cervicofacial actinomycosis
A42.7,Actinomycotic sepsis
A42.8,Other forms of actinomycosis
A42.9,"Actinomycosis, unspecified"
A43,Nocardiosis
A43.0,Pulmonary nocardiosis
A43.1,Cutaneous nocardiosis
A43.8,Other forms of nocardiosis
A43.9,"Nocardiosis, unspecified"
A44,Bartonellosis
A44.0,Systemic bartonellosis
A44.1,Cutaneous and mucocutaneous bartonellosis
A44.8,Other forms of bartonellosis
A44.9,"Bartonellosis, unspecified"
A46,Erysipelas
A48,"Other bacterial diseases, not elsewhere classified"
A48.0,Gas gangrene
A48.1,Legionnaires disease
A48.2,Nonpneumonic Legionnaires disease [Pontiac fever]
A48.3,Toxic shock syndrome
A48.4,Brazilian purpuric fever
A48.8,Other specified bacterial diseases
A49,Bacterial infection of unspecified site
A49.0,"Staphylococcal infection, unspecified site"
A49.1,"Streptococcal and enterococcal infection, unspecified site"
A49.2,"Haemophilus influenzae infection, unspecified site"
A49.3,"Mycoplasma infection, unspecified site"
A49.8,Other bacterial infections of unspecified site
A49.9,"Bacterial infection, unspecified"
A50,Congenital syphilis
A50.0,"Early congenital syphilis, symptomatic"
A50.1,"Early congenital syphilis, latent"
A50.2,"Early congenital syphilis, unspecified"
A50.3,Late congenital syphilitic oculopathy
A50.4,Late congenital neurosyphilis [juvenile neurosyphilis]
A50.5,"Other late congenital syphilis, symptomatic"
A50.6,"Late congenital syphilis, latent"
A50.7,"Late congenital syphilis, unspecified"
A50.9,"Congenital syphilis, unspecified"
A51,Early syphilis
A51.0,Primary genital syphilis
A51.1,Primary anal syphilis
A51.2,Primary syphilis of other sites
A51.3,Secondary syphilis of skin and mucous membranes
A51.4,Other secondary syphilis
A51.5,"Early syphilis, latent"
A51.9,"Early syphilis, unspecified"
A52,Late syphilis
A52.0,Cardiovascular syphilis
A52.1,Symptomatic neurosyphilis
A52.2,Asymptomatic neurosyphilis
A52.3,"Neurosyphilis, unspecified"
A52.7,Other symptomatic late syphilis
A52.8,"Late syphilis, latent"
A52.9,"Late syphilis, unspecified"
A53,Other and unspecified syphilis
A53.0,"Latent syphilis, unspecified as early or late"
A53.9,"Syphilis, unspecified"
A54,Gonococcal infection
A54.0,Gonococcal infection of lower genitourinary tract without periurethral or accessory gland abscess
A54.1,Gonococcal infection of lower genitourinary tract with periurethral and accessory gland abscess
A54.2,Gonococcal pelviperitonitis and other gonococcal genitourinary infections
A54.3,Gonococcal infection of eye
A54.4,Gonococcal infection of musculoskeletal system
A54.5,Gonococcal pharyngitis
A54.6,Gonococcal infection of anus and rectum
A54.8,Other gonococcal infections
A54.9,"Gonococcal infection, unspecified"
A55,Chlamydial lymphogranuloma (venereum)
A56,Other sexually transmitted chlamydial diseases
A56.0,Chlamydial infection of lower genitourinary tract
A56.1,Chlamydial infection of pelviperitoneum and other genitourinary organs
A56.2,"Chlamydial infection of genitourinary tract, unspecified"
A56.3,Chlamydial infection of anus and rectum
A56.4,Chlamydial infection of pharynx
A56.8,Sexually transmitted chlamydial infection of other sites
A57,Chancroid
A58,Granuloma inguinale
A59,Trichomoniasis
A59.0,Urogenital trichomoniasis
A59.8,Trichomoniasis of other sites
A59.9,"Trichomoniasis, unspecified"
A60,Anogenital herpesviral [herpes simplex] infection
A60.0,Herpesviral infection of genitalia and urogenital tract
A60.1,Herpesviral infection of perianal skin and rectum
A60.9,"Anogenital herpesviral infection, unspecified"
A63,"Other predominantly sexually transmitted diseases, not elsewhere classified"
A63.0,Anogenital (venereal) warts
A63.8,Other specified predominantly sexually transmitted diseases
A64,Unspecified sexually transmitted disease
A65,Nonvenereal syphilis
A66,Yaws
A66.0,Initial lesions of yaws
A66.1,Multiple papillomata and wet crab yaws
A66.2,Other early skin lesions of yaws
A66.3,Hyperkeratosis of yaws
A66.4,Gummata and ulcers of yaws
A66.5,Gangosa
A66.6,Bone and joint lesions of yaws
A66.7,Other manifestations of yaws
A66.8,Latent yaws
A66.9,"Yaws, unspecified"
A67,Pinta [carate]
A67.0,Primary lesions of pinta
A67.1,Intermediate lesions of pinta
A67.2,Late lesions of pinta
A67.3,Mixed lesions of pinta
A67.9,"Pinta, unspecified"
A68,Relapsing fevers
A68.0,Louse-borne relapsing fever
A68.1,Tick-borne relapsing fever
A68.9,"Relapsing fever, unspecified"
A69,Other spirochaetal infections
A69.0,Necrotizing ulcerative stomatitis
A69.1,Other Vincent infections
A69.2,Lyme disease
A69.8,Other specified spirochaetal infections
A69.9,"Spirochaetal infection, unspecified"
A70,Chlamydia psittaci infection
A71,Trachoma
A71.0,Initial stage of trachoma
A71.1,Active stage of trachoma
A71.9,"Trachoma, unspecified"
A74,Other diseases caused by chlamydiae
A74.0,Chlamydial conjunctivitis
A74.8,Other chlamydial diseases
A74.9,"Chlamydial infection, unspecified"
A75,Typhus fever
A75.0,Epidemic louse-borne typhus fever due to Rickettsia prowazekii
A75.1,Recrudescent typhus [Brill disease]
A75.2,Typhus fever due to Rickettsia typhi
A75.3,Typhus fever due to Rickettsia tsutsugamushi
A75.9,"Typhus fever, unspecified"
A77,Spotted fever [tick-borne rickettsioses]
A77.0,Spotted fever due to Rickettsia rickettsii
A77.1,Spotted fever due to Rickettsia conorii
A77.2,Spotted fever due to Rickettsia sibirica
A77.3,Spotted fever due to Rickettsia australis
A77.8,Other spotted fevers
A77.9,"Spotted fever, unspecified"
A78,Q fever
A79,Other rickettsioses
A79.0,Trench fever
A79.1,Rickettsialpox due to Rickettsia akari
A79.8,Other specified rickettsioses
A79.9,"Rickettsiosis, unspecified"
A80,Acute poliomyelitis
A80.0,"Acute paralytic poliomyelitis, vaccine-associated"
A80.1,"Acute paralytic poliomyelitis, wild virus, imported"
A80.2,"Acute paralytic poliomyelitis, wild virus, indigenous"
A80.3,"Acute paralytic poliomyelitis, other and unspecified"
A80.4,Acute nonparalytic poliomyelitis
A80.9,"Acute poliomyelitis, unspecified"
A81,Atypical virus infections of central nervous system
A81.0,Creutzfeldt-Jakob disease
A81.1,Subacute sclerosing panencephalitis
A81.2,Progressive multifocal leukoencephalopathy
A81.8,Other atypical virus infections of central nervous system
A81.9,"Atypical virus infection of central nervous system, unspecified"
A82,Rabies
A82.0,Sylvatic rabies
A82.1,Urban rabies
A82.9,"Rabies, unspecified"
A83,Mosquito-borne viral encephalitis
A83.0,Japanese encephalitis
A83.1,Western equine encephalitis
A83.2,Eastern equine encephalitis
A83.3,St Louis encephalitis
A83.4,Australian encephalitis
A83.5,California encephalitis
A83.6,Rocio virus disease
A83.8,Other mosquito-borne viral encephalitis
A83.9,"Mosquito-borne viral encephalitis, unspecified"
A84,Tick-borne viral encephalitis
A84.0,Far Eastern tick-borne encephalitis [Russian spring-summer encephalitis]
A84.1,Central European tick-borne encephalitis
A84.8,Other tick-borne viral encephalitis
A84.9,"Tick-borne viral encephalitis, unspecified"
A85,"Other viral encephalitis, not elsewhere classified"
A85.0,Enteroviral encephalitis
A85.1,Adenoviral encephalitis
A85.2,"Arthropod-borne viral encephalitis, unspecified"
A85.8,Other specified viral encephalitis
A86,Unspecified viral encephalitis
A87,Viral meningitis
A87.0,Enteroviral meningitis
A87.1,Adenoviral meningitis
A87.2,Lymphocytic choriomeningitis
A87.8,Other viral meningitis
A87.9,"Viral meningitis, unspecified"
A88,"Other viral infections of central nervous system, not elsewhere classified"
A88.0,Enteroviral exanthematous fever [Boston exanthem]
A88.1,Epidemic vertigo
A88.8,Other specified viral infections of central nervous system
A89,Unspecified viral infection of central nervous system
A92,Other mosquito-borne viral fevers
A92.0,Chikungunya virus disease
A92.1,O'nyong-nyong fever
A92.2,Venezuelan equine fever
A92.3,West Nile virus infection
A92.4,Rift Valley fever
A92.5,Zika virus disease
A92.8,Other specified mosquito-borne viral fevers
A92.9,"Mosquito-borne viral fever, unspecified"
A93,"Other arthropod-borne viral fevers, not elsewhere classified"
A93.0,Oropouche virus disease
A93.1,Sandfly fever
A93.2,Colorado tick fever
A93.8,Other specified arthropod-borne viral fevers
A94,Unspecified arthropod-borne viral fever
A95,Yellow fever
A95.0,Sylvatic yellow fever
A95.1,Urban yellow fever
A95.9,"Yellow fever, unspecified"
A96,Arenaviral haemorrhagic fever
A96.0,Junin haemorrhagic fever
A96.1,Machupo haemorrhagic fever
A96.2,Lassa fever
A96.8,Other arenaviral haemorrhagic fevers
A96.9,"Arenaviral haemorrhagic fever, unspecified"
A97,Dengue
A97.0,Dengue without warning signs
A97.1,Dengue with warning signs
A97.2,Severe Dengue
A97.9,"Dengue, unspecified"
A98,"Other viral haemorrhagic fevers, not elsewhere classified"
A98.0,Crimean-Congo haemorrhagic fever
A98.1,Omsk haemorrhagic fever
A98.2,Kyasanur Forest disease
A98.3,Marburg virus disease
A98.4,Ebola virus disease
A98.5,Haemorrhagic fever with renal syndrome
A98.8,Other specified viral haemorrhagic fevers
A99,Unspecified viral haemorrhagic fever
B00,Herpesviral [herpes simplex] infections
B00.0,Eczema herpeticum
B00.1,Herpesviral vesicular dermatitis
B00.2,Herpesviral gingivostomatitis and pharyngotonsillitis
B00.3,Herpesviral meningitis
B00.4,Herpesviral encephalitis
B00.5,Herpesviral ocular disease
B00.7,Disseminated herpesviral disease
B00.8,Other forms of herpesviral infection
B00.9,"Herpesviral infection, unspecified"
B01,Varicella [chickenpox]
B01.0,Varicella meningitis
B01.1,Varicella encephalitis
B01.2,Varicella pneumonia
B01.8,Varicella with other complications
B01.9,Varicella without complication
B02,Zoster [herpes zoster]
B02.0,Zoster encephalitis
B02.1,Zoster meningitis
B02.2,Zoster with other nervous system involvement
B02.3,Zoster ocular disease
B02.7,Disseminated zoster
B02.8,Zoster with other complications
B02.9,Zoster without complication
B03,Smallpox
B04,Monkeypox
B05,Measles
B05.0,Measles complicated by encephalitis
B05.1,Measles complicated by meningitis
B05.2,Measles complicated by pneumonia
B05.3,Measles complicated by otitis media
B05.4,Measles with intestinal complications
B05.8,Measles with other complications
B05.9,Measles without complication
B06,Rubella [German measles]
B06.0,Rubella with neurological complications
B06.8,Rubella with other complications
B06.9,Rubella without complication
B07,Viral warts
B08,"Other viral infections characterized by skin and mucous membrane lesions, not elsewhere classified"
B08.0,Other orthopoxvirus infections
B08.1,Molluscum contagiosum
B08.2,Exanthema subitum [sixth disease]
B08.3,Erythema infectiosum [fifth disease]
B08.4,Enteroviral vesicular stomatitis with exanthem
B08.5,Enteroviral vesicular pharyngitis
B08.8,Other specified viral infections characterized by skin and mucous membrane lesions
B09,Unspecified viral infection characterized by skin and mucous membrane lesions
B15,Acute hepatitis A
B15.0,Hepatitis A with hepatic coma
B15.9,Hepatitis A without hepatic coma
B16,Acute hepatitis B
B16.0,Acute hepatitis B with delta-agent (coinfection) with hepatic coma
B16.1,Acute hepatitis B with delta-agent (coinfection) without hepatic coma
B16.2,Acute hepatitis B without delta-agent with hepatic coma
B16.9,Acute hepatitis B without delta-agent and without hepatic coma
B17,Other acute viral hepatitis
B17.0,Acute delta-(super)infection in chronic hepatitis B
B17.1,Acute hepatitis C
B17.2,Acute hepatitis E
B17.8,Other specified acute viral hepatitis
B17.9,"Acute viral hepatitis, unspecified"
B18,Chronic viral hepatitis
B18.0,Chronic viral hepatitis B with delta-agent
B18.00,Chronic viral hepatitis B with delta-agent: immune-tolerant phase
B18.09,Chronic viral hepatitis B with delta-agent: other and unspecified phase
B18.1,Chronic viral hepatitis B without delta-agent
B18.10,Chronic viral hepatitis B without delta-agent: immune-tolerant phase
B18.19,Chronic viral hepatitis B without delta-agent: other and unspecified phase
B18.2,Chronic viral hepatitis C
B18.8,Other chronic viral hepatitis
B18.9,"Chronic viral hepatitis, unspecified"
B19,Unspecified viral hepatitis
B19.0,Unspecified viral hepatitis with hepatic coma
B19.9,Unspecified viral hepatitis without hepatic coma
B20,Human immunodeficiency virus [HIV] disease resulting in infectious and parasitic diseases
B20.0,HIV disease resulting in mycobacterial infection
B20.1,HIV disease resulting in other bacterial infections
B20.2,HIV disease resulting in cytomegaloviral disease
B20.3,HIV disease resulting in other viral infections
B20.4,HIV disease resulting in candidiasis
B20.5,HIV disease resulting in other mycoses
B20.6,HIV disease resulting in Pneumocystis jirovecii pneumonia
B20.7,HIV disease resulting in multiple infections
B20.8,HIV disease resulting in other infectious and parasitic diseases
B20.9,HIV disease resulting in unspecified infectious or parasitic disease
B21,Human immunodeficiency virus [HIV] disease resulting in malignant neoplasms
B21.0,HIV disease resulting in Kaposi sarcoma
B21.1,HIV disease resulting in Burkitt lymphoma
B21.2,HIV disease resulting in other types of non-Hodgkin lymphoma
B21.3,"HIV disease resulting in other malignant neoplasms of lymphoid, haematopoietic and related tissue"
B21.7,HIV disease resulting in multiple malignant neoplasms
B21.8,HIV disease resulting in other malignant neoplasms
B21.9,HIV disease resulting in unspecified malignant neoplasm
B22,Human immunodeficiency virus [HIV] disease resulting in other specified diseases
B22.0,HIV disease resulting in encephalopathy
B22.1,HIV disease resulting in lymphoid interstitial pneumonitis
B22.2,HIV disease resulting in wasting syndrome
B22.7,HIV disease resulting in multiple diseases classified elsewhere
B23,Human immunodeficiency virus [HIV] disease resulting in other conditions
B23.0,Acute HIV infection syndrome
B23.1,HIV disease resulting in (persistent) generalized lymphadenopathy
B23.2,"HIV disease resulting in haematological and immunological abnormalities, not elsewhere classified"
B23.8,HIV disease resulting in other specified conditions
B24,Unspecified human immunodeficiency virus [HIV] disease
B25,Cytomegaloviral disease
B25.0,Cytomegaloviral pneumonitis
B25.1,Cytomegaloviral hepatitis
B25.2,Cytomegaloviral pancreatitis
B25.8,Other cytomegaloviral diseases
B25.9,"Cytomegaloviral disease, unspecified"
B26,Mumps
B26.0,Mumps orchitis
B26.1,Mumps meningitis
B26.2,Mumps encephalitis
B26.3,Mumps pancreatitis
B26.8,Mumps with other complications
B26.9,Mumps without complication
B27,Infectious mononucleosis
B27.0,Gammaherpesviral mononucleosis
B27.1,Cytomegaloviral mononucleosis
B27.8,Other infectious mononucleosis
B27.9,"Infectious mononucleosis, unspecified"
B30,Viral conjunctivitis
B30.0,Keratoconjunctivitis due to adenovirus
B30.1,Conjunctivitis due to adenovirus
B30.2,Viral pharyngoconjunctivitis
B30.3,Acute epidemic haemorrhagic conjunctivitis (enteroviral)
B30.8,Other viral conjunctivitis
B30.9,"Viral conjunctivitis, unspecified"
B33,"Other viral diseases, not elsewhere classified"
B33.0,Epidemic myalgia
B33.1,Ross River disease
B33.2,Viral carditis
B33.3,"Retrovirus infections, not elsewhere classified"
B33.4,Hantavirus (cardio-)pulmonary syndrome [HPS] [HCPS]
B33.8,Other specified viral diseases
B34,Viral infection of unspecified site
B34.0,"Adenovirus infection, unspecified site"
B34.1,"Enterovirus infection, unspecified site"
B34.2,"Coronavirus infection, unspecified site"
B34.3,"Parvovirus infection, unspecified site"
B34.4,"Papovavirus infection, unspecified site"
B34.8,Other viral infections of unspecified site
B34.9,"Viral infection, unspecified"
B35,Dermatophytosis
B35.0,Tinea barbae and tinea capitis
B35.1,Tinea unguium
B35.2,Tinea manuum
B35.3,Tinea pedis
B35.4,Tinea corporis
B35.5,Tinea imbricata
B35.6,Tinea inguinalis [Tinea cruris]
B35.8,Other dermatophytoses
B35.9,"Dermatophytosis, unspecified"
B36,Other superficial mycoses
B36.0,Pityriasis versicolor
B36.1,Tinea nigra
B36.2,White piedra
B36.3,Black piedra
B36.8,Other specified superficial mycoses
B36.9,"Superficial mycosis, unspecified"
B37,Candidiasis
B37.0,Candidal stomatitis
B37.1,Pulmonary candidiasis
B37.2,Candidiasis of skin and nail
B37.3,Candidiasis of vulva and vagina
B37.4,Candidiasis of other urogenital sites
B37.5,Candidal meningitis
B37.6,Candidal endocarditis
B37.7,Candidal sepsis
B37.8,Candidiasis of other sites
B37.9,"Candidiasis, unspecified"
B38,Coccidioidomycosis
B38.0,Acute pulmonary coccidioidomycosis
B38.1,Chronic pulmonary coccidioidomycosis
B38.2,"Pulmonary coccidioidomycosis, unspecified"
B38.3,Cutaneous coccidioidomycosis
B38.4,Coccidioidomycosis meningitis
B38.7,Disseminated coccidioidomycosis
B38.8,Other forms of coccidioidomycosis
B38.9,"Coccidioidomycosis, unspecified"
B39,Histoplasmosis
B39.0,Acute pulmonary histoplasmosis capsulati
B39.1,Chronic pulmonary histoplasmosis capsulati
B39.2,"Pulmonary histoplasmosis capsulati, unspecified"
B39.3,Disseminated histoplasmosis capsulati
B39.4,"Histoplasmosis capsulati, unspecified"
B39.5,Histoplasmosis duboisii
B39.9,"Histoplasmosis, unspecified"
B40,Blastomycosis
B40.0,Acute pulmonary blastomycosis
B40.1,Chronic pulmonary blastomycosis
B40.2,"Pulmonary blastomycosis, unspecified"
B40.3,Cutaneous blastomycosis
B40.7,Disseminated blastomycosis
B40.8,Other forms of blastomycosis
B40.9,"Blastomycosis, unspecified"
B41,Paracoccidioidomycosis
B41.0,Pulmonary paracoccidioidomycosis
B41.7,Disseminated paracoccidioidomycosis
B41.8,Other forms of paracoccidioidomycosis
B41.9,"Paracoccidioidomycosis, unspecified"
B42,Sporotrichosis
B42.0,Pulmonary sporotrichosis
B42.1,Lymphocutaneous sporotrichosis
B42.7,Disseminated sporotrichosis
B42.8,Other forms of sporotrichosis
B42.9,"Sporotrichosis, unspecified"
B43,Chromomycosis and phaeomycotic abscess
B43.0,Cutaneous chromomycosis
B43.1,Phaeomycotic brain abscess
B43.2,Subcutaneous phaeomycotic abscess and cyst
B43.8,Other forms of chromomycosis
B43.9,"Chromomycosis, unspecified"
B44,Aspergillosis
B44.0,Invasive pulmonary aspergillosis
B44.1,Other pulmonary aspergillosis
B44.2,Tonsillar aspergillosis
B44.7,Disseminated aspergillosis
B44.8,Other forms of aspergillosis
B44.9,"Aspergillosis, unspecified"
B45,Cryptococcosis
B45.0,Pulmonary cryptococcosis
B45.1,Cerebral cryptococcosis
B45.2,Cutaneous cryptococcosis
B45.3,Osseous cryptococcosis
B45.7,Disseminated cryptococcosis
B45.8,Other forms of cryptococcosis
B45.9,"Cryptococcosis, unspecified"
B46,Zygomycosis
B46.0,Pulmonary mucormycosis
B46.1,Rhinocerebral mucormycosis
B46.2,Gastrointestinal mucormycosis
B46.3,Cutaneous mucormycosis
B46.4,Disseminated mucormycosis
B46.5,"Mucormycosis, unspecified"
B46.8,Other zygomycoses
B46.9,"Zygomycosis, unspecified"
B47,Mycetoma
B47.0,Eumycetoma
B47.1,Actinomycetoma
B47.9,"Mycetoma, unspecified"
B48,"Other mycoses, not elsewhere classified"
B48.0,Lobomycosis
B48.1,Rhinosporidiosis
B48.2,Allescheriasis
B48.3,Geotrichosis
B48.4,Penicillosis
B48.5,Pneumocystosis
B48.7,Opportunistic mycoses
B48.8,Other specified mycoses
B49,Unspecified mycosis
B50,Plasmodium falciparum malaria
B50.0,Plasmodium falciparum malaria with cerebral complications
B50.8,Other severe and complicated Plasmodium falciparum malaria
B50.9,"Plasmodium falciparum malaria, unspecified"
B51,Plasmodium vivax malaria
B51.0,Plasmodium vivax malaria with rupture of spleen
B51.8,Plasmodium vivax malaria with other complications
B51.9,Plasmodium vivax malaria without complication
B52,Plasmodium malariae malaria
B52.0,Plasmodium malariae malaria with nephropathy
B52.8,Plasmodium malariae malaria with other complications
B52.9,Plasmodium malariae malaria without complication
B53,Other parasitologically confirmed malaria
B53.0,Plasmodium ovale malaria
B53.1,Malaria due to simian plasmodia
B53.8,"Other parasitologically confirmed malaria, not elsewhere classified"
B54,Unspecified malaria
B55,Leishmaniasis
B55.0,Visceral leishmaniasis
B55.1,Cutaneous leishmaniasis
B55.2,Mucocutaneous leishmaniasis
B55.9,"Leishmaniasis, unspecified"
B56,African trypanosomiasis
B56.0,Gambiense trypanosomiasis
B56.1,Rhodesiense trypanosomiasis
B56.9,"African trypanosomiasis, unspecified"
B57,Chagas disease
B57.0,Acute Chagas disease with heart involvement
B57.1,Acute Chagas disease without heart involvement
B57.2,Chagas disease (chronic) with heart involvement
B57.3,Chagas disease (chronic) with digestive system involvement
B57.4,Chagas disease (chronic) with nervous system involvement
B57.5,Chagas disease (chronic) with other organ involvement
B58,Toxoplasmosis
B58.0,Toxoplasma oculopathy
B58.1,Toxoplasma hepatitis
B58.2,Toxoplasma meningoencephalitis
B58.3,Pulmonary toxoplasmosis
B58.8,Toxoplasmosis with other organ involvement
B58.9,"Toxoplasmosis, unspecified"
B60,"Other protozoal diseases, not elsewhere classified"
B60.0,Babesiosis
B60.1,Acanthamoebiasis
B60.2,Naegleriasis
B60.8,Other specified protozoal diseases
B64,Unspecified protozoal disease
B65,Schistosomiasis [bilharziasis]
B65.0,Schistosomiasis due to Schistosoma haematobium [urinary schistosomiasis]
B65.1,Schistosomiasis due to Schistosoma mansoni [intestinal schistosomiasis]
B65.2,Schistosomiasis due to Schistosoma japonicum
B65.3,Cercarial dermatitis
B65.8,Other schistosomiases
B65.9,"Schistosomiasis, unspecified"
B66,Other fluke infections
B66.0,Opisthorchiasis
B66.1,Clonorchiasis
B66.2,Dicrocoeliasis
B66.3,Fascioliasis
B66.4,Paragonimiasis
B66.5,Fasciolopsiasis
B66.8,Other specified fluke infections
B66.9,"Fluke infection, unspecified"
B67,Echinococcosis
B67.0,Echinococcus granulosus infection of liver
B67.1,Echinococcus granulosus infection of lung
B67.2,Echinococcus granulosus infection of bone
B67.3,"Echinococcus granulosus infection, other and multiple sites"
B67.4,"Echinococcus granulosus infection, unspecified"
B67.5,Echinococcus multilocularis infection of liver
B67.6,"Echinococcus multilocularis infection, other and multiple sites"
B67.7,"Echinococcus multilocularis infection, unspecified"
B67.8,"Echinococcosis, unspecified, of liver"
B67.9,"Echinococcosis, other and unspecified"
B68,Taeniasis
B68.0,Taenia solium taeniasis
B68.1,Taenia saginata taeniasis
B68.9,"Taeniasis, unspecified"
B69,Cysticercosis
B69.0,Cysticercosis of central nervous system
B69.1,Cysticercosis of eye
B69.8,Cysticercosis of other sites
B69.9,"Cysticercosis, unspecified"
B70,Diphyllobothriasis and sparganosis
B70.0,Diphyllobothriasis
B70.1,Sparganosis
B71,Other cestode infections
B71.0,Hymenolepiasis
B71.1,Dipylidiasis
B71.8,Other specified cestode infections
B71.9,"Cestode infection, unspecified"
B72,Dracunculiasis
B73,Onchocerciasis
B74,Filariasis
B74.0,Filariasis due to Wuchereria bancrofti
B74.1,Filariasis due to Brugia malayi
B74.2,Filariasis due to Brugia timori
B74.3,Loiasis
B74.4,Mansonelliasis
B74.8,Other filariases
B74.9,"Filariasis, unspecified"
B75,Trichinellosis
B76,Hookworm diseases
B76.0,Ancylostomiasis
B76.1,Necatoriasis
B76.8,Other hookworm diseases
B76.9,"Hookworm disease, unspecified"
B77,Ascariasis
B77.0,Ascariasis with intestinal complications
B77.8,Ascariasis with other complications
B77.9,"Ascariasis, unspecified"
B78,Strongyloidiasis
B78.0,Intestinal strongyloidiasis
B78.1,Cutaneous strongyloidiasis
B78.7,Disseminated strongyloidiasis
B78.9,"Strongyloidiasis, unspecified"
B79,Trichuriasis
B80,Enterobiasis
B81,"Other intestinal helminthiases, not elsewhere classified"
B81.0,Anisakiasis
B81.1,Intestinal capillariasis
B81.2,Trichostrongyliasis
B81.3,Intestinal angiostrongyliasis
B81.4,Mixed intestinal helminthiases
B81.8,Other specified intestinal helminthiases
B82,Unspecified intestinal parasitism
B82.0,"Intestinal helminthiasis, unspecified"
B82.9,"Intestinal parasitism, unspecified"
B83,Other helminthiases
B83.0,Visceral larva migrans
B83.1,Gnathostomiasis
B83.2,Angiostrongyliasis due to Parastrongylus cantonensis
B83.3,Syngamiasis
B83.4,Internal hirudiniasis
B83.8,Other specified helminthiases
B83.9,"Helminthiasis, unspecified"
B85,Pediculosis and phthiriasis
B85.0,Pediculosis due to Pediculus humanus capitis
B85.1,Pediculosis due to Pediculus humanus corporis
B85.2,"Pediculosis, unspecified"
B85.3,Phthiriasis
B85.4,Mixed pediculosis and phthiriasis
B86,Scabies
B87,Myiasis
B87.0,Cutaneous myiasis
B87.1,Wound myiasis
B87.2,Ocular myiasis
B87.3,Nasopharyngeal myiasis
B87.4,Aural myiasis
B87.8,Myiasis of other sites
B87.9,"Myiasis, unspecified"
B88,Other infestations
B88.0,Other acariasis
B88.1,Tungiasis [sandflea infestation]
B88.2,Other arthropod infestations
B88.3,External hirudiniasis
B88.8,Other specified infestations
B88.9,"Infestation, unspecified"
B89,Unspecified parasitic disease
B90,Sequelae of tuberculosis
B90.0,Sequelae of central nervous system tuberculosis
B90.1,Sequelae of genitourinary tuberculosis
B90.2,Sequelae of tuberculosis of bones and joints
B90.8,Sequelae of tuberculosis of other organs
B90.9,Sequelae of respiratory and unspecified tuberculosis
B91,Sequelae of poliomyelitis
B92,Sequelae of leprosy
B94,Sequelae of other and unspecified infectious and parasitic diseases
B94.0,Sequelae of trachoma
B94.1,Sequelae of viral encephalitis
B94.2,Sequelae of viral hepatitis
B94.8,Sequelae of other specified infectious and parasitic diseases
B94.9,Sequelae of unspecified infectious or parasitic disease
B95,Streptococcus and staphylococcus as the cause of diseases classified to other chapters
B95.0,"Streptococcus, group A, as the cause of diseases classified to other chapters"
B95.1,"Streptococcus, group B, as the cause of diseases classified to other chapters"
B95.2,Streptococcus group D and enterococcus as the cause of diseases classified to other chapters
B95.3,Streptococcus pneumoniae as the cause of diseases classified to other chapters
B95.4,Other streptococcus as the cause of diseases classified to other chapters
B95.5,Unspecified streptococcus as the cause of diseases classified to other chapters
B95.6,Staphylococcus aureus as the cause of diseases classified to other chapters
B95.7,Other staphylococcus as the cause of diseases classified to other chapters
B95.8,Unspecified staphylococcus as the cause of diseases classified to other chapters
B96,Other specified bacterial agents as the cause of diseases classified to other chapters
B96.0,Mycoplasma pneumoniae [M. pneumoniae] as the cause of diseases classified to other chapters
B96.1,Klebsiella pneumoniae [K. pneumoniae] as the cause of diseases classified to other chapters
B96.2,Escherichia coli [E. coli] as the cause of diseases classified to other chapters
B96.3,Haemophilus influenzae [H. influenzae] as the cause of diseases classified to other chapters
B96.4,Proteus (mirabilis)(morganii) as the cause of diseases classified to other chapters
B96.5,Pseudomonas (aeruginosa) as the cause of diseases classified to other chapters
B96.6,Bacillus fragilis [B. fragilis] as the cause of diseases classified to other chapters
B96.7,Clostridium perfringens [C. perfringens] as the cause of diseases classified to other chapters
B96.8,Other specified bacterial agents as the cause of diseases classified to other chapters
B97,Viral agents as the cause of diseases classified to other chapters
B97.0,Adenovirus as the cause of diseases classified to other chapters
B97.1,Enterovirus as the cause of diseases classified to other chapters
B97.2,Coronavirus as the cause of diseases classified to other chapters
B97.3,Retrovirus as the cause of diseases classified to other chapters
B97.4,Respiratory syncytial virus as the cause of diseases classified to other chapters
B97.5,Reovirus as the cause of diseases classified to other chapters
B97.6,Parvovirus as the cause of diseases classified to other chapters
B97.7,Papillomavirus as the cause of diseases classified to other chapters
B97.8,Other viral agents as the cause of diseases classified to other chapters
B98,Other specified infectious agents as the cause of diseases classified to other chapters
B98.0,Helicobacter pylori [H.pylori] as the cause of diseases classified to other chapters
B98.1,Vibrio vulnificus as the cause of diseases classified to other chapters
B99,Other and unspecified infectious diseases
C00,Malignant neoplasm of lip
C00.0,Malignant neoplasm: External upper lip
C00.1,Malignant neoplasm: External lower lip
C00.2,"Malignant neoplasm: External lip, unspecified"
C00.3,"Malignant neoplasm: Upper lip, inner aspect"
C00.4,"Malignant neoplasm: Lower lip, inner aspect"
C00.5,"Malignant neoplasm: Lip, unspecified, inner aspect"
C00.6,Malignant neoplasm: Commissure of lip
C00.8,Malignant neoplasm: Overlapping lesion of lip
C00.9,"Malignant neoplasm: Lip, unspecified"
C01,Malignant neoplasm of base of tongue
C02,Malignant neoplasm of other and unspecified parts of tongue
C02.0,Malignant neoplasm: Dorsal surface of tongue
C02.1,Malignant neoplasm: Border of tongue
C02.2,Malignant neoplasm: Ventral surface of tongue
C02.3,"Malignant neoplasm: Anterior two-thirds of tongue, part unspecified"
C02.4,Malignant neoplasm: Lingual tonsil
C02.8,Malignant neoplasm: Overlapping lesion of tongue
C02.9,"Malignant neoplasm: Tongue, unspecified"
C03,Malignant neoplasm of gum
C03.0,Malignant neoplasm: Upper gum
C03.1,Malignant neoplasm: Lower gum
C03.9,"Malignant neoplasm: Gum, unspecified"
C04,Malignant neoplasm of floor of mouth
C04.0,Malignant neoplasm: Anterior floor of mouth
C04.1,Malignant neoplasm: Lateral floor of mouth
C04.8,Malignant neoplasm: Overlapping lesion of floor of mouth
C04.9,"Malignant neoplasm: Floor of mouth, unspecified"
C05,Malignant neoplasm of palate
C05.0,Malignant neoplasm: Hard palate
C05.1,Malignant neoplasm: Soft palate
C05.2,Malignant neoplasm: Uvula
C05.8,Malignant neoplasm: Overlapping lesion of palate
C05.9,"Malignant neoplasm: Palate, unspecified"
C06,Malignant neoplasm of other and unspecified parts of mouth
C06.0,Malignant neoplasm: Cheek mucosa
C06.1,Malignant neoplasm: Vestibule of mouth
C06.2,Malignant neoplasm: Retromolar area
C06.8,Malignant neoplasm: Overlapping lesion of other and unspecified parts of mouth
C06.9,"Malignant neoplasm: Mouth, unspecified"
C07,Malignant neoplasm of parotid gland
C08,Malignant neoplasm of other and unspecified major salivary glands
C08.0,Malignant neoplasm: Submandibular gland
C08.1,Malignant neoplasm: Sublingual gland
C08.8,Malignant neoplasm: Overlapping lesion of major salivary glands
C08.9,"Malignant neoplasm: Major salivary gland, unspecified"
C09,Malignant neoplasm of tonsil
C09.0,Malignant neoplasm: Tonsillar fossa
C09.1,Malignant neoplasm: Tonsillar pillar (anterior)(posterior)
C09.8,Malignant neoplasm: Overlapping lesion of tonsil
C09.9,"Malignant neoplasm: Tonsil, unspecified"
C10,Malignant neoplasm of oropharynx
C10.0,Malignant neoplasm: Vallecula
C10.1,Malignant neoplasm: Anterior surface of epiglottis
C10.2,Malignant neoplasm: Lateral wall of oropharynx
C10.3,Malignant neoplasm: Posterior wall of oropharynx
C10.4,Malignant neoplasm: Branchial cleft
C10.8,Malignant neoplasm: Overlapping lesion of oropharynx
C10.9,"Malignant neoplasm: Oropharynx, unspecified"
C11,Malignant neoplasm of nasopharynx
C11.0,Malignant neoplasm: Superior wall of nasopharynx
C11.1,Malignant neoplasm: Posterior wall of nasopharynx
C11.2,Malignant neoplasm: Lateral wall of nasopharynx
C11.3,Malignant neoplasm: Anterior wall of nasopharynx
C11.8,Malignant neoplasm: Overlapping lesion of nasopharynx
C11.9,"Malignant neoplasm: Nasopharynx, unspecified"
C12,Malignant neoplasm of piriform sinus
C13,Malignant neoplasm of hypopharynx
C13.0,Malignant neoplasm: Postcricoid region
C13.1,"Malignant neoplasm: Aryepiglottic fold, hypopharyngeal aspect"
C13.2,Malignant neoplasm: Posterior wall of hypopharynx
C13.8,Malignant neoplasm: Overlapping lesion of hypopharynx
C13.9,"Malignant neoplasm: Hypopharynx, unspecified"
C14,"Malignant neoplasm of other and ill-defined sites in the lip, oral cavity and pharynx"
C14.0,"Malignant neoplasm: Pharynx, unspecified"
C14.2,Malignant neoplasm: Waldeyer ring
C14.8,"Malignant neoplasm: Overlapping lesion of lip, oral cavity and pharynx"
C15,Malignant neoplasm of oesophagus
C15.0,Malignant neoplasm: Cervical part of oesophagus
C15.1,Malignant neoplasm: Thoracic part of oesophagus
C15.2,Malignant neoplasm: Abdominal part of oesophagus
C15.3,Malignant neoplasm: Upper third of oesophagus
C15.4,Malignant neoplasm: Middle third of oesophagus
C15.5,Malignant neoplasm: Lower third of oesophagus
C15.8,Malignant neoplasm: Overlapping lesion of oesophagus
C15.9,"Malignant neoplasm: Oesophagus, unspecified"
C16,Malignant neoplasm of stomach
C16.0,Malignant neoplasm: Cardia
C16.1,Malignant neoplasm: Fundus of stomach
C16.2,Malignant neoplasm: Body of stomach
C16.3,Malignant neoplasm: Pyloric antrum
C16.4,Malignant neoplasm: Pylorus
C16.5,"Malignant neoplasm: Lesser curvature of stomach, unspecified"
C16.6,"Malignant neoplasm: Greater curvature of stomach, unspecified"
C16.8,Malignant neoplasm: Overlapping lesion of stomach
C16.9,"Malignant neoplasm: Stomach, unspecified"
C17,Malignant neoplasm of small intestine
C17.0,Malignant neoplasm: Duodenum
C17.1,Malignant neoplasm: Jejunum
C17.2,Malignant neoplasm: Ileum
C17.3,Malignant neoplasm: Meckel diverticulum
C17.8,Malignant neoplasm: Overlapping lesion of small intestine
C17.9,"Malignant neoplasm: Small intestine, unspecified"
C18,Malignant neoplasm of colon
C18.0,Malignant neoplasm: Caecum
C18.1,Malignant neoplasm: Appendix
C18.2,Malignant neoplasm: Ascending colon
C18.3,Malignant neoplasm: Hepatic flexure
C18.4,Malignant neoplasm: Transverse colon
C18.5,Malignant neoplasm: Splenic flexure
C18.6,Malignant neoplasm: Descending colon
C18.7,Malignant neoplasm: Sigmoid colon
C18.8,Malignant neoplasm: Overlapping lesion of colon
C18.9,"Malignant neoplasm: Colon, unspecified"
C19,Malignant neoplasm of rectosigmoid junction
C20,Malignant neoplasm of rectum
C21,Malignant neoplasm of anus and anal canal
C21.0,"Malignant neoplasm: Anus, unspecified"
C21.1,Malignant neoplasm: Anal canal
C21.2,Malignant neoplasm: Cloacogenic zone
C21.8,"Malignant neoplasm: Overlapping lesion of rectum, anus and anal canal"
C22,Malignant neoplasm of liver and intrahepatic bile ducts
C22.0,Malignant neoplasm: Liver cell carcinoma
C22.1,Malignant neoplasm: Intrahepatic bile duct carcinoma
C22.2,Malignant neoplasm: Hepatoblastoma
C22.3,Malignant neoplasm: Angiosarcoma of liver
C22.4,Malignant neoplasm: Other sarcomas of liver
C22.7,Malignant neoplasm: Other specified carcinomas of liver
C22.9,"Malignant neoplasm: Liver, unspecified"
C23,Malignant neoplasm of gallbladder
C24,Malignant neoplasm of other and unspecified parts of biliary tract
C24.0,Malignant neoplasm: Extrahepatic bile duct
C24.1,Malignant neoplasm: Ampulla of Vater
C24.8,Malignant neoplasm: Overlapping lesion of biliary tract
C24.9,"Malignant neoplasm: Biliary tract, unspecified"
C25,Malignant neoplasm of pancreas
C25.0,Malignant neoplasm: Head of pancreas
C25.1,Malignant neoplasm: Body of pancreas
C25.2,Malignant neoplasm: Tail of pancreas
C25.3,Malignant neoplasm: Pancreatic duct
C25.4,Malignant neoplasm: Endocrine pancreas
C25.7,Malignant neoplasm: Other parts of pancreas
C25.8,Malignant neoplasm: Overlapping lesion of pancreas
C25.9,"Malignant neoplasm: Pancreas, unspecified"
C26,Malignant neoplasm of other and ill-defined digestive organs
C26.0,"Malignant neoplasm: Intestinal tract, part unspecified"
C26.1,Malignant neoplasm: Spleen
C26.8,Malignant neoplasm: Overlapping lesion of digestive system
C26.9,Malignant neoplasm: Ill-defined sites within the digestive system
C30,Malignant neoplasm of nasal cavity and middle ear
C30.0,Malignant neoplasm: Nasal cavity
C30.1,Malignant neoplasm: Middle ear
C31,Malignant neoplasm of accessory sinuses
C31.0,Malignant neoplasm: Maxillary sinus
C31.1,Malignant neoplasm: Ethmoidal sinus
C31.2,Malignant neoplasm: Frontal sinus
C31.3,Malignant neoplasm: Sphenoidal sinus
C31.8,Malignant neoplasm: Overlapping lesion of accessory sinuses
C31.9,"Malignant neoplasm: Accessory sinus, unspecified"
C32,Malignant neoplasm of larynx
C32.0,Malignant neoplasm: Glottis
C32.1,Malignant neoplasm: Supraglottis
C32.2,Malignant neoplasm: Subglottis
C32.3,Malignant neoplasm: Laryngeal cartilage
C32.8,Malignant neoplasm: Overlapping lesion of larynx
C32.9,"Malignant neoplasm: Larynx, unspecified"
C33,Malignant neoplasm of trachea
C34,Malignant neoplasm of bronchus and lung
C34.0,Malignant neoplasm: Main bronchus
C34.1,"Malignant neoplasm: Upper lobe, bronchus or lung"
C34.2,"Malignant neoplasm: Middle lobe, bronchus or lung"
C34.3,"Malignant neoplasm: Lower lobe, bronchus or lung"
C34.8,Malignant neoplasm: Overlapping lesion of bronchus and lung
C34.9,"Malignant neoplasm: Bronchus or lung, unspecified"
C37,Malignant neoplasm of thymus
C38,"Malignant neoplasm of heart, mediastinum and pleura"
C38.0,Malignant neoplasm: Heart
C38.1,Malignant neoplasm: Anterior mediastinum
C38.2,Malignant neoplasm: Posterior mediastinum
C38.3,"Malignant neoplasm: Mediastinum, part unspecified"
C38.4,Malignant neoplasm: Pleura
C38.8,"Malignant neoplasm: Overlapping lesion of heart, mediastinum and pleura"
C39,Malignant neoplasm of other and ill-defined sites in the respiratory system and intrathoracic organs
C39.0,"Malignant neoplasm: Upper respiratory tract, part unspecified"
C39.8,Malignant neoplasm: Overlapping lesion of respiratory and intrathoracic organs
C39.9,Malignant neoplasm: Ill-defined sites within the respiratory system
C40,Malignant neoplasm of bone and articular cartilage of limbs
C40.0,Malignant neoplasm: Scapula and long bones of upper limb
C40.1,Malignant neoplasm: Short bones of upper limb
C40.2,Malignant neoplasm: Long bones of lower limb
C40.3,Malignant neoplasm: Short bones of lower limb
C40.8,Malignant neoplasm: Overlapping lesion of bone and articular cartilage of limbs
C40.9,"Malignant neoplasm: Bone and articular cartilage of limb, unspecified"
C41,Malignant neoplasm of bone and articular cartilage of other and unspecified sites
C41.0,Malignant neoplasm: Bones of skull and face
C41.1,Malignant neoplasm: Mandible
C41.2,Malignant neoplasm: Vertebral column
C41.3,"Malignant neoplasm: Ribs, sternum and clavicle"
C41.4,"Malignant neoplasm: Pelvic bones, sacrum and coccyx"
C41.8,Malignant neoplasm: Overlapping lesion of bone and articular cartilage
C41.9,"Malignant neoplasm: Bone and articular cartilage, unspecified"
C43,Malignant melanoma of skin
C43.0,Malignant neoplasm: Malignant melanoma of lip
C43.1,"Malignant neoplasm: Malignant melanoma of eyelid, including canthus"
C43.2,Malignant neoplasm: Malignant melanoma of ear and external auricular canal
C43.3,Malignant neoplasm: Malignant melanoma of other and unspecified parts of face
C43.4,Malignant neoplasm: Malignant melanoma of scalp and neck
C43.5,Malignant neoplasm: Malignant melanoma of trunk
C43.6,"Malignant neoplasm: Malignant melanoma of upper limb, including shoulder"
C43.7,"Malignant neoplasm: Malignant melanoma of lower limb, including hip"
C43.8,Malignant neoplasm: Overlapping malignant melanoma of skin
C43.9,"Malignant neoplasm: Malignant melanoma of skin, unspecified"
C44,Other malignant neoplasms of skin
C44.0,Malignant neoplasm: Skin of lip
C44.1,"Malignant neoplasm: Skin of eyelid, including canthus"
C44.2,Malignant neoplasm: Skin of ear and external auricular canal
C44.3,Malignant neoplasm: Skin of other and unspecified parts of face
C44.4,Malignant neoplasm: Skin of scalp and neck
C44.5,Malignant neoplasm: Skin of trunk
C44.6,"Malignant neoplasm: Skin of upper limb, including shoulder"
C44.7,"Malignant neoplasm: Skin of lower limb, including hip"
C44.8,Malignant neoplasm: Overlapping lesion of skin
C44.9,"Malignant neoplasm: Malignant neoplasm of skin, unspecified"
C45,Mesothelioma
C45.0,Mesothelioma of pleura
C45.1,Mesothelioma of peritoneum
C45.2,Mesothelioma of pericardium
C45.7,Mesothelioma of other sites
C45.9,"Mesothelioma, unspecified"
C46,Kaposi sarcoma
C46.0,Kaposi sarcoma of skin
C46.1,Kaposi sarcoma of soft tissue
C46.2,Kaposi sarcoma of palate
C46.3,Kaposi sarcoma of lymph nodes
C46.7,Kaposi sarcoma of other sites
C46.8,Kaposi sarcoma of multiple organs
C46.9,"Kaposi sarcoma, unspecified"
C47,Malignant neoplasm of peripheral nerves and autonomic nervous system
C47.0,"Malignant neoplasm: Peripheral nerves of head, face and neck"
C47.1,"Malignant neoplasm: Peripheral nerves of upper limb, including shoulder"
C47.2,"Malignant neoplasm: Peripheral nerves of lower limb, including hip"
C47.3,Malignant neoplasm: Peripheral nerves of thorax
C47.4,Malignant neoplasm: Peripheral nerves of abdomen
C47.5,Malignant neoplasm: Peripheral nerves of pelvis
C47.6,"Malignant neoplasm: Peripheral nerves of trunk, unspecified"
C47.8,Malignant neoplasm: Overlapping lesion of peripheral nerves and autonomic nervous system
C47.9,"Malignant neoplasm: Peripheral nerves and autonomic nervous system, unspecified"
C48,Malignant neoplasm of retroperitoneum and peritoneum
C48.0,Malignant neoplasm: Retroperitoneum
C48.1,Malignant neoplasm: Specified parts of peritoneum
C48.2,"Malignant neoplasm: Peritoneum, unspecified"
C48.8,Malignant neoplasm: Overlapping lesion of retroperitoneum and peritoneum
C49,Malignant neoplasm of other connective and soft tissue
C49.0,"Malignant neoplasm: Connective and soft tissue of head, face and neck"
C49.1,"Malignant neoplasm: Connective and soft tissue of upper limb, including shoulder"
C49.2,"Malignant neoplasm: Connective and soft tissue of lower limb, including hip"
C49.3,Malignant neoplasm: Connective and soft tissue of thorax
C49.4,Malignant neoplasm: Connective and soft tissue of abdomen
C49.5,Malignant neoplasm: Connective and soft tissue of pelvis
C49.6,"Malignant neoplasm: Connective and soft tissue of trunk, unspecified"
C49.8,Malignant neoplasm: Overlapping lesion of connective and soft tissue
C49.9,"Malignant neoplasm: Connective and soft tissue, unspecified"
C50,Malignant neoplasm of breast
C50.0,Malignant neoplasm: Nipple and areola
C50.1,Malignant neoplasm: Central portion of breast
C50.2,Malignant neoplasm: Upper-inner quadrant of breast
C50.3,Malignant neoplasm: Lower-inner quadrant of breast
C50.4,Malignant neoplasm: Upper-outer quadrant of breast
C50.5,Malignant neoplasm: Lower-outer quadrant of breast
C50.6,Malignant neoplasm: Axillary tail of breast
C50.8,Malignant neoplasm: Overlapping lesion of breast
C50.9,"Malignant neoplasm: Breast, unspecified"
C51,Malignant neoplasm of vulva
C51.0,Malignant neoplasm: Labium majus
C51.1,Malignant neoplasm: Labium minus
C51.2,Malignant neoplasm: Clitoris
C51.8,Malignant neoplasm: Overlapping lesion of vulva
C51.9,"Malignant neoplasm: Vulva, unspecified"
C52,Malignant neoplasm of vagina
C53,Malignant neoplasm of cervix uteri
C53.0,Malignant neoplasm: Endocervix
C53.1,Malignant neoplasm: Exocervix
C53.8,Malignant neoplasm: Overlapping lesion of cervix uteri
C53.9,"Malignant neoplasm: Cervix uteri, unspecified"
C54,Malignant neoplasm of corpus uteri
C54.0,Malignant neoplasm: Isthmus uteri
C54.1,Malignant neoplasm: Endometrium
C54.2,Malignant neoplasm: Myometrium
C54.3,Malignant neoplasm: Fundus uteri
C54.8,Malignant neoplasm: Overlapping lesion of corpus uteri
C54.9,"Malignant neoplasm: Corpus uteri, unspecified"
C55,"Malignant neoplasm of uterus, part unspecified"
C56,Malignant neoplasm of ovary
C57,Malignant neoplasm of other and unspecified female genital organs
C57.0,Malignant neoplasm: Fallopian tube
C57.1,Malignant neoplasm: Broad ligament
C57.2,Malignant neoplasm: Round ligament
C57.3,Malignant neoplasm: Parametrium
C57.4,"Malignant neoplasm: Uterine adnexa, unspecified"
C57.7,Malignant neoplasm: Other specified female genital organs
C57.8,Malignant neoplasm: Overlapping lesion of female genital organs
C57.9,"Malignant neoplasm: Female genital organ, unspecified"
C58,Malignant neoplasm of placenta
C60,Malignant neoplasm of penis
C60.0,Malignant neoplasm: Prepuce
C60.1,Malignant neoplasm: Glans penis
C60.2,Malignant neoplasm: Body of penis
C60.8,Malignant neoplasm: Overlapping lesion of penis
C60.9,"Malignant neoplasm: Penis, unspecified"
C61,Malignant neoplasm of prostate
C62,Malignant neoplasm of testis
C62.0,Malignant neoplasm: Undescended testis
C62.1,Malignant neoplasm: Descended testis
C62.9,"Malignant neoplasm: Testis, unspecified"
C63,Malignant neoplasm of other and unspecified male genital organs
C63.0,Malignant neoplasm: Epididymis
C63.1,Malignant neoplasm: Spermatic cord
C63.2,Malignant neoplasm: Scrotum
C63.7,Malignant neoplasm: Other specified male genital organs
C63.8,Malignant neoplasm: Overlapping lesion of male genital organs
C63.9,"Malignant neoplasm: Male genital organ, unspecified"
C64,"Malignant neoplasm of kidney, except renal pelvis"
C65,Malignant neoplasm of renal pelvis
C66,Malignant neoplasm of ureter
C67,Malignant neoplasm of bladder
C67.0,Malignant neoplasm: Trigone of bladder
C67.1,Malignant neoplasm: Dome of bladder
C67.2,Malignant neoplasm: Lateral wall of bladder
C67.3,Malignant neoplasm: Anterior wall of bladder
C67.4,Malignant neoplasm: Posterior wall of bladder
C67.5,Malignant neoplasm: Bladder neck
C67.6,Malignant neoplasm: Ureteric orifice
C67.7,Malignant neoplasm: Urachus
C67.8,Malignant neoplasm: Overlapping lesion of bladder
C67.9,"Malignant neoplasm: Bladder, unspecified"
C68,Malignant neoplasm of other and unspecified urinary organs
C68.0,Malignant neoplasm: Urethra
C68.1,Malignant neoplasm: Paraurethral gland
C68.8,Malignant neoplasm: Overlapping lesion of urinary organs
C68.9,"Malignant neoplasm: Urinary organ, unspecified"
C69,Malignant neoplasm of eye and adnexa
C69.0,Malignant neoplasm: Conjunctiva
C69.1,Malignant neoplasm: Cornea
C69.2,Malignant neoplasm: Retina
C69.3,Malignant neoplasm: Choroid
C69.4,Malignant neoplasm: Ciliary body
C69.5,Malignant neoplasm: Lacrimal gland and duct
C69.6,Malignant neoplasm: Orbit
C69.8,Malignant neoplasm: Overlapping lesion of eye and adnexa
C69.9,"Malignant neoplasm: Eye, unspecified"
C70,Malignant neoplasm of meninges
C70.0,Malignant neoplasm: Cerebral meninges
C70.1,Malignant neoplasm: Spinal meninges
C70.9,"Malignant neoplasm: Meninges, unspecified"
C71,Malignant neoplasm of brain
C71.0,"Malignant neoplasm: Cerebrum, except lobes and ventricles"
C71.1,Malignant neoplasm: Frontal lobe
C71.2,Malignant neoplasm: Temporal lobe
C71.3,Malignant neoplasm: Parietal lobe
C71.4,Malignant neoplasm: Occipital lobe
C71.5,Malignant neoplasm: Cerebral ventricle
C71.6,Malignant neoplasm: Cerebellum
C71.7,Malignant neoplasm: Brain stem
C71.8,Malignant neoplasm: Overlapping lesion of brain
C71.9,"Malignant neoplasm: Brain, unspecified"
C72,"Malignant neoplasm of spinal cord, cranial nerves and other parts of central nervous system"
C72.0,Malignant neoplasm: Spinal cord
C72.1,Malignant neoplasm: Cauda equina
C72.2,Malignant neoplasm: Olfactory nerve
C72.3,Malignant neoplasm: Optic nerve
C72.4,Malignant neoplasm: Acoustic nerve
C72.5,Malignant neoplasm: Other and unspecified cranial nerves
C72.8,Malignant neoplasm: Overlapping lesion of brain and other parts of central nervous system
C72.9,"Malignant neoplasm: Central nervous system, unspecified"
C73,Malignant neoplasm of thyroid gland
C74,Malignant neoplasm of adrenal gland
C74.0,Malignant neoplasm: Cortex of adrenal gland
C74.1,Malignant neoplasm: Medulla of adrenal gland
C74.9,"Malignant neoplasm: Adrenal gland, unspecified"
C75,Malignant neoplasm of other endocrine glands and related structures
C75.0,Malignant neoplasm: Parathyroid gland
C75.1,Malignant neoplasm: Pituitary gland
C75.2,Malignant neoplasm: Craniopharyngeal duct
C75.3,Malignant neoplasm: Pineal gland
C75.4,Malignant neoplasm: Carotid body
C75.5,Malignant neoplasm: Aortic body and other paraganglia
C75.8,"Malignant neoplasm: Pluriglandular involvement, unspecified"
C75.9,"Malignant neoplasm: Endocrine gland, unspecified"
C76,Malignant neoplasm of other and ill-defined sites
C76.0,"Malignant neoplasm of other and ill-defined sites: Head, face and neck"
C76.1,Malignant neoplasm of other and ill-defined sites: Thorax
C76.2,Malignant neoplasm of other and ill-defined sites: Abdomen
C76.3,Malignant neoplasm of other and ill-defined sites: Pelvis
C76.4,Malignant neoplasm of other and ill-defined sites: Upper limb
C76.5,Malignant neoplasm of other and ill-defined sites: Lower limb
C76.7,Malignant neoplasm of other and ill-defined sites: Other ill-defined sites
C76.8,Malignant neoplasm of other and ill-defined sites: Overlapping lesion of other and ill-defined sites
C77,Secondary and unspecified malignant neoplasm of lymph nodes
C77.0,"Secondary and unspecified malignant neoplasm: Lymph nodes of head, face and neck"
C77.1,Secondary and unspecified malignant neoplasm: Intrathoracic lymph nodes
C77.2,Secondary and unspecified malignant neoplasm: Intra-abdominal lymph nodes
C77.3,Secondary and unspecified malignant neoplasm: Axillary and upper limb lymph nodes
C77.4,Secondary and unspecified malignant neoplasm: Inguinal and lower limb lymph nodes
C77.5,Secondary and unspecified malignant neoplasm: Intrapelvic lymph nodes
C77.8,Secondary and unspecified malignant neoplasm: Lymph nodes of multiple regions
C77.9,"Secondary and unspecified malignant neoplasm: Lymph node, unspecified"
C78,Secondary malignant neoplasm of respiratory and digestive organs
C78.0,Secondary malignant neoplasm of lung
C78.1,Secondary malignant neoplasm of mediastinum
C78.2,Secondary malignant neoplasm of pleura
C78.3,Secondary malignant neoplasm of other and unspecified respiratory organs
C78.4,Secondary malignant neoplasm of small intestine
C78.5,Secondary malignant neoplasm of large intestine and rectum
C78.6,Secondary malignant neoplasm of retroperitoneum and peritoneum
C78.7,Secondary malignant neoplasm of liver and intrahepatic bile duct
C78.8,Secondary malignant neoplasm of other and unspecified digestive organs
C79,Secondary malignant neoplasm of other and unspecified sites
C79.0,Secondary malignant neoplasm of kidney and renal pelvis
C79.1,Secondary malignant neoplasm of bladder and other and unspecified urinary organs
C79.2,Secondary malignant neoplasm of skin
C79.3,Secondary malignant neoplasm of brain and cerebral meninges
C79.4,Secondary malignant neoplasm of other and unspecified parts of nervous system
C79.5,Secondary malignant neoplasm of bone and bone marrow
C79.6,Secondary malignant neoplasm of ovary
C79.7,Secondary malignant neoplasm of adrenal gland
C79.8,Secondary malignant neoplasm of other specified sites
C79.9,"Secondary malignant neoplasm, unspecified site"
C80,"Malignant neoplasm, without specification of site"
C80.0,"Malignant neoplasm, primary site unknown, so stated"
C80.9,"Malignant neoplasm, primary site unspecified"
C81,Hodgkin lymphoma
C81.0,Nodular lymphocyte predominant Hodgkin lymphoma
C81.1,Nodular sclerosis classical Hodgkin lymphoma
C81.2,Mixed cellularity classical Hodgkin lymphoma
C81.3,Lymphocyte depleted classical Hodgkin lymphoma
C81.4,Lymphocyte-rich (classical) Hodgkin lymphoma
C81.7,Other classical Hodgkin lymphoma
C81.9,"Hodgkin lymphoma, unspecified"
C82,Follicular lymphoma
C82.0,Follicular lymphoma grade I
C82.1,Follicular lymphoma grade II
C82.2,"Follicular lymphoma grade III, unspecified"
C82.3,Follicular lymphoma grade IIIa
C82.4,Follicular lymphoma grade IIIb
C82.5,Diffuse follicle centre lymphoma
C82.6,Cutaneous follicle centre lymphoma
C82.7,Other types of follicular lymphoma
C82.9,"Follicular lymphoma, unspecified"
C83,Non-follicular lymphoma
C83.0,Small cell B-cell lymphoma
C83.1,Mantle cell lymphoma
C83.3,Diffuse large B-cell lymphoma
C83.5,Lymphoblastic (diffuse) lymphoma
C83.7,Burkitt lymphoma
C83.8,Other non-follicular lymphoma
C83.9,"Non-follicular (diffuse) lymphoma, unspecified"
C84,Mature T/NK-cell lymphomas
C84.0,Mycosis fungoides
C84.1,Sézary disease
C84.4,"Peripheral T-cell lymphoma, not elsewhere classified"
C84.5,Other mature T/NK-cell lymphomas
C84.6,"Anaplastic large cell lymphoma, ALK-positive"
C84.7,"Anaplastic large cell lymphoma, ALK-negative"
C84.8,"Cutaneous T-cell lymphoma, unspecified"
C84.9,"Mature T/NK-cell lymphoma, unspecified"
C85,Other and unspecified types of non-Hodgkin lymphoma
C85.1,"B-cell lymphoma, unspecified"
C85.2,Mediastinal (thymic) large B-cell lymphoma
C85.7,Other specified types of non-Hodgkin lymphoma
C85.9,"Non-Hodgkin lymphoma, unspecified"
C86,Other specified types of T/NK-cell lymphoma
C86.0,"Extranodal NK/T-cell lymphoma, nasal type"
C86.1,Hepatosplenic T-cell lymphoma
C86.2,Enteropathy-type (intestinal) T-cell lymphoma
C86.3,Subcutaneous panniculitis-like T-cell lymphoma
C86.4,Blastic NK-cell lymphoma
C86.5,Angioimmunoblastic T-cell lymphoma
C86.6,Primary cutaneous CD30-positive T-cell proliferations
C88,Malignant immunoproliferative diseases
C88.0,Waldenström macroglobulinaemia
C88.2,Other heavy chain disease
C88.3,Immunoproliferative small intestinal disease
C88.4,Extranodal marginal zone B-cell lymphoma of mucosa-associated lymphoid tissue [MALT-lyphoma]
C88.7,Other malignant immunoproliferative diseases
C88.9,"Malignant immunoproliferative disease, unspecified"
C90,Multiple myeloma and malignant plasma cell neoplasms
C90.0,Multiple myeloma
C90.1,Plasma cell leukaemia
C90.2,Extramedullary plasmacytoma
C90.3,Solitary plasmacytoma
C91,Lymphoid leukaemia
C91.0,Acute lymphoblastic leukaemia [ALL]
C91.1,Chronic lymphocytic leukaemia of B-cell type
C91.3,Prolymphocytic leukaemia of B-cell type
C91.4,Hairy-cell leukaemia
C91.5,Adult T-cell lymphoma/leukaemia [HTLV-1-associated]
C91.6,Prolymphocytic leukaemia of T-cell type
C91.7,Other lymphoid leukaemia
C91.8,Mature B-cell leukaemia Burkitt-type
C91.9,"Lymphoid leukaemia, unspecified"
C92,Myeloid leukaemia
C92.0,Acute myeloblastic leukaemia [AML]
C92.1,"Chronic myeloid leukaemia [CML], BCR/ABL-positive"
C92.2,"Atypical chronic myeloid leukaemia, BCR/ABL- negative"
C92.3,Myeloid sarcoma
C92.4,Acute promyelocytic leukaemia [PML]
C92.5,Acute myelomonocytic leukaemia
C92.6,Acute myeloid leukaemia with 11q23-abnormality
C92.7,Other myeloid leukaemia
C92.8,Acute myeloid leukaemia with multilineage dysplasia
C92.9,"Myeloid leukaemia, unspecified"
C93,Monocytic leukaemia
C93.0,Acute monoblastic/monocytic leukaemia
C93.1,Chronic myelomonocytic leukaemia
C93.3,Juvenile myelomonocytic leukaemia
C93.7,Other monocytic leukaemia
C93.9,"Monocytic leukaemia, unspecified"
C94,Other leukaemias of specified cell type
C94.0,Acute erythroid leukaemia
C94.2,Acute megakaryoblastic leukaemia
C94.3,Mast cell leukaemia
C94.4,Acute panmyelosis with myelofibrosis
C94.6,"Myelodysplastic and myeloproliferative disease, not elsewhere classified"
C94.7,Other specified leukaemias
C95,Leukaemia of unspecified cell type
C95.0,Acute leukaemia of unspecified cell type
C95.1,Chronic leukaemia of unspecified cell type
C95.7,Other leukaemia of unspecified cell type
C95.9,"Leukaemia, unspecified"
C96,"Other and unspecified malignant neoplasms of lymphoid, haematopoietic and related tissue"
C96.0,Multifocal and multisystemic (disseminated) Langerhans-cell histiocytosis [Letterer-Siwe disease]
C96.2,Malignant mast cell tumour
C96.4,Sarcoma of dendritic cells (accessory cells)
C96.5,Multifocal and unisystemic Langerhans-cell histiocytosis
C96.6,Unifocal Langerhans-cell histiocytosis
C96.7,"Other specified malignant neoplasms of lymphoid, haematopoietic and related tissue"
C96.8,Histiocytic sarcoma
C96.9,"Malignant neoplasm of lymphoid, haematopoietic and related tissue, unspecified"
C97,Malignant neoplasms of independent (primary) multiple sites
D50,Iron deficiency anaemia
D50.0,Iron deficiency anaemia secondary to blood loss (chronic)
D50.1,Sideropenic dysphagia
D50.8,Other iron deficiency anaemias
D50.9,"Iron deficiency anaemia, unspecified"
D51,Vitamin B12 deficiency anaemia
D51.0,Vitamin B12 deficiency anaemia due to intrinsic factor deficiency
D51.1,Vitamin B12 deficiency anaemia due to selective vitamin B12 malabsorption with proteinuria
D51.2,Transcobalamin II deficiency
D51.3,Other dietary vitamin B12 deficiency anaemia
D51.8,Other vitamin B12 deficiency anaemias
D51.9,"Vitamin B12 deficiency anaemia, unspecified"
D52,Folate deficiency anaemia
D52.0,Dietary folate deficiency anaemia
D52.1,Drug-induced folate deficiency anaemia
D52.8,Other folate deficiency anaemias
D52.9,"Folate deficiency anaemia, unspecified"
D53,Other nutritional anaemias
D53.0,Protein deficiency anaemia
D53.1,"Other megaloblastic anaemias, not elsewhere classified"
D53.2,Scorbutic anaemia
D53.8,Other specified nutritional anaemias
D53.9,"Nutritional anaemia, unspecified"
D55,Anaemia due to enzyme disorders
D55.0,Anaemia due to glucose-6-phosphate dehydrogenase [G6PD] deficiency
D55.1,Anaemia due to other disorders of glutathione metabolism
D55.2,Anaemia due to disorders of glycolytic enzymes
D55.3,Anaemia due to disorders of nucleotide metabolism
D55.8,Other anaemias due to enzyme disorders
D55.9,"Anaemia due to enzyme disorder, unspecified"
D56,Thalassaemia
D56.0,Alpha thalassaemia
D56.1,Beta thalassaemia
D56.2,Delta-beta thalassaemia
D56.3,Thalassaemia trait
D56.4,Hereditary persistence of fetal haemoglobin [HPFH]
D56.8,Other thalassaemias
D56.9,"Thalassaemia, unspecified"
D57,Sickle-cell disorders
D57.0,Sickle-cell anaemia with crisis
D57.1,Sickle-cell anaemia without crisis
D57.2,Double heterozygous sickling disorders
D57.3,Sickle-cell trait
D57.8,Other sickle-cell disorders
D58,Other hereditary haemolytic anaemias
D58.0,Hereditary spherocytosis
D58.1,Hereditary elliptocytosis
D58.2,Other haemoglobinopathies
D58.8,Other specified hereditary haemolytic anaemias
D58.9,"Hereditary haemolytic anaemia, unspecified"
D59,Acquired haemolytic anaemia
D59.0,Drug-induced autoimmune haemolytic anaemia
D59.1,Other autoimmune haemolytic anaemias
D59.2,Drug-induced nonautoimmune haemolytic anaemia
D59.3,Haemolytic-uraemic syndrome
D59.4,Other nonautoimmune haemolytic anaemias
D59.5,Paroxysmal nocturnal haemoglobinuria [Marchiafava-Micheli]
D59.6,Haemoglobinuria due to haemolysis from other external causes
D59.8,Other acquired haemolytic anaemias
D59.9,"Acquired haemolytic anaemia, unspecified"
D60,Acquired pure red cell aplasia [erythroblastopenia]
D60.0,Chronic acquired pure red cell aplasia
D60.1,Transient acquired pure red cell aplasia
D60.8,Other acquired pure red cell aplasias
D60.9,"Acquired pure red cell aplasia, unspecified"
D61,Other aplastic anaemias
D61.0,Constitutional aplastic anaemia
D61.1,Drug-induced aplastic anaemia
D61.2,Aplastic anaemia due to other external agents
D61.3,Idiopathic aplastic anaemia
D61.8,Other specified aplastic anaemias
D61.9,"Aplastic anaemia, unspecified"
D62,Acute posthaemorrhagic anaemia
D63,Anaemia in chronic diseases classified elsewhere
D63.0,Anaemia in neoplastic disease
D63.8,Anaemia in other chronic diseases classified elsewhere
D64,Other anaemias
D64.0,Hereditary sideroblastic anaemia
D64.1,Secondary sideroblastic anaemia due to disease
D64.2,Secondary sideroblastic anaemia due to drugs and toxins
D64.3,Other sideroblastic anaemias
D64.4,Congenital dyserythropoietic anaemia
D64.8,Other specified anaemias
D64.9,"Anaemia, unspecified"
D65,Disseminated intravascular coagulation [defibrination syndrome]
D66,Hereditary factor VIII deficiency
D67,Hereditary factor IX deficiency
D68,Other coagulation defects
D68.0,Von Willebrand disease
D68.1,Hereditary factor XI deficiency
D68.2,Hereditary deficiency of other clotting factors
D68.3,Haemorrhagic disorder due to circulating anticoagulants
D68.4,Acquired coagulation factor deficiency
D68.5,Primary thrombophilia
D68.6,Other thrombophilia
D68.8,Other specified coagulation defects
D68.9,"Coagulation defect, unspecified"
D69,Purpura and other haemorrhagic conditions
D69.0,Allergic purpura
D69.1,Qualitative platelet defects
D69.2,Other nonthrombocytopenic purpura
D69.3,Idiopathic thrombocytopenic purpura
D69.4,Other primary thrombocytopenia
D69.5,Secondary thrombocytopenia
D69.6,"Thrombocytopenia, unspecified"
D69.8,Other specified haemorrhagic conditions
D69.9,"Haemorrhagic condition, unspecified"
D70,Agranulocytosis
D71,Functional disorders of polymorphonuclear neutrophils
D72,Other disorders of white blood cells
D72.0,Genetic anomalies of leukocytes
D72.1,Eosinophilia
D72.8,Other specified disorders of white blood cells
D72.9,"Disorder of white blood cells, unspecified"
D73,Diseases of spleen
D73.0,Hyposplenism
D73.1,Hypersplenism
D73.2,Chronic congestive splenomegaly
D73.3,Abscess of spleen
D73.4,Cyst of spleen
D73.5,Infarction of spleen
D73.8,Other diseases of spleen
D73.9,"Disease of spleen, unspecified"
D74,Methaemoglobinaemia
D74.0,Congenital methaemoglobinaemia
D74.8,Other methaemoglobinaemias
D74.9,"Methaemoglobinaemia, unspecified"
D75,Other diseases of blood and blood-forming organs
D75.0,Familial erythrocytosis
D75.1,Secondary polycythaemia
D75.8,Other specified diseases of blood and blood-forming organs
D75.9,"Disease of blood and blood-forming organs, unspecified"
D76,Other specified diseases with participation of lymphoreticular and reticulohistiocytic tissue
D76.1,Haemophagocytic lymphohistiocytosis
D76.2,"Haemophagocytic syndrome, infection-associated"
D76.3,Other histiocytosis syndromes
D77,Other disorders of blood and blood-forming organs in diseases classified elsewhere
D80,Immunodeficiency with predominantly antibody defects
D80.0,Hereditary hypogammaglobulinaemia
D80.1,Nonfamilial hypogammaglobulinaemia
D80.2,Selective deficiency of immunoglobulin A [IgA]
D80.3,Selective deficiency of immunoglobulin G [IgG] subclasses
D80.4,Selective deficiency of immunoglobulin M [IgM]
D80.5,Immunodeficiency with increased immunoglobulin M [IgM]
D80.6,Antibody deficiency with near-normal immunoglobulins or with hyperimmunoglobulinaemia
D80.7,Transient hypogammaglobulinaemia of infancy
D80.8,Other immunodeficiencies with predominantly antibody defects
D80.9,"Immunodeficiency with predominantly antibody defects, unspecified"
D81,Combined immunodeficiencies
D81.0,Severe combined immunodeficiency [SCID] with reticular dysgenesis
D81.1,Severe combined immunodeficiency [SCID] with low T- and B-cell numbers
D81.2,Severe combined immunodeficiency [SCID] with low or normal B-cell numbers
D81.3,Adenosine deaminase [ADA] deficiency
D81.4,Nezelof syndrome
D81.5,Purine nucleoside phosphorylase [PNP] deficiency
D81.6,Major histocompatibility complex class I deficiency
D81.7,Major histocompatibility complex class II deficiency
D81.8,Other combined immunodeficiencies
D81.9,"Combined immunodeficiency, unspecified"
D82,Immunodeficiency associated with other major defects
D82.0,Wiskott-Aldrich syndrome
D82.1,Di George syndrome
D82.2,Immunodeficiency with short-limbed stature
D82.3,Immunodeficiency following hereditary defective response to Epstein-Barr virus
D82.4,Hyperimmunoglobulin E [IgE] syndrome
D82.8,Immunodeficiency associated with other specified major defects
D82.9,"Immunodeficiency associated with major defect, unspecified"
D83,Common variable immunodeficiency
D83.0,Common variable immunodeficiency with predominant abnormalities of B-cell numbers and function
D83.1,Common variable immunodeficiency with predominant immunoregulatory T-cell disorders
D83.2,Common variable immunodeficiency with autoantibodies to B- or T-cells
D83.8,Other common variable immunodeficiencies
D83.9,"Common variable immunodeficiency, unspecified"
D84,Other immunodeficiencies
D84.0,Lymphocyte function antigen-1 [LFA-1] defect
D84.1,Defects in the complement system
D84.8,Other specified immunodeficiencies
D84.9,"Immunodeficiency, unspecified"
D86,Sarcoidosis
D86.0,Sarcoidosis of lung
D86.1,Sarcoidosis of lymph nodes
D86.2,Sarcoidosis of lung with sarcoidosis of lymph nodes
D86.3,Sarcoidosis of skin
D86.8,Sarcoidosis of other and combined sites
D86.9,"Sarcoidosis, unspecified"
D89,"Other disorders involving the immune mechanism, not elsewhere classified"
D89.0,Polyclonal hypergammaglobulinaemia
D89.1,Cryoglobulinaemia
D89.2,"Hypergammaglobulinaemia, unspecified"
D89.3,Immune reconstitution syndrome
D89.8,"Other specified disorders involving the immune mechanism, not elsewhere classified"
D89.9,"Disorder involving the immune mechanism, unspecified"
E00,Congenital iodine-deficiency syndrome
E00.0,"Congenital iodine-deficiency syndrome, neurological type"
E00.1,"Congenital iodine-deficiency syndrome, myxoedematous type"
E00.2,"Congenital iodine-deficiency syndrome, mixed type"
E00.9,"Congenital iodine-deficiency syndrome, unspecified"
E01,Iodine-deficiency-related thyroid disorders and allied conditions
E01.0,Iodine-deficiency-related diffuse (endemic) goitre
E01.1,Iodine-deficiency-related multinodular (endemic) goitre
E01.2,"Iodine-deficiency-related (endemic) goitre, unspecified"
E01.8,Other iodine-deficiency-related thyroid disorders and allied conditions
E02,Subclinical iodine-deficiency hypothyroidism
E03,Other hypothyroidism
E03.0,Congenital hypothyroidism with diffuse goitre
E03.1,Congenital hypothyroidism without goitre
E03.2,Hypothyroidism due to medicaments and other exogenous substances
E03.3,Postinfectious hypothyroidism
E03.4,Atrophy of thyroid (acquired)
E03.5,Myxoedema coma
E03.8,Other specified hypothyroidism
E03.9,"Hypothyroidism, unspecified"
E04,Other nontoxic goitre
E04.0,Nontoxic diffuse goitre
E04.1,Nontoxic single thyroid nodule
E04.2,Nontoxic multinodular goitre
E04.8,Other specified nontoxic goitre
E04.9,"Nontoxic goitre, unspecified"
E05,Thyrotoxicosis [hyperthyroidism]
E05.0,Thyrotoxicosis with diffuse goitre
E05.1,Thyrotoxicosis with toxic single thyroid nodule
E05.2,Thyrotoxicosis with toxic multinodular goitre
E05.3,Thyrotoxicosis from ectopic thyroid tissue
E05.4,Thyrotoxicosis factitia
E05.5,Thyroid crisis or storm
E05.8,Other thyrotoxicosis
E05.9,"Thyrotoxicosis, unspecified"
E06,Thyroiditis
E06.0,Acute thyroiditis
E06.1,Subacute thyroiditis
E06.2,Chronic thyroiditis with transient thyrotoxicosis
E06.3,Autoimmune thyroiditis
E06.4,Drug-induced thyroiditis
E06.5,Other chronic thyroiditis
E06.9,"Thyroiditis, unspecified"
E07,Other disorders of thyroid
E07.0,Hypersecretion of calcitonin
E07.1,Dyshormogenetic goitre
E07.8,Other specified disorders of thyroid
E07.9,"Disorder of thyroid, unspecified"
E10,Type 1 diabetes mellitus
E10.0,Type 1 diabetes mellitus: With coma
E10.1,Type 1 diabetes mellitus: With ketoacidosis
E10.2,Type 1 diabetes mellitus: With renal complications
E10.3,Type 1 diabetes mellitus: With ophthalmic complications
E10.4,Type 1 diabetes mellitus: With neurological complications
E10.5,Type 1 diabetes mellitus: With peripheral circulatory complications
E10.6,Type 1 diabetes mellitus: With other specified complications
E10.7,Type 1 diabetes mellitus: With multiple complications
E10.8,Type 1 diabetes mellitus: With unspecified complications
E10.9,Type 1 diabetes mellitus: Without complications
E11,Type 2 diabetes mellitus
E11.0,Type 2 diabetes mellitus: With coma
E11.1,Type 2 diabetes mellitus: With ketoacidosis
E11.2,Type 2 diabetes mellitus: With renal complications
E11.3,Type 2 diabetes mellitus: With ophthalmic complications
E11.4,Type 2 diabetes mellitus: With neurological complications
E11.5,Type 2 diabetes mellitus: With peripheral circulatory complications
E11.6,Type 2 diabetes mellitus: With other specified complications
E11.7,Type 2 diabetes mellitus: With multiple complications
E11.8,Type 2 diabetes mellitus: With unspecified complications
E11.9,Type 2 diabetes mellitus: Without complications
E12,Malnutrition-related diabetes mellitus
E12.0,Malnutrition-related diabetes mellitus: With coma
E12.1,Malnutrition-related diabetes mellitus: With ketoacidosis
E12.2,Malnutrition-related diabetes mellitus: With renal complications
E12.3,Malnutrition-related diabetes mellitus: With ophthalmic complications
E12.4,Malnutrition-related diabetes mellitus: With neurological complications
E12.5,Malnutrition-related diabetes mellitus: With peripheral circulatory complications
E12.6,Malnutrition-related diabetes mellitus: With other specified complications
E12.7,Malnutrition-related diabetes mellitus: With multiple complications
E12.8,Malnutrition-related diabetes mellitus: With unspecified complications
E12.9,Malnutrition-related diabetes mellitus: Without complications
E13,Other specified diabetes mellitus
E13.0,Other specified diabetes mellitus: With coma
E13.1,Other specified diabetes mellitus: With ketoacidosis
E13.2,Other specified diabetes mellitus: With renal complications
E13.3,Other specified diabetes mellitus: With ophthalmic complications
E13.4,Other specified diabetes mellitus: With neurological complications
E13.5,Other specified diabetes mellitus: With peripheral circulatory complications
E13.6,Other specified diabetes mellitus: With other specified complications
E13.7,Other specified diabetes mellitus: With multiple complications
E13.8,Other specified diabetes mellitus: With unspecified complications
E13.9,Other specified diabetes mellitus: Without complications
E14,Unspecified diabetes mellitus
E14.0,Unspecified diabetes mellitus: With coma
E14.1,Unspecified diabetes mellitus: With ketoacidosis
E14.2,Unspecified diabetes mellitus: With renal complications
E14.3,Unspecified diabetes mellitus: With ophthalmic complications
E14.4,Unspecified diabetes mellitus: With neurological complications
E14.5,Unspecified diabetes mellitus: With peripheral circulatory complications
E14.6,Unspecified diabetes mellitus: With other specified complications
E14.7,Unspecified diabetes mellitus: With multiple complications
E14.8,Unspecified diabetes mellitus: With unspecified complications
E14.9,Unspecified diabetes mellitus: Without complications
E15,Nondiabetic hypoglycaemic coma
E16,Other disorders of pancreatic internal secretion
E16.0,Drug-induced hypoglycaemia without coma
E16.1,Other hypoglycaemia
E16.2,"Hypoglycaemia, unspecified"
E16.3,Increased secretion of glucagon
E16.4,Abnormal secretion of gastrin
E16.8,Other specified disorders of pancreatic internal secretion
E16.9,"Disorder of pancreatic internal secretion, unspecified"
E20,Hypoparathyroidism
E20.0,Idiopathic hypoparathyroidism
E20.1,Pseudohypoparathyroidism
E20.8,Other hypoparathyroidism
E20.9,"Hypoparathyroidism, unspecified"
E21,Hyperparathyroidism and other disorders of parathyroid gland
E21.0,Primary hyperparathyroidism
E21.1,"Secondary hyperparathyroidism, not elsewhere classified"
E21.2,Other hyperparathyroidism
E21.3,"Hyperparathyroidism, unspecified"
E21.4,Other specified disorders of parathyroid gland
E21.5,"Disorder of parathyroid gland, unspecified"
E22,Hyperfunction of pituitary gland
E22.0,Acromegaly and pituitary gigantism
E22.1,Hyperprolactinaemia
E22.2,Syndrome of inappropriate secretion of antidiuretic hormone
E22.8,Other hyperfunction of pituitary gland
E22.9,"Hyperfunction of pituitary gland, unspecified"
E23,Hypofunction and other disorders of pituitary gland
E23.0,Hypopituitarism
E23.1,Drug-induced hypopituitarism
E23.2,Diabetes insipidus
E23.3,"Hypothalamic dysfunction, not elsewhere classified"
E23.6,Other disorders of pituitary gland
E23.7,"Disorder of pituitary gland, unspecified"
E24,Cushing syndrome
E24.0,Pituitary-dependent Cushing disease
E24.1,Nelson syndrome
E24.2,Drug-induced Cushing syndrome
E24.3,Ectopic ACTH syndrome
E24.4,Alcohol-induced pseudo-Cushing syndrome
E24.8,Other Cushing syndrome
E24.9,"Cushing syndrome, unspecified"
E25,Adrenogenital disorders
E25.0,Congenital adrenogenital disorders associated with enzyme deficiency
E25.8,Other adrenogenital disorders
E25.9,"Adrenogenital disorder, unspecified"
E26,Hyperaldosteronism
E26.0,Primary hyperaldosteronism
E26.1,Secondary hyperaldosteronism
E26.8,Other hyperaldosteronism
E26.9,"Hyperaldosteronism, unspecified"
E27,Other disorders of adrenal gland
E27.0,Other adrenocortical overactivity
E27.1,Primary adrenocortical insufficiency
E27.2,Addisonian crisis
E27.3,Drug-induced adrenocortical insufficiency
E27.4,Other and unspecified adrenocortical insufficiency
E27.5,Adrenomedullary hyperfunction
E27.8,Other specified disorders of adrenal gland
E27.9,"Disorder of adrenal gland, unspecified"
E28,Ovarian dysfunction
E28.0,Ovarian dysfunction: Estrogen excess
E28.1,Ovarian dysfunction: Androgen excess
E28.2,Polycystic ovarian syndrome
E28.3,Primary ovarian failure
E28.8,Other ovarian dysfunction
E28.9,"Ovarian dysfunction, unspecified"
E29,Testicular dysfunction
E29.0,Testicular hyperfunction
E29.1,Testicular hypofunction
E29.8,Other testicular dysfunction
E29.9,"Testicular dysfunction, unspecified"
E30,"Disorders of puberty, not elsewhere classified"
E30.0,Delayed puberty
E30.1,Precocious puberty
E30.8,Other disorders of puberty
E30.9,"Disorder of puberty, unspecified"
E31,Polyglandular dysfunction
E31.0,Autoimmune polyglandular failure
E31.1,Polyglandular hyperfunction
E31.8,Other polyglandular dysfunction
E31.9,"Polyglandular dysfunction, unspecified"
E32,Diseases of thymus
E32.0,Persistent hyperplasia of thymus
E32.1,Abscess of thymus
E32.8,Other diseases of thymus
E32.9,"Disease of thymus, unspecified"
E34,Other endocrine disorders
E34.0,Carcinoid syndrome
E34.1,Other hypersecretion of intestinal hormones
E34.2,"Ectopic hormone secretion, not elsewhere classified"
E34.3,"Short stature, not elsewhere classified"
E34.4,Constitutional tall stature
E34.5,Androgen resistance syndrome
E34.8,Other specified endocrine disorders
E34.9,"Endocrine disorder, unspecified"
E35,Disorders of endocrine glands in diseases classified elsewhere
E35.0,Disorders of thyroid gland in diseases classified elsewhere
E35.1,Disorders of adrenal glands in diseases classified elsewhere
E35.8,Disorders of other endocrine glands in diseases classified elsewhere
E40,Kwashiorkor
E41,Nutritional marasmus
E42,Marasmic kwashiorkor
E43,Unspecified severe protein-energy malnutrition
E44,Protein-energy malnutrition of moderate and mild degree
E44.0,Moderate protein-energy malnutrition
E44.1,Mild protein-energy malnutrition
E45,Retarded development following protein-energy malnutrition
E46,Unspecified protein-energy malnutrition
E50,Vitamin A deficiency
E50.0,Vitamin A deficiency with conjunctival xerosis
E50.1,Vitamin A deficiency with Bitot spot and conjunctival xerosis
E50.2,Vitamin A deficiency with corneal xerosis
E50.3,Vitamin A deficiency with corneal ulceration and xerosis
E50.4,Vitamin A deficiency with keratomalacia
E50.5,Vitamin A deficiency with night blindness
E50.6,Vitamin A deficiency with xerophthalmic scars of cornea
E50.7,Other ocular manifestations of vitamin A deficiency
E50.8,Other manifestations of vitamin A deficiency
E50.9,"Vitamin A deficiency, unspecified"
E51,Thiamine deficiency
E51.1,Beriberi
E51.2,Wernicke encephalopathy
E51.8,Other manifestations of thiamine deficiency
E51.9,"Thiamine deficiency, unspecified"
E52,Niacin deficiency [pellagra]
E53,Deficiency of other B group vitamins
E53.0,Riboflavin deficiency
E53.1,Pyridoxine deficiency
E53.8,Deficiency of other specified B group vitamins
E53.9,"Vitamin B deficiency, unspecified"
E54,Ascorbic acid deficiency
E55,Vitamin D deficiency
E55.0,"Rickets, active"
E55.9,"Vitamin D deficiency, unspecified"
E56,Other vitamin deficiencies
E56.0,Deficiency of vitamin E
E56.1,Deficiency of vitamin K
E56.8,Deficiency of other vitamins
E56.9,"Vitamin deficiency, unspecified"
E58,Dietary calcium deficiency
E59,Dietary selenium deficiency
E60,Dietary zinc deficiency
E61,Deficiency of other nutrient elements
E61.0,Copper deficiency
E61.1,Iron deficiency
E61.2,Magnesium deficiency
E61.3,Manganese deficiency
E61.4,Chromium deficiency
E61.5,Molybdenum deficiency
E61.6,Vanadium deficiency
E61.7,Deficiency of multiple nutrient elements
E61.8,Deficiency of other specified nutrient elements
E61.9,"Deficiency of nutrient element, unspecified"
E63,Other nutritional deficiencies
E63.0,Essential fatty acid [EFA] deficiency
E63.1,Imbalance of constituents of food intake
E63.8,Other specified nutritional deficiencies
E63.9,"Nutritional deficiency, unspecified"
E64,Sequelae of malnutrition and other nutritional deficiencies
E64.0,Sequelae of protein-energy malnutrition
E64.1,Sequelae of vitamin A deficiency
E64.2,Sequelae of vitamin C deficiency
E64.3,Sequelae of rickets
E64.8,Sequelae of other nutritional deficiencies
E64.9,Sequelae of unspecified nutritional deficiency
E65,Localized adiposity
E66,Obesity
E66.0,Obesity due to excess calories
E66.1,Drug-induced obesity
E66.2,Extreme obesity with alveolar hypoventilation
E66.8,Other obesity
E66.9,"Obesity, unspecified"
E67,Other hyperalimentation
E67.0,Hypervitaminosis A
E67.1,Hypercarotenaemia
E67.2,Megavitamin-B6 syndrome
E67.3,Hypervitaminosis D
E67.8,Other specified hyperalimentation
E68,Sequelae of hyperalimentation
E70,Disorders of aromatic amino-acid metabolism
E70.0,Classical phenylketonuria
E70.1,Other hyperphenylalaninaemias
E70.2,Disorders of tyrosine metabolism
E70.3,Albinism
E70.8,Other disorders of aromatic amino-acid metabolism
E70.9,"Disorder of aromatic amino-acid metabolism, unspecified"
E71,Disorders of branched-chain amino-acid metabolism and fatty-acid metabolism
E71.0,Maple-syrup-urine disease
E71.1,Other disorders of branched-chain amino-acid metabolism
E71.2,"Disorder of branched-chain amino-acid metabolism, unspecified"
E71.3,Disorders of fatty-acid metabolism
E72,Other disorders of amino-acid metabolism
E72.0,Disorders of amino-acid transport
E72.1,Disorders of sulfur-bearing amino-acid metabolism
E72.2,Disorders of urea cycle metabolism
E72.3,Disorders of lysine and hydroxylysine metabolism
E72.4,Disorders of ornithine metabolism
E72.5,Disorders of glycine metabolism
E72.8,Other specified disorders of amino-acid metabolism
E72.9,"Disorder of amino-acid metabolism, unspecified"
E73,Lactose intolerance
E73.0,Congenital lactase deficiency
E73.1,Secondary lactase deficiency
E73.8,Other lactose intolerance
E73.9,"Lactose intolerance, unspecified"
E74,Other disorders of carbohydrate metabolism
E74.0,Glycogen storage disease
E74.1,Disorders of fructose metabolism
E74.2,Disorders of galactose metabolism
E74.3,Other disorders of intestinal carbohydrate absorption
E74.4,Disorders of pyruvate metabolism and gluconeogenesis
E74.8,Other specified disorders of carbohydrate metabolism
E74.9,"Disorder of carbohydrate metabolism, unspecified"
E75,Disorders of sphingolipid metabolism and other lipid storage disorders
E75.0,GM2 gangliosidosis
E75.1,Other gangliosidosis
E75.2,Other sphingolipidosis
E75.3,"Sphingolipidosis, unspecified"
E75.4,Neuronal ceroid lipofuscinosis
E75.5,Other lipid storage disorders
E75.6,"Lipid storage disorder, unspecified"
E76,Disorders of glycosaminoglycan metabolism
E76.0,"Mucopolysaccharidosis, type I"
E76.1,"Mucopolysaccharidosis, type II"
E76.2,Other mucopolysaccharidoses
E76.3,"Mucopolysaccharidosis, unspecified"
E76.8,Other disorders of glucosaminoglycan metabolism
E76.9,"Disorder of glucosaminoglycan metabolism, unspecified"
E77,Disorders of glycoprotein metabolism
E77.0,Defects in post-translational modification of lysosomal enzymes
E77.1,Defects in glycoprotein degradation
E77.8,Other disorders of glycoprotein metabolism
E77.9,"Disorder of glycoprotein metabolism, unspecified"
E78,Disorders of lipoprotein metabolism and other lipidaemias
E78.0,Pure hypercholesterolaemia
E78.1,Pure hyperglyceridaemia
E78.2,Mixed hyperlipidaemia
E78.3,Hyperchylomicronaemia
E78.4,Other hyperlipidaemia
E78.5,"Hyperlipidaemia, unspecified"
E78.6,Lipoprotein deficiency
E78.8,Other disorders of lipoprotein metabolism
E78.9,"Disorder of lipoprotein metabolism, unspecified"
E79,Disorders of purine and pyrimidine metabolism
E79.0,Hyperuricaemia without signs of inflammatory arthritis and tophaceous disease
E79.1,Lesch-Nyhan syndrome
E79.8,Other disorders of purine and pyrimidine metabolism
E79.9,"Disorder of purine and pyrimidine metabolism, unspecified"
E80,Disorders of porphyrin and bilirubin metabolism
E80.0,Hereditary erythropoietic porphyria
E80.1,Porphyria cutanea tarda
E80.2,Other porphyria
E80.3,Defects of catalase and peroxidase
E80.4,Gilbert syndrome
E80.5,Crigler-Najjar syndrome
E80.6,Other disorders of bilirubin metabolism
E80.7,"Disorder of bilirubin metabolism, unspecified"
E83,Disorders of mineral metabolism
E83.0,Disorders of copper metabolism
E83.1,Disorders of iron metabolism
E83.2,Disorders of zinc metabolism
E83.3,Disorders of phosphorus metabolism and phosphatases
E83.4,Disorders of magnesium metabolism
E83.5,Disorders of calcium metabolism
E83.8,Other disorders of mineral metabolism
E83.9,"Disorder of mineral metabolism, unspecified"
E84,Cystic fibrosis
E84.0,Cystic fibrosis with pulmonary manifestations
E84.1,Cystic fibrosis with intestinal manifestations
E84.8,Cystic fibrosis with other manifestations
E84.9,"Cystic fibrosis, unspecified"
E85,Amyloidosis
E85.0,Non-neuropathic heredofamilial amyloidosis
E85.1,Neuropathic heredofamilial amyloidosis
E85.2,"Heredofamilial amyloidosis, unspecified"
E85.3,Secondary systemic amyloidosis
E85.4,Organ-limited amyloidosis
E85.8,Other amyloidosis
E85.9,"Amyloidosis, unspecified"
E86,Volume depletion
E87,"Other disorders of fluid, electrolyte and acid-base balance"
E87.0,Hyperosmolality and hypernatraemia
E87.1,Hypo-osmolality and hyponatraemia
E87.2,Acidosis
E87.3,Alkalosis
E87.4,Mixed disorder of acid-base balance
E87.5,Hyperkalaemia
E87.6,Hypokalaemia
E87.7,Fluid overload
E87.8,"Other disorders of electrolyte and fluid balance, not elsewhere classified"
E88,Other metabolic disorders
E88.0,"Disorders of plasma-protein metabolism, not elsewhere classified"
E88.1,"Lipodystrophy, not elsewhere classified"
E88.2,"Lipomatosis, not elsewhere classified"
E88.3,Tumour lysis syndrome
E88.8,Other specified metabolic disorders
E88.9,"Metabolic disorder, unspecified"
E89,"Postprocedural endocrine and metabolic disorders, not elsewhere classified"
E89.0,Postprocedural hypothyroidism
E89.1,Postprocedural hypoinsulinaemia
E89.2,Postprocedural hypoparathyroidism
E89.3,Postprocedural hypopituitarism
E89.4,Postprocedural ovarian failure
E89.5,Postprocedural testicular hypofunction
E89.6,Postprocedural adrenocortical(-medullary) hypofunction
E89.8,Other postprocedural endocrine and metabolic disorders
E89.9,"Postprocedural endocrine and metabolic disorder, unspecified"
E90,Nutritional and metabolic disorders in diseases classified elsewhere
F00,Dementia in Alzheimer disease
F00.0,Dementia in Alzheimer disease with early onset
F00.1,Dementia in Alzheimer disease with late onset
F00.2,"Dementia in Alzheimer disease, atypical or mixed type"
F00.9,"Dementia in Alzheimer disease, unspecified"
F01,Vascular dementia
F01.0,Vascular dementia of acute onset
F01.1,Multi-infarct dementia
F01.2,Subcortical vascular dementia
F01.3,Mixed cortical and subcortical vascular dementia
F01.8,Other vascular dementia
F01.9,"Vascular dementia, unspecified"
F02,Dementia in other diseases classified elsewhere
F02.0,Dementia in Pick disease
F02.1,Dementia in Creutzfeldt-Jakob disease
F02.2,Dementia in Huntington disease
F02.3,Dementia in Parkinson disease
F02.4,Dementia in human immunodeficiency virus [HIV] disease
F02.8,Dementia in other specified diseases classified elsewhere
F03,Unspecified dementia
F04,"Organic amnesic syndrome, not induced by alcohol and other psychoactive substances"
F05,"Delirium, not induced by alcohol and other psychoactive substances"
F05.0,"Delirium not superimposed on dementia, so described"
F05.1,Delirium superimposed on dementia
F05.8,Other delirium
F05.9,"Delirium, unspecified"
F06,Other mental disorders due to brain damage and dysfunction and to physical disease
F06.0,Organic hallucinosis
F06.1,Organic catatonic disorder
F06.2,Organic delusional [schizophrenia-like] disorder
F06.3,Organic mood [affective] disorders
F06.4,Organic anxiety disorder
F06.5,Organic dissociative disorder
F06.6,Organic emotionally labile [asthenic] disorder
F06.7,Mild cognitive disorder
F06.8,Other specified mental disorders due to brain damage and dysfunction and to physical disease
F06.9,Unspecified mental disorder due to brain damage and dysfunction and to physical disease
F07,"Personality and behavioural disorders due to brain disease, damage and dysfunction"
F07.0,Organic personality disorder
F07.1,Postencephalitic syndrome
F07.2,Postconcussional syndrome
F07.8,"Other organic personality and behavioural disorders due to brain disease, damage and dysfunction"
F07.9,"Unspecified organic personality and behavioural disorder due to brain disease, damage and dysfunction"
F09,Unspecified organic or symptomatic mental disorder
F10,Mental and behavioural disorders due to use of alcohol
F10.0,Mental and behavioural disorders due to use of alcohol: Acute intoxication
F10.1,Mental and behavioural disorders due to use of alcohol: Harmful use
F10.2,Mental and behavioural disorders due to use of alcohol: Dependence syndrome
F10.3,Mental and behavioural disorders due to use of alcohol: Withdrawal state
F10.4,Mental and behavioural disorders due to use of alcohol: Withdrawal state with delirium
F10.5,Mental and behavioural disorders due to use of alcohol: Psychotic disorder
F10.6,Mental and behavioural disorders due to use of alcohol: Amnesic syndrome
F10.7,Mental and behavioural disorders due to use of alcohol: Residual and late-onset psychotic disorder
F10.8,Mental and behavioural disorders due to use of alcohol: Other mental and behavioural disorders
F10.9,Mental and behavioural disorders due to use of alcohol: Unspecified mental and behavioural disorder
F11,Mental and behavioural disorders due to use of opioids
F11.0,Mental and behavioural disorders due to use of opioids: Acute intoxication
F11.1,Mental and behavioural disorders due to use of opioids: Harmful use
F11.2,Mental and behavioural disorders due to use of opioids: Dependence syndrome
F11.3,Mental and behavioural disorders due to use of opioids: Withdrawal state
F11.4,Mental and behavioural disorders due to use of opioids: Withdrawal state with delirium
F11.5,Mental and behavioural disorders due to use of opioids: Psychotic disorder
F11.6,Mental and behavioural disorders due to use of opioids: Amnesic syndrome
F11.7,Mental and behavioural disorders due to use of opioids: Residual and late-onset psychotic disorder
F11.8,Mental and behavioural disorders due to use of opioids: Other mental and behavioural disorders
F11.9,Mental and behavioural disorders due to use of opioids: Unspecified mental and behavioural disorder
F12,Mental and behavioural disorders due to use of cannabinoids
F12.0,Mental and behavioural disorders due to use of cannabinoids: Acute intoxication
F12.1,Mental and behavioural disorders due to use of cannabinoids: Harmful use
F12.2,Mental and behavioural disorders due to use of cannabinoids: Dependence syndrome
F12.3,Mental and behavioural disorders due to use of cannabinoids: Withdrawal state
F12.4,Mental and behavioural disorders due to use of cannabinoids: Withdrawal state with delirium
F12.5,Mental and behavioural disorders due to use of cannabinoids: Psychotic disorder
F12.6,Mental and behavioural disorders due to use of cannabinoids: Amnesic syndrome
F12.7,Mental and behavioural disorders due to use of cannabinoids: Residual and late-onset psychotic disorder
F12.8,Mental and behavioural disorders due to use of cannabinoids: Other mental and behavioural disorders
F12.9,Mental and behavioural disorders due to use of cannabinoids: Unspecified mental and behavioural disorder
F13,Mental and behavioural disorders due to use of sedatives or hypnotics
F13.0,Mental and behavioural disorders due to use of sedatives or hypnotics: Acute intoxication
F13.1,Mental and behavioural disorders due to use of sedatives or hypnotics: Harmful use
F13.2,Mental and behavioural disorders due to use of sedatives or hypnotics: Dependence syndrome
F13.3,Mental and behavioural disorders due to use of sedatives or hypnotics: Withdrawal state
F13.4,Mental and behavioural disorders due to use of sedatives or hypnotics: Withdrawal state with delirium
F13.5,Mental and behavioural disorders due to use of sedatives or hypnotics: Psychotic disorder
F13.6,Mental and behavioural disorders due to use of sedatives or hypnotics: Amnesic syndrome
F13.7,Mental and behavioural disorders due to use of sedatives or hypnotics: Residual and late-onset psychotic disorder
F13.8,Mental and behavioural disorders due to use of sedatives or hypnotics: Other mental and behavioural disorders
F13.9,Mental and behavioural disorders due to use of sedatives or hypnotics: Unspecified mental and behavioural disorder
F14,Mental and behavioural disorders due to use of cocaine
F14.0,Mental and behavioural disorders due to use of cocaine: Acute intoxication
F14.1,Mental and behavioural disorders due to use of cocaine: Harmful use
F14.2,Mental and behavioural disorders due to use of cocaine: Dependence syndrome
F14.3,Mental and behavioural disorders due to use of cocaine: Withdrawal state
F14.4,Mental and behavioural disorders due to use of cocaine: Withdrawal state with delirium
F14.5,Mental and behavioural disorders due to use of cocaine: Psychotic disorder
F14.6,Mental and behavioural disorders due to use of cocaine: Amnesic syndrome
F14.7,Mental and behavioural disorders due to use of cocaine: Residual and late-onset psychotic disorder
F14.8,Mental and behavioural disorders due to use of cocaine: Other mental and behavioural disorders
F14.9,Mental and behavioural disorders due to use of cocaine: Unspecified mental and behavioural disorder
F15,"Mental and behavioural disorders due to use of other stimulants, including caffeine"
F15.0,"Mental and behavioural disorders due to use of other stimulants, including caffeine: Acute intoxication"
F15.1,"Mental and behavioural disorders due to use of other stimulants, including caffeine: Harmful use"
F15.2,"Mental and behavioural disorders due to use of other stimulants, including caffeine: Dependence syndrome"
F15.3,"Mental and behavioural disorders due to use of other stimulants, including caffeine: Withdrawal state"
F15.4,"Mental and behavioural disorders due to use of other stimulants, including caffeine: Withdrawal state with delirium"
F15.5,"Mental and behavioural disorders due to use of other stimulants, including caffeine: Psychotic disorder"
F15.6,"Mental and behavioural disorders due to use of other stimulants, including caffeine: Amnesic syndrome"
F15.7,"Mental and behavioural disorders due to use of other stimulants, including caffeine: Residual and late-onset psychotic disorder"
F15.8,"Mental and behavioural disorders due to use of other stimulants, including caffeine: Other mental and behavioural disorders"
F15.9,"Mental and behavioural disorders due to use of other stimulants, including caffeine: Unspecified mental and behavioural disorder"
F16,Mental and behavioural disorders due to use of hallucinogens
F16.0,Mental and behavioural disorders due to use of hallucinogens: Acute intoxication
F16.1,Mental and behavioural disorders due to use of hallucinogens: Harmful use
F16.2,Mental and behavioural disorders due to use of hallucinogens: Dependence syndrome
F16.3,Mental and behavioural disorders due to use of hallucinogens: Withdrawal state
F16.4,Mental and behavioural disorders due to use of hallucinogens: Withdrawal state with delirium
F16.5,Mental and behavioural disorders due to use of hallucinogens: Psychotic disorder
F16.6,Mental and behavioural disorders due to use of hallucinogens: Amnesic syndrome
F16.7,Mental and behavioural disorders due to use of hallucinogens: Residual and late-onset psychotic disorder
F16.8,Mental and behavioural disorders due to use of hallucinogens: Other mental and behavioural disorders
F16.9,Mental and behavioural disorders due to use of hallucinogens: Unspecified mental and behavioural disorder
F17,Mental and behavioural disorders due to use of tobacco
F17.0,Mental and behavioural disorders due to use of tobacco: Acute intoxication
F17.1,Mental and behavioural disorders due to use of tobacco: Harmful use
F17.2,Mental and behavioural disorders due to use of tobacco: Dependence syndrome
F17.3,Mental and behavioural disorders due to use of tobacco: Withdrawal state
F17.4,Mental and behavioural disorders due to use of tobacco: Withdrawal state with delirium
F17.5,Mental and behavioural disorders due to use of tobacco: Psychotic disorder
F17.6,Mental and behavioural disorders due to use of tobacco: Amnesic syndrome
F17.7,Mental and behavioural disorders due to use of tobacco: Residual and late-onset psychotic disorder
F17.8,Mental and behavioural disorders due to use of tobacco: Other mental and behavioural disorders
F17.9,Mental and behavioural disorders due to use of tobacco: Unspecified mental and behavioural disorder
F18,Mental and behavioural disorders due to use of volatile solvents
F18.0,Mental and behavioural disorders due to use of volatile solvents: Acute intoxication
F18.1,Mental and behavioural disorders due to use of volatile solvents: Harmful use
F18.2,Mental and behavioural disorders due to use of volatile solvents: Dependence syndrome
F18.3,Mental and behavioural disorders due to use of volatile solvents: Withdrawal state
F18.4,Mental and behavioural disorders due to use of volatile solvents: Withdrawal state with delirium
F18.5,Mental and behavioural disorders due to use of volatile solvents: Psychotic disorder
F18.6,Mental and behavioural disorders due to use of volatile solvents: Amnesic syndrome
F18.7,Mental and behavioural disorders due to use of volatile solvents: Residual and late-onset psychotic disorder
F18.8,Mental and behavioural disorders due to use of volatile solvents: Other mental and behavioural disorders
F18.9,Mental and behavioural disorders due to use of volatile solvents: Unspecified mental and behavioural disorder
F19,Mental and behavioural disorders due to multiple drug use and use of other psychoactive substances
F19.0,Mental and behavioural disorders due to multiple drug use and use of other psychoactive substances: Acute intoxication
F19.1,Mental and behavioural disorders due to multiple drug use and use of other psychoactive substances: Harmful use
F19.2,Mental and behavioural disorders due to multiple drug use and use of other psychoactive substances: Dependence syndrome
F19.3,Mental and behavioural disorders due to multiple drug use and use of other psychoactive substances: Withdrawal state
F19.4,Mental and behavioural disorders due to multiple drug use and use of other psychoactive substances: Withdrawal state with delirium
F19.5,Mental and behavioural disorders due to multiple drug use and use of other psychoactive substances: Psychotic disorder
F19.6,Mental and behavioural disorders due to multiple drug use and use of other psychoactive substances: Amnesic syndrome
F19.7,Mental and behavioural disorders due to multiple drug use and use of other psychoactive substances: Residual and late-onset psychotic disorder
F19.8,Mental and behavioural disorders due to multiple drug use and use of other psychoactive substances: Other mental and behavioural disorders
F19.9,Mental and behavioural disorders due to multiple drug use and use of other psychoactive substances: Unspecified mental and behavioural disorder
F20,Schizophrenia
F20.0,Paranoid schizophrenia
F20.1,Hebephrenic schizophrenia
F20.2,Catatonic schizophrenia
F20.3,Undifferentiated schizophrenia
F20.4,Post-schizophrenic depression
F20.5,Residual schizophrenia
F20.6,Simple schizophrenia
F20.8,Other schizophrenia
F20.9,"Schizophrenia, unspecified"
F21,Schizotypal disorder
F22,Persistent delusional disorders
F22.0,Delusional disorder
F22.8,Other persistent delusional disorders
F22.9,"Persistent delusional disorder, unspecified"
F23,Acute and transient psychotic disorders
F23.0,Acute polymorphic psychotic disorder without symptoms of schizophrenia
F23.1,Acute polymorphic psychotic disorder with symptoms of schizophrenia
F23.2,Acute schizophrenia-like psychotic disorder
F23.3,Other acute predominantly delusional psychotic disorders
F23.8,Other acute and transient psychotic disorders
F23.9,"Acute and transient psychotic disorder, unspecified"
F24,Induced delusional disorder
F25,Schizoaffective disorders
F25.0,"Schizoaffective disorder, manic type"
F25.1,"Schizoaffective disorder, depressive type"
F25.2,"Schizoaffective disorder, mixed type"
F25.8,Other schizoaffective disorders
F25.9,"Schizoaffective disorder, unspecified"
F28,Other nonorganic psychotic disorders
F29,Unspecified nonorganic psychosis
F30,Manic episode
F30.0,Hypomania
F30.1,Mania without psychotic symptoms
F30.2,Mania with psychotic symptoms
F30.8,Other manic episodes
F30.9,"Manic episode, unspecified"
F31,Bipolar affective disorder
F31.0,"Bipolar affective disorder, current episode hypomanic"
F31.1,"Bipolar affective disorder, current episode manic without psychotic symptoms"
F31.2,"Bipolar affective disorder, current episode manic with psychotic symptoms"
F31.3,"Bipolar affective disorder, current episode mild or moderate depression"
F31.4,"Bipolar affective disorder, current episode severe depression without psychotic symptoms"
F31.5,"Bipolar affective disorder, current episode severe depression with psychotic symptoms"
F31.6,"Bipolar affective disorder, current episode mixed"
F31.7,"Bipolar affective disorder, currently in remission"
F31.8,Other bipolar affective disorders
F31.9,"Bipolar affective disorder, unspecified"
F32,Depressive episode
F32.0,Mild depressive episode
F32.1,Moderate depressive episode
F32.2,Severe depressive episode without psychotic symptoms
F32.3,Severe depressive episode with psychotic symptoms
F32.8,Other depressive episodes
F32.9,"Depressive episode, unspecified"
F33,Recurrent depressive disorder
F33.0,"Recurrent depressive disorder, current episode mild"
F33.1,"Recurrent depressive disorder, current episode moderate"
F33.2,"Recurrent depressive disorder, current episode severe without psychotic symptoms"
F33.3,"Recurrent depressive disorder, current episode severe with psychotic symptoms"
F33.4,"Recurrent depressive disorder, currently in remission"
F33.8,Other recurrent depressive disorders
F33.9,"Recurrent depressive disorder, unspecified"
F34,Persistent mood [affective] disorders
F34.0,Cyclothymia
F34.1,Dysthymia
F34.8,Other persistent mood [affective] disorders
F34.9,"Persistent mood [affective] disorder, unspecified"
F38,Other mood [affective] disorders
F38.0,Other single mood [affective] disorders
F38.1,Other recurrent mood [affective] disorders
F38.8,Other specified mood [affective] disorders
F39,Unspecified mood [affective] disorder
F40,Phobic anxiety disorders
F40.0,Agoraphobia
F40.1,Social phobias
F40.2,Specific (isolated) phobias
F40.8,Other phobic anxiety disorders
F40.9,"Phobic anxiety disorder, unspecified"
F41,Other anxiety disorders
F41.0,Panic disorder [episodic paroxysmal anxiety]
F41.1,Generalized anxiety disorder
F41.2,Mixed anxiety and depressive disorder
F41.3,Other mixed anxiety disorders
F41.8,Other specified anxiety disorders
F41.9,"Anxiety disorder, unspecified"
F42,Obsessive-compulsive disorder
F42.0,Predominantly obsessional thoughts or ruminations
F42.1,Predominantly compulsive acts [obsessional rituals]
F42.2,Mixed obsessional thoughts and acts
F42.8,Other obsessive-compulsive disorders
F42.9,"Obsessive-compulsive disorder, unspecified"
F43,"Reaction to severe stress, and adjustment disorders"
F43.0,Acute stress reaction
F43.1,Post-traumatic stress disorder
F43.2,Adjustment disorders
F43.8,Other reactions to severe stress
F43.9,"Reaction to severe stress, unspecified"
F44,Dissociative [conversion] disorders
F44.0,Dissociative amnesia
F44.1,Dissociative fugue
F44.2,Dissociative stupor
F44.3,Trance and possession disorders
F44.4,Dissociative motor disorders
F44.5,Dissociative convulsions
F44.6,Dissociative anaesthesia and sensory loss
F44.7,Mixed dissociative [conversion] disorders
F44.8,Other dissociative [conversion] disorders
F44.9,"Dissociative [conversion] disorder, unspecified"
F45,Somatoform disorders
F45.0,Somatization disorder
F45.1,Undifferentiated somatoform disorder
F45.2,Hypochondriacal disorder
F45.3,Somatoform autonomic dysfunction
F45.4,Persistent somatoform pain disorder
F45.8,Other somatoform disorders
F45.9,"Somatoform disorder, unspecified"
F48,Other neurotic disorders
F48.0,Neurasthenia
F48.1,Depersonalization-derealization syndrome
F48.8,Other specified neurotic disorders
F48.9,"Neurotic disorder, unspecified"
F50,Eating disorders
F50.0,Anorexia nervosa
F50.1,Atypical anorexia nervosa
F50.2,Bulimia nervosa
F50.3,Atypical bulimia nervosa
F50.4,Overeating associated with other psychological disturbances
F50.5,Vomiting associated with other psychological disturbances
F50.8,Other eating disorders
F50.9,"Eating disorder, unspecified"
F51,Nonorganic sleep disorders
F51.0,Nonorganic insomnia
F51.1,Nonorganic hypersomnia
F51.2,Nonorganic disorder of the sleep-wake schedule
F51.3,Sleepwalking [somnambulism]
F51.4,Sleep terrors [night terrors]
F51.5,Nightmares
F51.8,Other nonorganic sleep disorders
F51.9,"Nonorganic sleep disorder, unspecified"
F52,"Sexual dysfunction, not caused by organic disorder or disease"
F52.0,Lack or loss of sexual desire
F52.1,Sexual aversion and lack of sexual enjoyment
F52.2,Failure of genital response
F52.3,Orgasmic dysfunction
F52.4,Premature ejaculation
F52.5,Nonorganic vaginismus
F52.6,Nonorganic dyspareunia
F52.7,Excessive sexual drive
F52.8,"Other sexual dysfunction, not caused by organic disorder or disease"
F52.9,"Unspecified sexual dysfunction, not caused by organic disorder or disease"
F53,"Mental and behavioural disorders associated with the puerperium, not elsewhere classified"
F53.0,"Mild mental and behavioural disorders associated with the puerperium, not elsewhere classified"
F53.1,"Severe mental and behavioural disorders associated with the puerperium, not elsewhere classified"
F53.8,"Other mental and behavioural disorders associated with the puerperium, not elsewhere classified"
F53.9,"Puerperal mental disorder, unspecified"
F54,Psychological and behavioural factors associated with disorders or diseases classified elsewhere
F55,Abuse of non-dependence-producing substances
F59,Unspecified behavioural syndromes associated with physiological disturbances and physical factors
F60,Specific personality disorders
F60.0,Paranoid personality disorder
F60.1,Schizoid personality disorder
F60.2,Dissocial personality disorder
F60.3,Emotionally unstable personality disorder
F60.4,Histrionic personality disorder
F60.5,Anankastic personality disorder
F60.6,Anxious [avoidant] personality disorder
F60.7,Dependent personality disorder
F60.8,Other specific personality disorders
F60.9,"Personality disorder, unspecified"
F61,Mixed and other personality disorders
F62,"Enduring personality changes, not attributable to brain damage and disease"
F62.0,Enduring personality change after catastrophic experience
F62.1,Enduring personality change after psychiatric illness
F62.8,Other enduring personality changes
F62.9,"Enduring personality change, unspecified"
F63,Habit and impulse disorders
F63.0,Pathological gambling
F63.1,Pathological fire-setting [pyromania]
F63.2,Pathological stealing [kleptomania]
F63.3,Trichotillomania
F63.8,Other habit and impulse disorders
F63.9,"Habit and impulse disorder, unspecified"
F64,Gender identity disorders
F64.0,Transsexualism
F64.1,Dual-role transvestism
F64.2,Gender identity disorder of childhood
F64.8,Other gender identity disorders
F64.9,"Gender identity disorder, unspecified"
F65,Disorders of sexual preference
F65.0,Fetishism
F65.1,Fetishistic transvestism
F65.2,Exhibitionism
F65.3,Voyeurism
F65.4,Paedophilia
F65.5,Sadomasochism
F65.6,Multiple disorders of sexual preference
F65.8,Other disorders of sexual preference
F65.9,"Disorder of sexual preference, unspecified"
F66,Psychological and behavioural disorders associated with sexual development and orientation
F66.0,Sexual maturation disorder
F66.1,Egodystonic sexual orientation
F66.2,Sexual relationship disorder
F66.8,Other psychosexual development disorders
F66.9,"Psychosexual development disorder, unspecified"
F68,Other disorders of adult personality and behaviour
F68.0,Elaboration of physical symptoms for psychological reasons
F68.1,"Intentional production or feigning of symptoms or disabilities, either physical or psychological [factitious disorder]"
F68.8,Other specified disorders of adult personality and behaviour
F69,Unspecified disorder of adult personality and behaviour
F70,Mild mental retardation
F70.0,"Mild mental retardation: With the statement of no, or minimal, impairment of behaviour"
F70.1,Mild mental retardation: Significant impairment of behaviour requiring attention or treatment
F70.8,Mild mental retardation: Other impairments of behaviour
F70.9,Mild mental retardation: Without mention of impairment of behaviour
F71,Moderate mental retardation
F71.0,"Moderate mental retardation: With the statement of no, or minimal, impairment of behaviour"
F71.1,Moderate mental retardation: Significant impairment of behaviour requiring attention or treatment
F71.8,Moderate mental retardation: Other impairments of behaviour
F71.9,Moderate mental retardation: Without mention of impairment of behaviour
F72,Severe mental retardation
F72.0,"Severe mental retardation: With the statement of no, or minimal, impairment of behaviour"
F72.1,Severe mental retardation: Significant impairment of behaviour requiring attention or treatment
F72.8,Severe mental retardation: Other impairments of behaviour
F72.9,Severe mental retardation: Without mention of impairment of behaviour
F73,Profound mental retardation
F73.0,"Profound mental retardation: With the statement of no, or minimal, impairment of behaviour"
F73.1,Profound mental retardation: Significant impairment of behaviour requiring attention or treatment
F73.8,Profound mental retardation: Other impairments of behaviour
F73.9,Profound mental retardation: Without mention of impairment of behaviour
F78,Other mental retardation
F78.0,"Other mental retardation: With the statement of no, or minimal, impairment of behaviour"
F78.1,Other mental retardation: Significant impairment of behaviour requiring attention or treatment
F78.8,Other mental retardation: Other impairments of behaviour
F78.9,Other mental retardation: Without mention of impairment of behaviour
F79,Unspecified mental retardation
F79.0,"Unspecified mental retardation: With the statement of no, or minimal, impairment of behaviour"
F79.1,Unspecified mental retardation: Significant impairment of behaviour requiring attention or treatment
F79.8,Unspecified mental retardation: Other impairments of behaviour
F79.9,Unspecified mental retardation: Without mention of impairment of behaviour
F80,Specific developmental disorders of speech and language
F80.0,Specific speech articulation disorder
F80.1,Expressive language disorder
F80.2,Receptive language disorder
F80.3,Acquired aphasia with epilepsy [Landau-Kleffner]
F80.8,Other developmental disorders of speech and language
F80.9,"Developmental disorder of speech and language, unspecified"
F81,Specific developmental disorders of scholastic skills
F81.0,Specific reading disorder
F81.1,Specific spelling disorder
F81.2,Specific disorder of arithmetical skills
F81.3,Mixed disorder of scholastic skills
F81.8,Other developmental disorders of scholastic skills
F81.9,"Developmental disorder of scholastic skills, unspecified"
F82,Specific developmental disorder of motor function
F83,Mixed specific developmental disorders
F84,Pervasive developmental disorders
F84.0,Childhood autism
F84.1,Atypical autism
F84.2,Rett syndrome
F84.3,Other childhood disintegrative disorder
F84.4,Overactive disorder associated with mental retardation and stereotyped movements
F84.5,Asperger syndrome
F84.8,Other pervasive developmental disorders
F84.9,"Pervasive developmental disorder, unspecified"
F88,Other disorders of psychological development
F89,Unspecified disorder of psychological development
F90,Hyperkinetic disorders
F90.0,Disturbance of activity and attention
F90.1,Hyperkinetic conduct disorder
F90.8,Other hyperkinetic disorders
F90.9,"Hyperkinetic disorder, unspecified"
F91,Conduct disorders
F91.0,Conduct disorder confined to the family context
F91.1,Unsocialized conduct disorder
F91.2,Socialized conduct disorder
F91.3,Oppositional defiant disorder
F91.8,Other conduct disorders
F91.9,"Conduct disorder, unspecified"
F92,Mixed disorders of conduct and emotions
F92.0,Depressive conduct disorder
F92.8,Other mixed disorders of conduct and emotions
F92.9,"Mixed disorder of conduct and emotions, unspecified"
F93,Emotional disorders with onset specific to childhood
F93.0,Separation anxiety disorder of childhood
F93.1,Phobic anxiety disorder of childhood
F93.2,Social anxiety disorder of childhood
F93.3,Sibling rivalry disorder
F93.8,Other childhood emotional disorders
F93.9,"Childhood emotional disorder, unspecified"
F94,Disorders of social functioning with onset specific to childhood and adolescence
F94.0,Elective mutism
F94.1,Reactive attachment disorder of childhood
F94.2,Disinhibited attachment disorder of childhood
F94.8,Other childhood disorders of social functioning
F94.9,"Childhood disorder of social functioning, unspecified"
F95,Tic disorders
F95.0,Transient tic disorder
F95.1,Chronic motor or vocal tic disorder
F95.2,Combined vocal and multiple motor tic disorder [de la Tourette]
F95.8,Other tic disorders
F95.9,"Tic disorder, unspecified"
F98,Other behavioural and emotional disorders with onset usually occurring in childhood and adolescence
F98.0,Nonorganic enuresis
F98.1,Nonorganic encopresis
F98.2,Feeding disorder of infancy and childhood
F98.3,Pica of infancy and childhood
F98.4,Stereotyped movement disorders
F98.5,Stuttering [stammering]
F98.6,Cluttering
F98.8,Other specified behavioural and emotional disorders with onset usually occurring in childhood and adolescence
F98.9,Unspecified behavioural and emotional disorders with onset usually occurring in childhood and adolescence
F99,"Mental disorder, not otherwise specified"
G01,Meningitis in bacterial diseases classified elsewhere
G02,Meningitis in other infectious and parasitic diseases classified elsewhere
G02.0,Meningitis in viral diseases classified elsewhere
G02.1,Meningitis in mycoses
G02.8,Meningitis in other specified infectious and parasitic diseases classified elsewhere
G04,"Encephalitis, myelitis and encephalomyelitis"
G04.0,Acute disseminated encephalitis
G04.1,Human T-cell lymphotropic virus associated myelopathy
G04.2,"Bacterial meningoencephalitis and meningomyelitis, not elsewhere classified"
G04.8,"Other encephalitis, myelitis and encephalomyelitis"
G04.9,"Encephalitis, myelitis and encephalomyelitis, unspecified"
G05,"Encephalitis, myelitis and encephalomyelitis in diseases classified elsewhere"
G05.0,"Encephalitis, myelitis and encephalomyelitis in bacterial diseases classified elsewhere"
G05.1,"Encephalitis, myelitis and encephalomyelitis in viral diseases classified elsewhere"
G05.2,"Encephalitis, myelitis and encephalomyelitis in other infectious and parasitic diseases classified elsewhere"
G05.8,"Encephalitis, myelitis and encephalomyelitis in other diseases classified elsewhere"
G06,Intracranial and intraspinal abscess and granuloma
G06.0,Intracranial abscess and granuloma
G06.1,Intraspinal abscess and granuloma
G06.2,"Extradural and subdural abscess, unspecified"
G07,Intracranial and intraspinal abscess and granuloma in diseases classified elsewhere
G08,Intracranial and intraspinal phlebitis and thrombophlebitis
G09,Sequelae of inflammatory diseases of central nervous system
G10,Huntington disease
G11,Hereditary ataxia
G11.0,Congenital nonprogressive ataxia
G11.1,Early-onset cerebellar ataxia
G11.2,Late-onset cerebellar ataxia
G11.3,Cerebellar ataxia with defective DNA repair
G11.4,Hereditary spastic paraplegia
G11.8,Other hereditary ataxias
G11.9,"Hereditary ataxia, unspecified"
G12,Spinal muscular atrophy and related syndromes
G12.0,"Infantile spinal muscular atrophy, type I [Werdnig-Hoffman]"
G12.1,Other inherited spinal muscular atrophy
G12.2,Motor neuron disease
G12.8,Other spinal muscular atrophies and related syndromes
G12.9,"Spinal muscular atrophy, unspecified"
G13,Systemic atrophies primarily affecting central nervous system in diseases classified elsewhere
G13.0,Paraneoplastic neuromyopathy and neuropathy
G13.1,Other systemic atrophy primarily affecting central nervous system in neoplastic disease
G13.2,Systemic atrophy primarily affecting central nervous system in myxoedema
G13.8,Systemic atrophy primarily affecting central nervous system in other diseases classified elsewhere
G14,Postpolio syndrome
G20,Parkinson disease
G21,Secondary parkinsonism
G21.0,Malignant neuroleptic syndrome
G21.1,Other drug-induced secondary parkinsonism
G21.2,Secondary parkinsonism due to other external agents
G21.3,Postencephalitic parkinsonism
G21.4,Vascular parkinsonism
G21.8,Other secondary parkinsonism
G21.9,"Secondary parkinsonism, unspecified"
G22,Parkinsonism in diseases classified elsewhere
G23,Other degenerative diseases of basal ganglia
G23.0,Hallervorden-Spatz disease
G23.1,Progressive supranuclear ophthalmoplegia [Steele-Richardson-Olszewski]
G23.2,"Multiple system atrophy, parkinsonian type [MSA-P]"
G23.3,"Multiple system atrophy, cerebellar type [MSA-C]"
G23.8,Other specified degenerative diseases of basal ganglia
G23.9,"Degenerative disease of basal ganglia, unspecified"
G24,Dystonia
G24.0,Drug-induced dystonia
G24.1,Idiopathic familial dystonia
G24.2,Idiopathic nonfamilial dystonia
G24.3,Spasmodic torticollis
G24.4,Idiopathic orofacial dystonia
G24.5,Blepharospasm
G24.8,Other dystonia
G24.9,"Dystonia, unspecified"
G25,Other extrapyramidal and movement disorders
G25.0,Essential tremor
G25.1,Drug-induced tremor
G25.2,Other specified forms of tremor
G25.3,Myoclonus
G25.4,Drug-induced chorea
G25.5,Other chorea
G25.6,Drug-induced tics and other tics of organic origin
G25.8,Other specified extrapyramidal and movement disorders
G25.9,"Extrapyramidal and movement disorder, unspecified"
G26,Extrapyramidal and movement disorders in diseases classified elsewhere
G30,Alzheimer disease
G30.0,Alzheimer disease with early onset
G30.1,Alzheimer disease with late onset
G30.8,Other Alzheimer disease
G30.9,"Alzheimer disease, unspecified"
G31,"Other degenerative diseases of nervous system, not elsewhere classified"
G31.0,Circumscribed brain atrophy
G31.1,"Senile degeneration of brain, not elsewhere classified"
G31.2,Degeneration of nervous system due to alcohol
G31.8,Other specified degenerative diseases of nervous system
G31.9,"Degenerative disease of nervous system, unspecified"
G32,Other degenerative disorders of nervous system in diseases classified elsewhere
G32.0,Subacute combined degeneration of spinal cord in diseases classified elsewhere
G32.8,Other specified degenerative disorders of nervous system in diseases classified elsewhere
G35,Multiple sclerosis
G36,Other acute disseminated demyelination
G36.0,Neuromyelitis optica [Devic]
G36.1,Acute and subacute haemorrhagic leukoencephalitis [Hurst]
G36.8,Other specified acute disseminated demyelination
G36.9,"Acute disseminated demyelination, unspecified"
G37,Other demyelinating diseases of central nervous system
G37.0,Diffuse sclerosis
G37.1,Central demyelination of corpus callosum
G37.2,Central pontine myelinolysis
G37.3,Acute transverse myelitis in demyelinating disease of central nervous system
G37.4,Subacute necrotizing myelitis
G37.5,Concentric sclerosis [Baló]
G37.8,Other specified demyelinating diseases of central nervous system
G37.9,"Demyelinating disease of central nervous system, unspecified"
G41,Status epilepticus
G41.0,Grand mal status epilepticus
G41.1,Petit mal status epilepticus
G41.2,Complex partial status epilepticus
G41.8,Other status epilepticus
G41.9,"Status epilepticus, unspecified"
G43,Migraine
G43.0,Migraine without aura [common migraine]
G43.1,Migraine with aura [classical migraine]
G43.2,Status migrainosus
G43.3,Complicated migraine
G43.8,Other migraine
G43.9,"Migraine, unspecified"
G44,Other headache syndromes
G44.0,Cluster headache syndrome
G44.1,"Vascular headache, not elsewhere classified"
G44.2,Tension-type headache
G44.3,Chronic post-traumatic headache
G44.4,"Drug-induced headache, not elsewhere classified"
G44.8,Other specified headache syndromes
G45,Transient cerebral ischaemic attacks and related syndromes
G45.0,Vertebro-basilar artery syndrome
G45.1,Carotid artery syndrome (hemispheric)
G45.2,Multiple and bilateral precerebral artery syndromes
G45.3,Amaurosis fugax
G45.4,Transient global amnesia
G45.8,Other transient cerebral ischaemic attacks and related syndromes
G45.9,"Transient cerebral ischaemic attack, unspecified"
G46,Vascular syndromes of brain in cerebrovascular diseases
G46.0,Middle cerebral artery syndrome
G46.1,Anterior cerebral artery syndrome
G46.2,Posterior cerebral artery syndrome
G46.3,Brain stem stroke syndrome
G46.4,Cerebellar stroke syndrome
G46.5,Pure motor lacunar syndrome
G46.6,Pure sensory lacunar syndrome
G46.7,Other lacunar syndromes
G46.8,Other vascular syndromes of brain in cerebrovascular diseases
G47,Sleep disorders
G47.0,Disorders of initiating and maintaining sleep [insomnias]
G47.1,Disorders of excessive somnolence [hypersomnias]
G47.2,Disorders of the sleep-wake schedule
G47.3,Sleep apnoea
G47.4,Narcolepsy and cataplexy
G47.8,Other sleep disorders
G47.9,"Sleep disorder, unspecified"
G50,Disorders of trigeminal nerve
G50.0,Trigeminal neuralgia
G50.1,Atypical facial pain
G50.8,Other disorders of trigeminal nerve
G50.9,"Disorder of trigeminal nerve, unspecified"
G51,Facial nerve disorders
G51.0,Bell palsy
G51.1,Geniculate ganglionitis
G51.2,Melkersson syndrome
G51.3,Clonic hemifacial spasm
G51.4,Facial myokymia
G51.8,Other disorders of facial nerve
G51.9,"Disorder of facial nerve, unspecified"
G52,Disorders of other cranial nerves
G52.0,Disorders of olfactory nerve
G52.1,Disorders of glossopharyngeal nerve
G52.2,Disorders of vagus nerve
G52.3,Disorders of hypoglossal nerve
G52.7,Disorders of multiple cranial nerves
G52.8,Disorders of other specified cranial nerves
G52.9,"Cranial nerve disorder, unspecified"
G53,Cranial nerve disorders in diseases classified elsewhere
G53.0,Postzoster neuralgia
G53.1,Multiple cranial nerve palsies in infectious and parasitic diseases classified elsewhere
G53.2,Multiple cranial nerve palsies in sarcoidosis
G53.3,Multiple cranial nerve palsies in neoplastic disease
G53.8,Other cranial nerve disorders in other diseases classified elsewhere
G54,Nerve root and plexus disorders
G54.0,Brachial plexus disorders
G54.1,Lumbosacral plexus disorders
G54.2,"Cervical root disorders, not elsewhere classified"
G54.3,"Thoracic root disorders, not elsewhere classified"
G54.4,"Lumbosacral root disorders, not elsewhere classified"
G54.5,Neuralgic amyotrophy
G54.6,Phantom limb syndrome with pain
G54.7,Phantom limb syndrome without pain
G54.8,Other nerve root and plexus disorders
G54.9,"Nerve root and plexus disorder, unspecified"
G55,Nerve root and plexus compressions in diseases classified elsewhere
G55.0,Nerve root and plexus compressions in neoplastic disease
G55.1,Nerve root and plexus compressions in intervertebral disc disorders
G55.2,Nerve root and plexus compressions in spondylosis
G55.3,Nerve root and plexus compressions in other dorsopathies
G55.8,Nerve root and plexus compressions in other diseases classified elsewhere
G56,Mononeuropathies of upper limb
G56.0,Carpal tunnel syndrome
G56.1,Other lesions of median nerve
G56.2,Lesion of ulnar nerve
G56.3,Lesion of radial nerve
G56.8,Other mononeuropathies of upper limb
G56.9,"Mononeuropathy of upper limb, unspecified"
G57,Mononeuropathies of lower limb
G57.0,Lesion of sciatic nerve
G57.1,Meralgia paraesthetica
G57.2,Lesion of femoral nerve
G57.3,Lesion of lateral popliteal nerve
G57.4,Lesion of medial popliteal nerve
G57.5,Tarsal tunnel syndrome
G57.6,Lesion of plantar nerve
G57.8,Other mononeuropathies of lower limb
G57.9,"Mononeuropathy of lower limb, unspecified"
G58,Other mononeuropathies
G58.0,Intercostal neuropathy
G58.7,Mononeuritis multiplex
G58.8,Other specified mononeuropathies
G58.9,"Mononeuropathy, unspecified"
G59,Mononeuropathy in diseases classified elsewhere
G59.0,Diabetic mononeuropathy
G59.8,Other mononeuropathies in diseases classified elsewhere
G60,Hereditary and idiopathic neuropathy
G60.0,Hereditary motor and sensory neuropathy
G60.1,Refsum disease
G60.2,Neuropathy in association with hereditary ataxia
G60.3,Idiopathic progressive neuropathy
G60.8,Other hereditary and idiopathic neuropathies
G60.9,"Hereditary and idiopathic neuropathy, unspecified"
G61,Inflammatory polyneuropathy
G61.0,Guillain-Barré syndrome
G61.1,Serum neuropathy
G61.8,Other inflammatory polyneuropathies
G61.9,"Inflammatory polyneuropathy, unspecified"
G62,Other polyneuropathies
G62.0,Drug-induced polyneuropathy
G62.1,Alcoholic polyneuropathy
G62.2,Polyneuropathy due to other toxic agents
G62.8,Other specified polyneuropathies
G62.9,"Polyneuropathy, unspecified"
G63,Polyneuropathy in diseases classified elsewhere
G63.0,Polyneuropathy in infectious and parasitic diseases classified elsewhere
G63.1,Polyneuropathy in neoplastic disease
G63.2,Diabetic polyneuropathy
G63.3,Polyneuropathy in other endocrine and metabolic diseases
G63.4,Polyneuropathy in nutritional deficiency
G63.5,Polyneuropathy in systemic connective tissue disorders
G63.6,Polyneuropathy in other musculoskeletal disorders
G63.8,Polyneuropathy in other diseases classified elsewhere
G64,Other disorders of peripheral nervous system
G70,Myasthenia gravis and other myoneural disorders
G70.0,Myasthenia gravis
G70.1,Toxic myoneural disorders
G70.2,Congenital and developmental myasthenia
G70.8,Other specified myoneural disorders
G70.9,"Myoneural disorder, unspecified"
G71,Primary disorders of muscles
G71.0,Muscular dystrophy
G71.1,Myotonic disorders
G71.2,Congenital myopathies
G71.3,"Mitochondrial myopathy, not elsewhere classified"
G71.8,Other primary disorders of muscles
G71.9,"Primary disorder of muscle, unspecified"
G72,Other myopathies
G72.0,Drug-induced myopathy
G72.1,Alcoholic myopathy
G72.2,Myopathy due to other toxic agents
G72.3,Periodic paralysis
G72.4,"Inflammatory myopathy, not elsewhere classified"
G72.8,Other specified myopathies
G72.9,"Myopathy, unspecified"
G73,Disorders of myoneural junction and muscle in diseases classified elsewhere
G73.0,Myasthenic syndromes in endocrine diseases
G73.1,Lambert-Eaton syndrome
G73.2,Other myasthenic syndromes in neoplastic disease
G73.3,Myasthenic syndromes in other diseases classified elsewhere
G73.4,Myopathy in infectious and parasitic diseases classified elsewhere
G73.5,Myopathy in endocrine diseases
G73.6,Myopathy in metabolic diseases
G73.7,Myopathy in other diseases classified elsewhere
G80,Cerebral palsy
G80.0,Spastic quadriplegic cerebral palsy
G80.1,Spastic diplegic cerebral palsy
G80.2,Spastic hemiplegic cerebral palsy
G80.3,Dyskinetic cerebral palsy
G80.4,Ataxic cerebral palsy
G80.8,Other cerebral palsy
G80.9,"Cerebral palsy, unspecified"
G81,Hemiplegia
G81.0,Flaccid hemiplegia
G81.1,Spastic hemiplegia
G81.9,"Hemiplegia, unspecified"
G82,Paraplegia and tetraplegia
G82.0,Flaccid paraplegia
G82.1,Spastic paraplegia
G82.2,"Paraplegia, unspecified"
G82.3,Flaccid tetraplegia
G82.4,Spastic tetraplegia
G82.5,"Tetraplegia, unspecified"
G83,Other paralytic syndromes
G83.0,Diplegia of upper limbs
G83.1,Monoplegia of lower limb
G83.2,Monoplegia of upper limb
G83.3,"Monoplegia, unspecified"
G83.4,Cauda equina syndrome
G83.5,Locked-in syndrome
G83.6,Upper motor neuron facial paralysis
G83.8,Other specified paralytic syndromes
G83.9,"Paralytic syndrome, unspecified"
G90,Disorders of autonomic nervous system
G90.0,Idiopathic peripheral autonomic neuropathy
G90.1,Familial dysautonomia [Riley-Day]
G90.2,Horner syndrome
G90.4,Autonomic dysreflexia
G90.5,Complex regional pain syndrome type I
G90.6,Complex regional pain syndrome type II
G90.7,"Complex regional pain syndrome, other and unspecified type"
G90.8,Other disorders of autonomic nervous system
G90.9,"Disorder of autonomic nervous system, unspecified"
G91,Hydrocephalus
G91.0,Communicating hydrocephalus
G91.1,Obstructive hydrocephalus
G91.2,Normal-pressure hydrocephalus
G91.3,"Post-traumatic hydrocephalus, unspecified"
G91.8,Other hydrocephalus
G91.9,"Hydrocephalus, unspecified"
G92,Toxic encephalopathy
G93,Other disorders of brain
G93.0,Cerebral cysts
G93.1,"Anoxic brain damage, not elsewhere classified"
G93.2,Benign intracranial hypertension
G93.3,Postviral fatigue syndrome
G93.4,"Encephalopathy, unspecified"
G93.5,Compression of brain
G93.6,Cerebral oedema
G93.7,Reye syndrome
G93.8,Other specified disorders of brain
G93.9,"Disorder of brain, unspecified"
G94,Other disorders of brain in diseases classified elsewhere
G94.0,Hydrocephalus in infectious and parasitic diseases classified elsewhere
G94.1,Hydrocephalus in neoplastic disease
G94.2,Hydrocephalus in other diseases classified elsewhere
G94.3,Encephalopathy in diseases classified elsewhere
G94.8,Other specified disorders of brain in diseases classified elsewhere
G95,Other diseases of spinal cord
G95.0,Syringomyelia and syringobulbia
G95.1,Vascular myelopathies
G95.2,"Cord compression, unspecified"
G95.8,Other specified diseases of spinal cord
G95.9,"Disease of spinal cord, unspecified"
G96,Other disorders of central nervous system
G96.0,Cerebrospinal fluid leak
G96.1,"Disorders of meninges, not elsewhere classified"
G96.8,Other specified disorders of central nervous system
G96.9,"Disorder of central nervous system, unspecified"
G97,"Postprocedural disorders of nervous system, not elsewhere classified"
G97.0,Cerebrospinal fluid leak from spinal puncture
G97.1,Other reaction to spinal and lumbar puncture
G97.2,Intracranial hypotension following ventricular shunting
G97.8,Other postprocedural disorders of nervous system
G97.9,"Postprocedural disorder of nervous system, unspecified"
G98,"Other disorders of nervous system, not elsewhere classified"
G99,Other disorders of nervous system in diseases classified elsewhere
G99.0,Autonomic neuropathy in endocrine and metabolic diseases
G99.1,Other disorders of autonomic nervous system in other diseases classified elsewhere
G99.2,Myelopathy in diseases classified elsewhere
G99.8,Other specified disorders of nervous system in diseases classified elsewhere
H00,Hordeolum and chalazion
H00.0,Hordeolum and other deep inflammation of eyelid
H00.1,Chalazion
H01,Other inflammation of eyelid
H01.0,Blepharitis
H01.1,Noninfectious dermatoses of eyelid
H01.8,Other specified inflammation of eyelid
H01.9,"Inflammation of eyelid, unspecified"
H02,Other disorders of eyelid
H02.0,Entropion and trichiasis of eyelid
H02.1,Ectropion of eyelid
H02.2,Lagophthalmos
H02.3,Blepharochalasis
H02.4,Ptosis of eyelid
H02.5,Other disorders affecting eyelid function
H02.6,Xanthelasma of eyelid
H02.7,Other degenerative disorders of eyelid and periocular area
H02.8,Other specified disorders of eyelid
H02.9,"Disorder of eyelid, unspecified"
H03,Disorders of eyelid in diseases classified elsewhere
H03.0,Parasitic infestation of eyelid in diseases classified elsewhere
H03.1,Involvement of eyelid in other infectious diseases classified elsewhere
H03.8,Involvement of eyelid in other diseases classified elsewhere
H04,Disorders of lacrimal system
H04.0,Dacryoadenitis
H04.1,Other disorders of lacrimal gland
H04.2,Epiphora
H04.3,Acute and unspecified inflammation of lacrimal passages
H04.4,Chronic inflammation of lacrimal passages
H04.5,Stenosis and insufficiency of lacrimal passages
H04.6,Other changes in lacrimal passages
H04.8,Other disorders of lacrimal system
H04.9,"Disorder of lacrimal system, unspecified"
H05,Disorders of orbit
H05.0,Acute inflammation of orbit
H05.1,Chronic inflammatory disorders of orbit
H05.2,Exophthalmic conditions
H05.3,Deformity of orbit
H05.4,Enophthalmos
H05.5,Retained (old) foreign body following penetrating wound of orbit
H05.8,Other disorders of orbit
H05.9,"Disorder of orbit, unspecified"
H06,Disorders of lacrimal system and orbit in diseases classified elsewhere
H06.0,Disorders of lacrimal system in diseases classified elsewhere
H06.1,Parasitic infestation of orbit in diseases classified elsewhere
H06.2,Dysthyroid exophthalmos
H06.3,Other disorders of orbit in diseases classified elsewhere
H10,Conjunctivitis
H10.0,Mucopurulent conjunctivitis
H10.1,Acute atopic conjunctivitis
H10.2,Other acute conjunctivitis
H10.3,"Acute conjunctivitis, unspecified"
H10.4,Chronic conjunctivitis
H10.5,Blepharoconjunctivitis
H10.8,Other conjunctivitis
H10.9,"Conjunctivitis, unspecified"
H11,Other disorders of conjunctiva
H11.0,Pterygium
H11.1,Conjunctival degenerations and deposits
H11.2,Conjunctival scars
H11.3,Conjunctival haemorrhage
H11.4,Other conjunctival vascular disorders and cysts
H11.8,Other specified disorders of conjunctiva
H11.9,"Disorder of conjunctiva, unspecified"
H13,Disorders of conjunctiva in diseases classified elsewhere
H13.0,Filarial infection of conjunctiva
H13.1,Conjunctivitis in infectious and parasitic diseases classified elsewhere
H13.2,Conjunctivitis in other diseases classified elsewhere
H13.3,Ocular pemphigoid
H13.8,Other disorders of conjunctiva in diseases classified elsewhere
H15,Disorders of sclera
H15.0,Scleritis
H15.1,Episcleritis
H15.8,Other disorders of sclera
H15.9,"Disorder of sclera, unspecified"
H16,Keratitis
H16.0,Corneal ulcer
H16.1,Other superficial keratitis without conjunctivitis
H16.2,Keratoconjunctivitis
H16.3,Interstitial and deep keratitis
H16.4,Corneal neovascularization
H16.8,Other keratitis
H16.9,"Keratitis, unspecified"
H17,Corneal scars and opacities
H17.0,Adherent leukoma
H17.1,Other central corneal opacity
H17.8,Other corneal scars and opacities
H17.9,"Corneal scar and opacity, unspecified"
H18,Other disorders of cornea
H18.0,Corneal pigmentations and deposits
H18.1,Bullous keratopathy
H18.2,Other corneal oedema
H18.3,Changes in corneal membranes
H18.4,Corneal degeneration
H18.5,Hereditary corneal dystrophies
H18.6,Keratoconus
H18.7,Other corneal deformities
H18.8,Other specified disorders of cornea
H18.9,"Disorder of cornea, unspecified"
H19,Disorders of sclera and cornea in diseases classified elsewhere
H19.0,Scleritis and episcleritis in diseases classified elsewhere
H19.1,Herpesviral keratitis and keratoconjunctivitis
H19.2,Keratitis and keratoconjunctivitis in other infectious and parasitic diseases classified elsewhere
H19.3,Keratitis and keratoconjunctivitis in other diseases classified elsewhere
H19.8,Other disorders of sclera and cornea in diseases classified elsewhere
H20,Iridocyclitis
H20.0,Acute and subacute iridocyclitis
H20.1,Chronic iridocyclitis
H20.2,Lens-induced iridocyclitis
H20.8,Other iridocyclitis
H20.9,"Iridocyclitis, unspecified"
H21,Other disorders of iris and ciliary body
H21.0,Hyphaema
H21.1,Other vascular disorders of iris and ciliary body
H21.2,Degeneration of iris and ciliary body
H21.3,"Cyst of iris, ciliary body and anterior chamber"
H21.4,Pupillary membranes
H21.5,Other adhesions and disruptions of iris and ciliary body
H21.8,Other specified disorders of iris and ciliary body
H21.9,"Disorder of iris and ciliary body, unspecified"
H22,Disorders of iris and ciliary body in diseases classified elsewhere
H22.0,Iridocyclitis in infectious and parasitic diseases classified elsewhere
H22.1,Iridocyclitis in other diseases classified elsewhere
H22.8,Other disorders of iris and ciliary body in diseases classified elsewhere
H25,Senile cataract
H25.0,Senile incipient cataract
H25.1,Senile nuclear cataract
H25.2,"Senile cataract, morgagnian type"
H25.8,Other senile cataract
H25.9,"Senile cataract, unspecified"
H26,Other cataract
H26.0,"Infantile, juvenile and presenile cataract"
H26.1,Traumatic cataract
H26.2,Complicated cataract
H26.3,Drug-induced cataract
H26.4,After-cataract
H26.8,Other specified cataract
H26.9,"Cataract, unspecified"
H27,Other disorders of lens
H27.0,Aphakia
H27.1,Dislocation of lens
H27.8,Other specified disorders of lens
H27.9,"Disorder of lens, unspecified"
H28,Cataract and other disorders of lens in diseases classified elsewhere
H28.0,Diabetic cataract
H28.1,"Cataract in other endocrine, nutritional and metabolic diseases"
H28.2,Cataract in other diseases classified elsewhere
H28.8,Other disorders of lens in diseases classified elsewhere
H30,Chorioretinal inflammation
H30.0,Focal chorioretinal inflammation
H30.1,Disseminated chorioretinal inflammation
H30.2,Posterior cyclitis
H30.8,Other chorioretinal inflammations
H30.9,"Chorioretinal inflammation, unspecified"
H31,Other disorders of choroid
H31.0,Chorioretinal scars
H31.1,Choroidal degeneration
H31.2,Hereditary choroidal dystrophy
H31.3,Choroidal haemorrhage and rupture
H31.4,Choroidal detachment
H31.8,Other specified disorders of choroid
H31.9,"Disorder of choroid, unspecified"
H32,Chorioretinal disorders in diseases classified elsewhere
H32.0,Chorioretinal inflammation in infectious and parasitic diseases classified elsewhere
H32.8,Other chorioretinal disorders in diseases classified elsewhere
H33,Retinal detachments and breaks
H33.0,Retinal detachment with retinal break
H33.1,Retinoschisis and retinal cysts
H33.2,Serous retinal detachment
H33.3,Retinal breaks without detachment
H33.4,Traction detachment of retina
H33.5,Other retinal detachments
H34,Retinal vascular occlusions
H34.0,Transient retinal artery occlusion
H34.1,Central retinal artery occlusion
H34.2,Other retinal artery occlusions
H34.8,Other retinal vascular occlusions
H34.9,"Retinal vascular occlusion, unspecified"
H35,Other retinal disorders
H35.0,Background retinopathy and retinal vascular changes
H35.1,Retinopathy of prematurity
H35.2,Other proliferative retinopathy
H35.3,Degeneration of macula and posterior pole
H35.4,Peripheral retinal degeneration
H35.5,Hereditary retinal dystrophy
H35.6,Retinal haemorrhage
H35.7,Separation of retinal layers
H35.8,Other specified retinal disorders
H35.9,"Retinal disorder, unspecified"
H36,Retinal disorders in diseases classified elsewhere
H36.0,Diabetic retinopathy
H36.8,Other retinal disorders in diseases classified elsewhere
H40,Glaucoma
H40.0,Glaucoma suspect
H40.1,Primary open-angle glaucoma
H40.2,Primary angle-closure glaucoma
H40.3,Glaucoma secondary to eye trauma
H40.4,Glaucoma secondary to eye inflammation
H40.5,Glaucoma secondary to other eye disorders
H40.6,Glaucoma secondary to drugs
H40.8,Other glaucoma
H40.9,"Glaucoma, unspecified"
H42,Glaucoma in diseases classified elsewhere
H42.0,"Glaucoma in endocrine, nutritional and metabolic diseases"
H42.8,Glaucoma in other diseases classified elsewhere
H43,Disorders of vitreous body
H43.0,Vitreous prolapse
H43.1,Vitreous haemorrhage
H43.2,Crystalline deposits in vitreous body
H43.3,Other vitreous opacities
H43.8,Other disorders of vitreous body
H43.9,"Disorder of vitreous body, unspecified"
H44,Disorders of globe
H44.0,Purulent endophthalmitis
H44.1,Other endophthalmitis
H44.2,Degenerative myopia
H44.3,Other degenerative disorders of globe
H44.4,Hypotony of eye
H44.5,Degenerated conditions of globe
H44.6,"Retained (old) intraocular foreign body, magnetic"
H44.7,"Retained (old) intraocular foreign body, nonmagnetic"
H44.8,Other disorders of globe
H44.9,"Disorder of globe, unspecified"
H45,Disorders of vitreous body and globe in diseases classified elsewhere
H45.0,Vitreous haemorrhage in diseases classified elsewhere
H45.1,Endophthalmitis in diseases classified elsewhere
H45.8,Other disorders of vitreous body and globe in diseases classified elsewhere
H46,Optic neuritis
H47,Other disorders of optic [2nd] nerve and visual pathways
H47.0,"Disorders of optic nerve, not elsewhere classified"
H47.1,"Papilloedema, unspecified"
H47.2,Optic atrophy
H47.3,Other disorders of optic disc
H47.4,Disorders of optic chiasm
H47.5,Disorders of other visual pathways
H47.6,Disorders of visual cortex
H47.7,"Disorder of visual pathways, unspecified"
H48,Disorders of optic [2nd] nerve and visual pathways in diseases classified elsewhere
H48.0,Optic atrophy in diseases classified elsewhere
H48.1,Retrobulbar neuritis in diseases classified elsewhere
H48.8,Other disorders of optic nerve and visual pathways in diseases classified elsewhere
H49,Paralytic strabismus
H49.0,Third [oculomotor] nerve palsy
H49.1,Fourth [trochlear] nerve palsy
H49.2,Sixth [abducent] nerve palsy
H49.3,Total (external) ophthalmoplegia
H49.4,Progressive external ophthalmoplegia
H49.8,Other paralytic strabismus
H49.9,"Paralytic strabismus, unspecified"
H50,Other strabismus
H50.0,Convergent concomitant strabismus
H50.1,Divergent concomitant strabismus
H50.2,Vertical strabismus
H50.3,Intermittent heterotropia
H50.4,Other and unspecified heterotropia
H50.5,Heterophoria
H50.6,Mechanical strabismus
H50.8,Other specified strabismus
H50.9,"Strabismus, unspecified"
H51,Other disorders of binocular movement
H51.0,Palsy of conjugate gaze
H51.1,Convergence insufficiency and excess
H51.2,Internuclear ophthalmoplegia
H51.8,Other specified disorders of binocular movement
H51.9,"Disorder of binocular movement, unspecified"
H52,Disorders of refraction and accommodation
H52.0,Hypermetropia
H52.1,Myopia
H52.2,Astigmatism
H52.3,Anisometropia and aniseikonia
H52.4,Presbyopia
H52.5,Disorders of accommodation
H52.6,Other disorders of refraction
H52.7,"Disorder of refraction, unspecified"
H53,Visual disturbances
H53.0,Amblyopia ex anopsia
H53.1,Subjective visual disturbances
H53.2,Diplopia
H53.3,Other disorders of binocular vision
H53.4,Visual field defects
H53.5,Colour vision deficiencies
H53.6,Night blindness
H53.8,Other visual disturbances
H53.9,"Visual disturbance, unspecified"
H54,Visual impairment including blindness (binocular or monocular)
H54.0,"Blindness, binocular"
H54.1,"Severe visual impairment, binocular"
H54.2,"Moderate visual impairment, binocular"
H54.3,"Mild or no visual impairment, binocular"
H54.4,"Blindness, monocular"
H54.5,"Severe visual impairment, monocular"
H54.6,"Moderate visual impairment, monocular"
H54.9,Unspecified visual impairment (binocular)
H55,Nystagmus and other irregular eye movements
H57,Other disorders of eye and adnexa
H57.0,Anomalies of pupillary function
H57.1,Ocular pain
H57.8,Other specified disorders of eye and adnexa
H57.9,"Disorder of eye and adnexa, unspecified"
H58,Other disorders of eye and adnexa in diseases classified elsewhere
H58.0,Anomalies of pupillary function in diseases classified elsewhere
H58.1,Visual disturbances in diseases classified elsewhere
H58.8,Other specified disorders of eye and adnexa in diseases classified elsewhere
H59,"Postprocedural disorders of eye and adnexa, not elsewhere classified"
H59.0,Keratopathy (bullous aphakic) following cataract surgery
H59.8,Other postprocedural disorders of eye and adnexa
H59.9,"Postprocedural disorder of eye and adnexa, unspecified"
H60,Otitis externa
H60.0,Abscess of external ear
H60.1,Cellulitis of external ear
H60.2,Malignant otitis externa
H60.3,Other infective otitis externa
H60.4,Cholesteatoma of external ear
H60.5,"Acute otitis externa, noninfective"
H60.8,Other otitis externa
H60.9,"Otitis externa, unspecified"
H61,Other disorders of external ear
H61.0,Perichondritis of external ear
H61.1,Noninfective disorders of pinna
H61.2,Impacted cerumen
H61.3,Acquired stenosis of external ear canal
H61.8,Other specified disorders of external ear
H61.9,"Disorder of external ear, unspecified"
H62,Disorders of external ear in diseases classified elsewhere
H62.0,Otitis externa in bacterial diseases classified elsewhere
H62.1,Otitis externa in viral diseases classified elsewhere
H62.2,Otitis externa in mycoses
H62.3,Otitis externa in other infectious and parasitic diseases classified elsewhere
H62.4,Otitis externa in other diseases classified elsewhere
H62.8,Other disorders of external ear in diseases classified elsewhere
H65,Nonsuppurative otitis media
H65.0,Acute serous otitis media
H65.1,Other acute nonsuppurative otitis media
H65.2,Chronic serous otitis media
H65.3,Chronic mucoid otitis media
H65.4,Other chronic nonsuppurative otitis media
H65.9,"Nonsuppurative otitis media, unspecified"
H66,Suppurative and unspecified otitis media
H66.0,Acute suppurative otitis media
H66.1,Chronic tubotympanic suppurative otitis media
H66.2,Chronic atticoantral suppurative otitis media
H66.3,Other chronic suppurative otitis media
H66.4,"Suppurative otitis media, unspecified"
H66.9,"Otitis media, unspecified"
H67,Otitis media in diseases classified elsewhere
H67.0,Otitis media in bacterial diseases classified elsewhere
H67.1,Otitis media in viral diseases classified elsewhere
H67.8,Otitis media in other diseases classified elsewhere
H68,Eustachian salpingitis and obstruction
H68.0,Eustachian salpingitis
H68.1,Obstruction of Eustachian tube
H69,Other disorders of Eustachian tube
H69.0,Patulous Eustachian tube
H69.8,Other specified disorders of Eustachian tube
H69.9,"Eustachian tube disorder, unspecified"
H70,Mastoiditis and related conditions
H70.0,Acute mastoiditis
H70.1,Chronic mastoiditis
H70.2,Petrositis
H70.8,Other mastoiditis and related conditions
H70.9,"Mastoiditis, unspecified"
H71,Cholesteatoma of middle ear
H72,Perforation of tympanic membrane
H72.0,Central perforation of tympanic membrane
H72.1,Attic perforation of tympanic membrane
H72.2,Other marginal perforations of tympanic membrane
H72.8,Other perforations of tympanic membrane
H72.9,"Perforation of tympanic membrane, unspecified"
H73,Other disorders of tympanic membrane
H73.0,Acute myringitis
H73.1,Chronic myringitis
H73.8,Other specified disorders of tympanic membrane
H73.9,"Disorder of tympanic membrane, unspecified"
H74,Other disorders of middle ear and mastoid
H74.0,Tympanosclerosis
H74.1,Adhesive middle ear disease
H74.2,Discontinuity and dislocation of ear ossicles
H74.3,Other acquired abnormalities of ear ossicles
H74.4,Polyp of middle ear
H74.8,Other specified disorders of middle ear and mastoid
H74.9,"Disorder of middle ear and mastoid, unspecified"
H75,Other disorders of middle ear and mastoid in diseases classified elsewhere
H75.0,Mastoiditis in infectious and parasitic diseases classified elsewhere
H75.8,Other specified disorders of middle ear and mastoid in diseases classified elsewhere
H80,Otosclerosis
H80.0,"Otosclerosis involving oval window, nonobliterative"
H80.1,"Otosclerosis involving oval window, obliterative"
H80.2,Cochlear otosclerosis
H80.8,Other otosclerosis
H80.9,"Otosclerosis, unspecified"
H81,Disorders of vestibular function
H81.0,Ménière disease
H81.1,Benign paroxysmal vertigo
H81.2,Vestibular neuronitis
H81.3,Other peripheral vertigo
H81.4,Vertigo of central origin
H81.8,Other disorders of vestibular function
H81.9,"Disorder of vestibular function, unspecified"
H82,Vertiginous syndromes in diseases classified elsewhere
H83,Other diseases of inner ear
H83.0,Labyrinthitis
H83.1,Labyrinthine fistula
H83.2,Labyrinthine dysfunction
H83.3,Noise effects on inner ear
H83.8,Other specified diseases of inner ear
H83.9,"Disease of inner ear, unspecified"
H90,Conductive and sensorineural hearing loss
H90.0,"Conductive hearing loss, bilateral"
H90.1,"Conductive hearing loss, unilateral with unrestricted hearing on the contralateral side"
H90.2,"Conductive hearing loss, unspecified"
H90.3,"Sensorineural hearing loss, bilateral"
H90.4,"Sensorineural hearing loss, unilateral with unrestricted hearing on the contralateral side"
H90.5,"Sensorineural hearing loss, unspecified"
H90.6,"Mixed conductive and sensorineural hearing loss, bilateral"
H90.7,"Mixed conductive and sensorineural hearing loss, unilateral with unrestricted hearing on the contralateral side"
H90.8,"Mixed conductive and sensorineural hearing loss, unspecified"
H91,Other hearing loss
H91.0,Ototoxic hearing loss
H91.1,Presbycusis
H91.2,Sudden idiopathic hearing loss
H91.3,"Deaf mutism, not elsewhere classified"
H91.8,Other specified hearing loss
H91.9,"Hearing loss, unspecified"
H92,Otalgia and effusion of ear
H92.0,Otalgia
H92.1,Otorrhoea
H92.2,Otorrhagia
H93,"Other disorders of ear, not elsewhere classified"
H93.0,Degenerative and vascular disorders of ear
H93.1,Tinnitus
H93.2,Other abnormal auditory perceptions
H93.3,Disorders of acoustic nerve
H93.8,Other specified disorders of ear
H93.9,"Disorder of ear, unspecified"
H94,Other disorders of ear in diseases classified elsewhere
H94.0,Acoustic neuritis in infectious and parasitic diseases classified elsewhere
H94.8,Other specified disorders of ear in diseases classified elsewhere
H95,"Postprocedural disorders of ear and mastoid process, not elsewhere classified"
H95.0,Recurrent cholesteatoma of postmastoidectomy cavity
H95.1,Other disorders following mastoidectomy
H95.8,Other postprocedural disorders of ear and mastoid process
H95.9,"Postprocedural disorder of ear and mastoid process, unspecified"
I00,Rheumatic fever without mention of heart involvement
I01,Rheumatic fever with heart involvement
I01.0,Acute rheumatic pericarditis
I01.1,Acute rheumatic endocarditis
I01.2,Acute rheumatic myocarditis
I01.8,Other acute rheumatic heart disease
I01.9,"Acute rheumatic heart disease, unspecified"
I02,Rheumatic chorea
I02.0,Rheumatic chorea with heart involvement
I02.9,Rheumatic chorea without heart involvement
I05,Rheumatic mitral valve diseases
I05.0,Mitral stenosis
I05.1,Rheumatic mitral insufficiency
I05.2,Mitral stenosis with insufficiency
I05.8,Other mitral valve diseases
I05.9,"Mitral valve disease, unspecified"
I06,Rheumatic aortic valve diseases
I06.0,Rheumatic aortic stenosis
I06.1,Rheumatic aortic insufficiency
I06.2,Rheumatic aortic stenosis with insufficiency
I06.8,Other rheumatic aortic valve diseases
I06.9,"Rheumatic aortic valve disease, unspecified"
I07,Rheumatic tricuspid valve diseases
I07.0,Tricuspid stenosis
I07.1,Tricuspid insufficiency
I07.2,Tricuspid stenosis with insufficiency
I07.8,Other tricuspid valve diseases
I07.9,"Tricuspid valve disease, unspecified"
I08,Multiple valve diseases
I08.0,Disorders of both mitral and aortic valves
I08.1,Disorders of both mitral and tricuspid valves
I08.2,Disorders of both aortic and tricuspid valves
I08.3,"Combined disorders of mitral, aortic and tricuspid valves"
I08.8,Other multiple valve diseases
I08.9,"Multiple valve disease, unspecified"
I09,Other rheumatic heart diseases
I09.0,Rheumatic myocarditis
I09.1,"Rheumatic diseases of endocardium, valve unspecified"
I09.2,Chronic rheumatic pericarditis
I09.8,Other specified rheumatic heart diseases
I09.9,"Rheumatic heart disease, unspecified"
I10,Essential (primary) hypertension
I11,Hypertensive heart disease
I11.0,Hypertensive heart disease with (congestive) heart failure
I11.9,Hypertensive heart disease without (congestive) heart failure
I12,Hypertensive renal disease
I12.0,Hypertensive renal disease with renal failure
I12.9,Hypertensive renal disease without renal failure
I13,Hypertensive heart and renal disease
I13.0,Hypertensive heart and renal disease with (congestive) heart failure
I13.1,Hypertensive heart and renal disease with renal failure
I13.2,Hypertensive heart and renal disease with both (congestive) heart failure and renal failure
I13.9,"Hypertensive heart and renal disease, unspecified"
I15,Secondary hypertension
I15.0,Renovascular hypertension
I15.1,Hypertension secondary to other renal disorders
I15.2,Hypertension secondary to endocrine disorders
I15.8,Other secondary hypertension
I15.9,"Secondary hypertension, unspecified"
I52,Other heart disorders in diseases classified elsewhere
I52.0,Other heart disorders in bacterial diseases classified elsewhere
I52.1,Other heart disorders in other infectious and parasitic diseases classified elsewhere
I52.8,Other heart disorders in other diseases classified elsewhere
I70,Atherosclerosis
I70.0,Atherosclerosis of aorta
I70.1,Atherosclerosis of renal artery
I70.2,Atherosclerosis of arteries of extremities
I70.8,Atherosclerosis of other arteries
I70.9,Generalized and unspecified atherosclerosis
I72,Other aneurysm and dissection
I72.0,Aneurysm and dissection of carotid artery
I72.1,Aneurysm and dissection of artery of upper extremity
I72.2,Aneurysm and dissection of renal artery
I72.3,Aneurysm and dissection of iliac artery
I72.4,Aneurysm and dissection of artery of lower extremity
I72.5,Aneurysm and dissection of other precerebral arteries
I72.6,Aneurysm and dissection of vertebral artery
I72.8,Aneurysm and dissection of other specified arteries
I72.9,Aneurysm and dissection of unspecified site
I73,Other peripheral vascular diseases
I73.0,Raynaud syndrome
I73.1,Thromboangiitis obliterans [Buerger]
I73.8,Other specified peripheral vascular diseases
I73.9,"Peripheral vascular disease, unspecified"
I74,Arterial embolism and thrombosis
I74.0,Embolism and thrombosis of abdominal aorta
I74.1,Embolism and thrombosis of other and unspecified parts of aorta
I74.2,Embolism and thrombosis of arteries of upper extremities
I74.3,Embolism and thrombosis of arteries of lower extremities
I74.4,"Embolism and thrombosis of arteries of extremities, unspecified"
I74.5,Embolism and thrombosis of iliac artery
I74.8,Embolism and thrombosis of other arteries
I74.9,Embolism and thrombosis of unspecified artery
I77,Other disorders of arteries and arterioles
I77.0,"Arteriovenous fistula, acquired"
I77.1,Stricture of artery
I77.2,Rupture of artery
I77.3,Arterial fibromuscular dysplasia
I77.4,Coeliac artery compression syndrome
I77.5,Necrosis of artery
I77.6,"Arteritis, unspecified"
I77.8,Other specified disorders of arteries and arterioles
I77.9,"Disorder of arteries and arterioles, unspecified"
I78,Diseases of capillaries
I78.0,Hereditary haemorrhagic telangiectasia
I78.1,"Naevus, non-neoplastic"
I78.8,Other diseases of capillaries
I78.9,"Disease of capillaries, unspecified"
I79,"Disorders of arteries, arterioles and capillaries in diseases classified elsewhere"
I79.0,Aneurysm of aorta in diseases classified elsewhere
I79.1,Aortitis in diseases classified elsewhere
I79.2,Peripheral angiopathy in diseases classified elsewhere
I79.8,"Other disorders of arteries, arterioles and capillaries in diseases classified elsewhere"
I80,Phlebitis and thrombophlebitis
I80.0,Phlebitis and thrombophlebitis of superficial vessels of lower extremities
I80.1,Phlebitis and thrombophlebitis of femoral vein
I80.2,Phlebitis and thrombophlebitis of other deep vessels of lower extremities
I80.3,"Phlebitis and thrombophlebitis of lower extremities, unspecified"
I80.8,Phlebitis and thrombophlebitis of other sites
I80.9,Phlebitis and thrombophlebitis of unspecified site
I81,Portal vein thrombosis
I82,Other venous embolism and thrombosis
I82.0,Budd-Chiari syndrome
I82.1,Thrombophlebitis migrans
I82.2,Embolism and thrombosis of vena cava
I82.3,Embolism and thrombosis of renal vein
I82.8,Embolism and thrombosis of other specified veins
I82.9,Embolism and thrombosis of unspecified vein
I83,Varicose veins of lower extremities
I83.0,Varicose veins of lower extremities with ulcer
I83.1,Varicose veins of lower extremities with inflammation
I83.2,Varicose veins of lower extremities with both ulcer and inflammation
I83.9,Varicose veins of lower extremities without ulcer or inflammation
I85,Oesophageal varices
I85.0,Oesophageal varices with bleeding
I85.9,Oesophageal varices without bleeding
I86,Varicose veins of other sites
I86.0,Sublingual varices
I86.1,Scrotal varices
I86.2,Pelvic varices
I86.3,Vulval varices
I86.4,Gastric varices
I86.8,Varicose veins of other specified sites
I87,Other disorders of veins
I87.0,Postthrombotic syndrome
I87.1,Compression of vein
I87.2,Venous insufficiency (chronic)(peripheral)
I87.8,Other specified disorders of veins
I87.9,"Disorder of vein, unspecified"
I88,Nonspecific lymphadenitis
I88.0,Nonspecific mesenteric lymphadenitis
I88.1,"Chronic lymphadenitis, except mesenteric"
I88.8,Other nonspecific lymphadenitis
I88.9,"Nonspecific lymphadenitis, unspecified"
I89,Other noninfective disorders of lymphatic vessels and lymph nodes
I89.0,"Lymphoedema, not elsewhere classified"
I89.1,Lymphangitis
I89.8,Other specified noninfective disorders of lymphatic vessels and lymph nodes
I89.9,"Noninfective disorder of lymphatic vessels and lymph nodes, unspecified"
I95,Hypotension
I95.0,Idiopathic hypotension
I95.1,Orthostatic hypotension
I95.2,Hypotension due to drugs
I95.8,Other hypotension
I95.9,"Hypotension, unspecified"
I97,"Postprocedural disorders of circulatory system, not elsewhere classified"
I97.0,Postcardiotomy syndrome
I97.1,Other functional disturbances following cardiac surgery
I97.2,Postmastectomy lymphoedema syndrome
I97.8,"Other postprocedural disorders of circulatory system, not elsewhere classified"
I97.9,"Postprocedural disorder of circulatory system, unspecified"
I98,Other disorders of circulatory system in diseases classified elsewhere
I98.0,Cardiovascular syphilis
I98.1,Cardiovascular disorders in other infectious and parasitic diseases classified elsewhere
I98.2,Oesophageal varices without bleeding in diseases classified elsewhere
I98.3,Oesophageal varices with bleeding in diseases classified elsewhere
I98.8,Other specified disorders of circulatory system in diseases classified elsewhere
I99,Other and unspecified disorders of circulatory system
J00,Acute nasopharyngitis [common cold]
J01,Acute sinusitis
J01.0,Acute maxillary sinusitis
J01.1,Acute frontal sinusitis
J01.2,Acute ethmoidal sinusitis
J01.3,Acute sphenoidal sinusitis
J01.4,Acute pansinusitis
J01.8,Other acute sinusitis
J01.9,"Acute sinusitis, unspecified"
J02,Acute pharyngitis
J02.0,Streptococcal pharyngitis
J02.8,Acute pharyngitis due to other specified organisms
J02.9,"Acute pharyngitis, unspecified"
J03,Acute tonsillitis
J03.0,Streptococcal tonsillitis
J03.8,Acute tonsillitis due to other specified organisms
J03.9,"Acute tonsillitis, unspecified"
J04,Acute laryngitis and tracheitis
J04.0,Acute laryngitis
J04.1,Acute tracheitis
J04.2,Acute laryngotracheitis
J05,Acute obstructive laryngitis [croup] and epiglottitis
J05.0,Acute obstructive laryngitis [croup]
J05.1,Acute epiglottitis
J06,Acute upper respiratory infections of multiple and unspecified sites
J06.0,Acute laryngopharyngitis
J06.8,Other acute upper respiratory infections of multiple sites
J06.9,"Acute upper respiratory infection, unspecified"
J09,Influenza due to identified zoonotic or pandemic influenza virus
J10,Influenza due to identified seasonal influenza virus
J10.0,"Influenza with pneumonia, seasonal influenza virus identified"
J10.1,"Influenza with other respiratory manifestations, seasonal influenza virus identified"
J10.8,"Influenza with other manifestations, seasonal influenza virus identified"
J11,"Influenza, virus not identified"
J11.0,"Influenza with pneumonia, virus not identified"
J11.1,"Influenza with other respiratory manifestations, virus not identified"
J11.8,"Influenza with other manifestations, virus not identified"
J12,"Viral pneumonia, not elsewhere classified"
J12.0,Adenoviral pneumonia
J12.1,Respiratory syncytial virus pneumonia
J12.2,Parainfluenza virus pneumonia
J12.3,Human metapneumovirus pneumonia
J12.8,Other viral pneumonia
J12.9,"Viral pneumonia, unspecified"
J13,Pneumonia due to Streptococcus pneumoniae
J14,Pneumonia due to Haemophilus influenzae
J15,"Bacterial pneumonia, not elsewhere classified"
J15.0,Pneumonia due to Klebsiella pneumoniae
J15.1,Pneumonia due to Pseudomonas
J15.2,Pneumonia due to staphylococcus
J15.3,"Pneumonia due to streptococcus, group B"
J15.4,Pneumonia due to other streptococci
J15.5,Pneumonia due to Escherichia coli
J15.6,Pneumonia due to other Gram-negative bacteria
J15.7,Pneumonia due to Mycoplasma pneumoniae
J15.8,Other bacterial pneumonia
J15.9,"Bacterial pneumonia, unspecified"
J16,"Pneumonia due to other infectious organisms, not elsewhere classified"
J16.0,Chlamydial pneumonia
J16.8,Pneumonia due to other specified infectious organisms
J17,Pneumonia in diseases classified elsewhere
J17.0,Pneumonia in bacterial diseases classified elsewhere
J17.1,Pneumonia in viral diseases classified elsewhere
J17.2,Pneumonia in mycoses
J17.3,Pneumonia in parasitic diseases
J17.8,Pneumonia in other diseases classified elsewhere
J18,"Pneumonia, organism unspecified"
J18.0,"Bronchopneumonia, unspecified"
J18.1,"Lobar pneumonia, unspecified"
J18.2,"Hypostatic pneumonia, unspecified"
J18.8,"Other pneumonia, organism unspecified"
J18.9,"Pneumonia, unspecified"
J20,Acute bronchitis
J20.0,Acute bronchitis due to Mycoplasma pneumoniae
J20.1,Acute bronchitis due to Haemophilus influenzae
J20.2,Acute bronchitis due to streptococcus
J20.3,Acute bronchitis due to coxsackievirus
J20.4,Acute bronchitis due to parainfluenza virus
J20.5,Acute bronchitis due to respiratory syncytial virus
J20.6,Acute bronchitis due to rhinovirus
J20.7,Acute bronchitis due to echovirus
J20.8,Acute bronchitis due to other specified organisms
J20.9,"Acute bronchitis, unspecified"
J21,Acute bronchiolitis
J21.0,Acute bronchiolitis due to respiratory syncytial virus
J21.1,Acute bronchiolitis due to human metapneumovirus
J21.8,Acute bronchiolitis due to other specified organisms
J21.9,"Acute bronchiolitis, unspecified"
J22,Unspecified acute lower respiratory infection
J30,Vasomotor and allergic rhinitis
J30.0,Vasomotor rhinitis
J30.1,Allergic rhinitis due to pollen
J30.2,Other seasonal allergic rhinitis
J30.3,Other allergic rhinitis
J30.4,"Allergic rhinitis, unspecified"
J31,"Chronic rhinitis, nasopharyngitis and pharyngitis"
J31.0,Chronic rhinitis
J31.1,Chronic nasopharyngitis
J31.2,Chronic pharyngitis
J32,Chronic sinusitis
J32.0,Chronic maxillary sinusitis
J32.1,Chronic frontal sinusitis
J32.2,Chronic ethmoidal sinusitis
J32.3,Chronic sphenoidal sinusitis
J32.4,Chronic pansinusitis
J32.8,Other chronic sinusitis
J32.9,"Chronic sinusitis, unspecified"
J33,Nasal polyp
J33.0,Polyp of nasal cavity
J33.1,Polypoid sinus degeneration
J33.8,Other polyp of sinus
J33.9,"Nasal polyp, unspecified"
J34,Other disorders of nose and nasal sinuses
J34.0,"Abscess, furuncle and carbuncle of nose"
J34.1,Cyst and mucocele of nose and nasal sinus
J34.2,Deviated nasal septum
J34.3,Hypertrophy of nasal turbinates
J34.8,Other specified disorders of nose and nasal sinuses
J35,Chronic diseases of tonsils and adenoids
J35.0,Chronic tonsillitis
J35.1,Hypertrophy of tonsils
J35.2,Hypertrophy of adenoids
J35.3,Hypertrophy of tonsils with hypertrophy of adenoids
J35.8,Other chronic diseases of tonsils and adenoids
J35.9,"Chronic disease of tonsils and adenoids, unspecified"
J36,Peritonsillar abscess
J37,Chronic laryngitis and laryngotracheitis
J37.0,Chronic laryngitis
J37.1,Chronic laryngotracheitis
J38,"Diseases of vocal cords and larynx, not elsewhere classified"
J38.0,Paralysis of vocal cords and larynx
J38.1,Polyp of vocal cord and larynx
J38.2,Nodules of vocal cords
J38.3,Other diseases of vocal cords
J38.4,Oedema of larynx
J38.5,Laryngeal spasm
J38.6,Stenosis of larynx
J38.7,Other diseases of larynx
J39,Other diseases of upper respiratory tract
J39.0,Retropharyngeal and parapharyngeal abscess
J39.1,Other abscess of pharynx
J39.2,Other diseases of pharynx
J39.3,"Upper respiratory tract hypersensitivity reaction, site unspecified"
J39.8,Other specified diseases of upper respiratory tract
J39.9,"Disease of upper respiratory tract, unspecified"
J40,"Bronchitis, not specified as acute or chronic"
J41,Simple and mucopurulent chronic bronchitis
J41.0,Simple chronic bronchitis
J41.1,Mucopurulent chronic bronchitis
J41.8,Mixed simple and mucopurulent chronic bronchitis
J42,Unspecified chronic bronchitis
J43,Emphysema
J43.0,MacLeod syndrome
J43.1,Panlobular emphysema
J43.2,Centrilobular emphysema
J43.8,Other emphysema
J43.9,"Emphysema, unspecified"
J44,Other chronic obstructive pulmonary disease
J44.0,Chronic obstructive pulmonary disease with acute lower respiratory infection
J44.1,"Chronic obstructive pulmonary disease with acute exacerbation, unspecified"
J44.8,Other specified chronic obstructive pulmonary disease
J44.9,"Chronic obstructive pulmonary disease, unspecified"
J47,Bronchiectasis
J60,Coalworker pneumoconiosis
J61,Pneumoconiosis due to asbestos and other mineral fibres
J62,Pneumoconiosis due to dust containing silica
J62.0,Pneumoconiosis due to talc dust
J62.8,Pneumoconiosis due to other dust containing silica
J63,Pneumoconiosis due to other inorganic dusts
J63.0,Aluminosis (of lung)
J63.1,Bauxite fibrosis (of lung)
J63.2,Berylliosis
J63.3,Graphite fibrosis (of lung)
J63.4,Siderosis
J63.5,Stannosis
J63.8,Pneumoconiosis due to other specified inorganic dusts
J64,Unspecified pneumoconiosis
J65,Pneumoconiosis associated with tuberculosis
J66,Airway disease due to specific organic dust
J66.0,Byssinosis
J66.1,Flax-dresser disease
J66.2,Cannabinosis
J66.8,Airway disease due to other specific organic dusts
J67,Hypersensitivity pneumonitis due to organic dust
J67.0,Farmer lung
J67.1,Bagassosis
J67.2,Bird fancier lung
J67.3,Suberosis
J67.4,Maltworker lung
J67.5,Mushroom-worker lung
J67.6,Maple-bark-stripper lung
J67.7,Air-conditioner and humidifier lung
J67.8,Hypersensitivity pneumonitis due to other organic dusts
J67.9,Hypersensitivity pneumonitis due to unspecified organic dust
J68,"Respiratory conditions due to inhalation of chemicals, gases, fumes and vapours"
J68.0,"Bronchitis and pneumonitis due to chemicals, gases, fumes and vapours"
J68.1,"Pulmonary oedema due to chemicals, gases, fumes and vapours"
J68.2,"Upper respiratory inflammation due to chemicals, gases, fumes and vapours, not elsewhere classified"
J68.3,"Other acute and subacute respiratory conditions due to chemicals, gases, fumes and vapours"
J68.4,"Chronic respiratory conditions due to chemicals, gases, fumes and vapours"
J68.8,"Other respiratory conditions due to chemicals, gases, fumes and vapours"
J68.9,"Unspecified respiratory condition due to chemicals, gases, fumes and vapours"
J69,Pneumonitis due to solids and liquids
J69.0,Pneumonitis due to food and vomit
J69.1,Pneumonitis due to oils and essences
J69.8,Pneumonitis due to other solids and liquids
J70,Respiratory conditions due to other external agents
J70.0,Acute pulmonary manifestations due to radiation
J70.1,Chronic and other pulmonary manifestations due to radiation
J70.2,Acute drug-induced interstitial lung disorders
J70.3,Chronic drug-induced interstitial lung disorders
J70.4,"Drug-induced interstitial lung disorders, unspecified"
J70.8,Respiratory conditions due to other specified external agents
J70.9,Respiratory conditions due to unspecified external agent
J80,Adult respiratory distress syndrome
J81,Pulmonary oedema
J82,"Pulmonary eosinophilia, not elsewhere classified"
J84,Other interstitial pulmonary diseases
J84.0,Alveolar and parietoalveolar conditions
J84.1,Other interstitial pulmonary diseases with fibrosis
J84.8,Other specified interstitial pulmonary diseases
J84.9,"Interstitial pulmonary disease, unspecified"
J85,Abscess of lung and mediastinum
J85.0,Gangrene and necrosis of lung
J85.1,Abscess of lung with pneumonia
J85.2,Abscess of lung without pneumonia
J85.3,Abscess of mediastinum
J86,Pyothorax
J86.0,Pyothorax with fistula
J86.9,Pyothorax without fistula
J90,"Pleural effusion, not elsewhere classified"
J91,Pleural effusion in conditions classified elsewhere
J92,Pleural plaque
J92.0,Pleural plaque with presence of asbestos
J92.9,Pleural plaque without asbestos
J93,Pneumothorax
J93.0,Spontaneous tension pneumothorax
J93.1,Other spontaneous pneumothorax
J93.8,Other pneumothorax
J93.9,"Pneumothorax, unspecified"
J94,Other pleural conditions
J94.0,Chylous effusion
J94.1,Fibrothorax
J94.2,Haemothorax
J94.8,Other specified pleural conditions
J94.9,"Pleural condition, unspecified"
J95,"Postprocedural respiratory disorders, not elsewhere classified"
J95.0,Tracheostomy malfunction
J95.1,Acute pulmonary insufficiency following thoracic surgery
J95.2,Acute pulmonary insufficiency following nonthoracic surgery
J95.3,Chronic pulmonary insufficiency following surgery
J95.4,Mendelson syndrome
J95.5,Postprocedural subglottic stenosis
J95.8,Other postprocedural respiratory disorders
J95.9,"Postprocedural respiratory disorder, unspecified"
J96,"Respiratory failure, not elsewhere classified"
J96.0,Acute respiratory failure
J96.1,Chronic respiratory failure
J96.9,"Respiratory failure, unspecified"
J98,Other respiratory disorders
J98.0,"Diseases of bronchus, not elsewhere classified"
J98.1,Pulmonary collapse
J98.2,Interstitial emphysema
J98.3,Compensatory emphysema
J98.4,Other disorders of lung
J98.5,"Diseases of mediastinum, not elsewhere classified"
J98.6,Disorders of diaphragm
J98.7,"Respiratory infections, not elsewhere classified"
J98.8,Other specified respiratory disorders
J98.9,"Respiratory disorder, unspecified"
J99,Respiratory disorders in diseases classified elsewhere
J99.0,Rheumatoid lung disease
J99.1,Respiratory disorders in other diffuse connective tissue disorders
J99.8,Respiratory disorders in other diseases classified elsewhere
K00,Disorders of tooth development and eruption
K00.0,Anodontia
K00.1,Supernumerary teeth
K00.2,Abnormalities of size and form of teeth
K00.3,Mottled teeth
K00.4,Disturbances in tooth formation
K00.5,"Hereditary disturbances in tooth structure, not elsewhere classified"
K00.6,Disturbances in tooth eruption
K00.7,Teething syndrome
K00.8,Other disorders of tooth development
K00.9,"Disorder of tooth development, unspecified"
K01,Embedded and impacted teeth
K01.0,Embedded teeth
K01.1,Impacted teeth
K02,Dental caries
K02.0,Caries limited to enamel
K02.1,Caries of dentine
K02.2,Caries of cementum
K02.3,Arrested dental caries
K02.4,Odontoclasia
K02.5,Caries with pulp exposure
K02.8,Other dental caries
K02.9,"Dental caries, unspecified"
K03,Other diseases of hard tissues of teeth
K03.0,Excessive attrition of teeth
K03.1,Abrasion of teeth
K03.2,Erosion of teeth
K03.3,Pathological resorption of teeth
K03.4,Hypercementosis
K03.5,Ankylosis of teeth
K03.6,Deposits [accretions] on teeth
K03.7,Posteruptive colour changes of dental hard tissues
K03.8,Other specified diseases of hard tissues of teeth
K03.9,"Disease of hard tissues of teeth, unspecified"
K04,Diseases of pulp and periapical tissues
K04.0,Pulpitis
K04.1,Necrosis of pulp
K04.2,Pulp degeneration
K04.3,Abnormal hard tissue formation in pulp
K04.4,Acute apical periodontitis of pulpal origin
K04.5,Chronic apical periodontitis
K04.6,Periapical abscess with sinus
K04.7,Periapical abscess without sinus
K04.8,Radicular cyst
K04.9,Other and unspecified diseases of pulp and periapical tissues
K05,Gingivitis and periodontal diseases
K05.0,Acute gingivitis
K05.1,Chronic gingivitis
K05.2,Acute periodontitis
K05.3,Chronic periodontitis
K05.4,Periodontosis
K05.5,Other periodontal diseases
K05.6,"Periodontal disease, unspecified"
K06,Other disorders of gingiva and edentulous alveolar ridge
K06.0,Gingival recession
K06.1,Gingival enlargement
K06.2,Gingival and edentulous alveolar ridge lesions associated with trauma
K06.8,Other specified disorders of gingiva and edentulous alveolar ridge
K06.9,"Disorder of gingiva and edentulous alveolar ridge, unspecified"
K07,Dentofacial anomalies [including malocclusion]
K07.0,Major anomalies of jaw size
K07.1,Anomalies of jaw-cranial base relationship
K07.2,Anomalies of dental arch relationship
K07.3,Anomalies of tooth position
K07.4,"Malocclusion, unspecified"
K07.5,Dentofacial functional abnormalities
K07.6,Temporomandibular joint disorders
K07.8,Other dentofacial anomalies
K07.9,"Dentofacial anomaly, unspecified"
K08,Other disorders of teeth and supporting structures
K08.0,Exfoliation of teeth due to systemic causes
K08.1,"Loss of teeth due to accident, extraction or local periodontal disease"
K08.2,Atrophy of edentulous alveolar ridge
K08.3,Retained dental root
K08.8,Other specified disorders of teeth and supporting structures
K08.9,"Disorder of teeth and supporting structures, unspecified"
K09,"Cysts of oral region, not elsewhere classified"
K09.0,Developmental odontogenic cysts
K09.1,Developmental (nonodontogenic) cysts of oral region
K09.2,Other cysts of jaw
K09.8,"Other cysts of oral region, not elsewhere classified"
K09.9,"Cyst of oral region, unspecified"
K10,Other diseases of jaws
K10.0,Developmental disorders of jaws
K10.1,"Giant cell granuloma, central"
K10.2,Inflammatory conditions of jaws
K10.3,Alveolitis of jaws
K10.8,Other specified diseases of jaws
K10.9,"Disease of jaws, unspecified"
K11,Diseases of salivary glands
K11.0,Atrophy of salivary gland
K11.1,Hypertrophy of salivary gland
K11.2,Sialoadenitis
K11.3,Abscess of salivary gland
K11.4,Fistula of salivary gland
K11.5,Sialolithiasis
K11.6,Mucocele of salivary gland
K11.7,Disturbances of salivary secretion
K11.8,Other diseases of salivary glands
K11.9,"Disease of salivary gland, unspecified"
K12,Stomatitis and related lesions
K12.0,Recurrent oral aphthae
K12.1,Other forms of stomatitis
K12.2,Cellulitis and abscess of mouth
K12.3,Oral mucositis (ulcerative)
K13,Other diseases of lip and oral mucosa
K13.0,Diseases of lips
K13.1,Cheek and lip biting
K13.2,"Leukoplakia and other disturbances of oral epithelium, including tongue"
K13.3,Hairy leukoplakia
K13.4,Granuloma and granuloma-like lesions of oral mucosa
K13.5,Oral submucous fibrosis
K13.6,Irritative hyperplasia of oral mucosa
K13.7,Other and unspecified lesions of oral mucosa
K14,Diseases of tongue
K14.0,Glossitis
K14.1,Geographic tongue
K14.2,Median rhomboid glossitis
K14.3,Hypertrophy of tongue papillae
K14.4,Atrophy of tongue papillae
K14.5,Plicated tongue
K14.6,Glossodynia
K14.8,Other diseases of tongue
K14.9,"Disease of tongue, unspecified"
K20,Oesophagitis
K21,Gastro-oesophageal reflux disease
K21.0,Gastro-oesophageal reflux disease with oesophagitis
K21.9,Gastro-oesophageal reflux disease without oesophagitis
K22,Other diseases of oesophagus
K22.0,Achalasia of cardia
K22.1,Ulcer of oesophagus
K22.2,Oesophageal obstruction
K22.3,Perforation of oesophagus
K22.4,Dyskinesia of oesophagus
K22.5,"Diverticulum of oesophagus, acquired"
K22.6,Gastro-oesophageal laceration-haemorrhage syndrome
K22.7,Barrett oesophagus
K22.8,Other specified diseases of oesophagus
K22.9,"Disease of oesophagus, unspecified"
K23,Disorders of oesophagus in diseases classified elsewhere
K23.0,Tuberculous oesophagitis
K23.1,Megaoesophagus in Chagas disease
K23.8,Disorders of oesophagus in other diseases classified elsewhere
K25,Gastric ulcer
K25.0,Gastric ulcer: Acute with haemorrhage
K25.1,Gastric ulcer: Acute with perforation
K25.2,Gastric ulcer: Acute with both haemorrhage and perforation
K25.3,Gastric ulcer: Acute without haemorrhage or perforation
K25.4,Gastric ulcer: Chronic or unspecified with haemorrhage
K25.5,Gastric ulcer: Chronic or unspecified with perforation
K25.6,Gastric ulcer: Chronic or unspecified with both haemorrhage and perforation
K25.7,Gastric ulcer: Chronic without haemorrhage or perforation
K25.9,"Gastric ulcer: Unspecified as acute or chronic, without haemorrhage or perforation"
K26,Duodenal ulcer
K26.0,Duodenal ulcer: Acute with haemorrhage
K26.1,Duodenal ulcer: Acute with perforation
K26.2,Duodenal ulcer: Acute with both haemorrhage and perforation
K26.3,Duodenal ulcer: Acute without haemorrhage or perforation
K26.4,Duodenal ulcer: Chronic or unspecified with haemorrhage
K26.5,Duodenal ulcer: Chronic or unspecified with perforation
K26.6,Duodenal ulcer: Chronic or unspecified with both haemorrhage and perforation
K26.7,Duodenal ulcer: Chronic without haemorrhage or perforation
K26.9,"Duodenal ulcer: Unspecified as acute or chronic, without haemorrhage or perforation"
K27,"Peptic ulcer, site unspecified"
K27.0,"Peptic ulcer, site unspecified: Acute with haemorrhage"
K27.1,"Peptic ulcer, site unspecified: Acute with perforation"
K27.2,"Peptic ulcer, site unspecified: Acute with both haemorrhage and perforation"
K27.3,"Peptic ulcer, site unspecified: Acute without haemorrhage or perforation"
K27.4,"Peptic ulcer, site unspecified: Chronic or unspecified with haemorrhage"
K27.5,"Peptic ulcer, site unspecified: Chronic or unspecified with perforation"
K27.6,"Peptic ulcer, site unspecified: Chronic or unspecified with both haemorrhage and perforation"
K27.7,"Peptic ulcer, site unspecified: Chronic without haemorrhage or perforation"
K27.9,"Peptic ulcer, site unspecified: Unspecified as acute or chronic, without haemorrhage or perforation"
K28,Gastrojejunal ulcer
K28.0,Gastrojejunal ulcer: Acute with haemorrhage
K28.1,Gastrojejunal ulcer: Acute with perforation
K28.2,Gastrojejunal ulcer: Acute with both haemorrhage and perforation
K28.3,Gastrojejunal ulcer: Acute without haemorrhage or perforation
K28.4,Gastrojejunal ulcer: Chronic or unspecified with haemorrhage
K28.5,Gastrojejunal ulcer: Chronic or unspecified with perforation
K28.6,Gastrojejunal ulcer: Chronic or unspecified with both haemorrhage and perforation
K28.7,Gastrojejunal ulcer: Chronic without haemorrhage or perforation
K28.9,"Gastrojejunal ulcer: Unspecified as acute or chronic, without haemorrhage or perforation"
K29,Gastritis and duodenitis
K29.0,Acute haemorrhagic gastritis
K29.1,Other acute gastritis
K29.2,Alcoholic gastritis
K29.3,Chronic superficial gastritis
K29.4,Chronic atrophic gastritis
K29.5,"Chronic gastritis, unspecified"
K29.6,Other gastritis
K29.7,"Gastritis, unspecified"
K29.8,Duodenitis
K29.9,"Gastroduodenitis, unspecified"
K30,Functional dyspepsia
K31,Other diseases of stomach and duodenum
K31.0,Acute dilatation of stomach
K31.1,Adult hypertrophic pyloric stenosis
K31.2,Hourglass stricture and stenosis of stomach
K31.3,"Pylorospasm, not elsewhere classified"
K31.4,Gastric diverticulum
K31.5,Obstruction of duodenum
K31.6,Fistula of stomach and duodenum
K31.7,Polyp of stomach and duodenum
K31.8,Other specified diseases of stomach and duodenum
K31.9,"Disease of stomach and duodenum, unspecified"
K35,Acute appendicitis
K35.2,Acute appendicitis with generalized peritonitis
K35.3,Acute appendicitis with localized peritonitis
K35.8,"Acute appendicitis, other and unspecified"
K36,Other appendicitis
K37,Unspecified appendicitis
K38,Other diseases of appendix
K38.0,Hyperplasia of appendix
K38.1,Appendicular concretions
K38.2,Diverticulum of appendix
K38.3,Fistula of appendix
K38.8,Other specified diseases of appendix
K38.9,"Disease of appendix, unspecified"
K40,Inguinal hernia
K40.0,"Bilateral inguinal hernia, with obstruction, without gangrene"
K40.1,"Bilateral inguinal hernia, with gangrene"
K40.2,"Bilateral inguinal hernia, without obstruction or gangrene"
K40.3,"Unilateral or unspecified inguinal hernia, with obstruction, without gangrene"
K40.4,"Unilateral or unspecified inguinal hernia, with gangrene"
K40.9,"Unilateral or unspecified inguinal hernia, without obstruction or gangrene"
K41,Femoral hernia
K41.0,"Bilateral femoral hernia, with obstruction, without gangrene"
K41.1,"Bilateral femoral hernia, with gangrene"
K41.2,"Bilateral femoral hernia, without obstruction or gangrene"
K41.3,"Unilateral or unspecified femoral hernia, with obstruction, without gangrene"
K41.4,"Unilateral or unspecified femoral hernia, with gangrene"
K41.9,"Unilateral or unspecified femoral hernia, without obstruction or gangrene"
K42,Umbilical hernia
K42.0,"Umbilical hernia with obstruction, without gangrene"
K42.1,Umbilical hernia with gangrene
K42.9,Umbilical hernia without obstruction or gangrene
K43,Ventral hernia
K43.0,"Incisional hernia with obstruction, without gangrene"
K43.1,Incisional hernia with gangrene
K43.2,Incisional hernia without obstruction or gangrene
K43.3,"Parastomal hernia with obstruction, without gangrene"
K43.4,Parastomal hernia with gangrene
K43.5,Parastomal hernia without obstruction or gangrene
K43.6,Other and unspecified ventral hernia with obstruction without gangrene
K43.7,Other and unspecified ventral hernia with gangrene
K43.9,Other and unspecified ventral hernia without obstruction or gangrene
K44,Diaphragmatic hernia
K44.0,"Diaphragmatic hernia with obstruction, without gangrene"
K44.1,Diaphragmatic hernia with gangrene
K44.9,Diaphragmatic hernia without obstruction or gangrene
K45,Other abdominal hernia
K45.0,"Other specified abdominal hernia with obstruction, without gangrene"
K45.1,Other specified abdominal hernia with gangrene
K45.8,Other specified abdominal hernia without obstruction or gangrene
K46,Unspecified abdominal hernia
K46.0,"Unspecified abdominal hernia with obstruction, without gangrene"
K46.1,Unspecified abdominal hernia with gangrene
K46.9,Unspecified abdominal hernia without obstruction or gangrene
K50,Crohn disease [regional enteritis]
K50.0,Crohn disease of small intestine
K50.1,Crohn disease of large intestine
K50.8,Other Crohn disease
K50.9,"Crohn disease, unspecified"
K51,Ulcerative colitis
K51.0,Ulcerative (chronic) pancolitis
K51.2,Ulcerative (chronic) proctitis
K51.3,Ulcerative (chronic) rectosigmoiditis
K51.4,Inflammatory polyps
K51.5,Left sided colitis
K51.8,Other ulcerative colitis
K51.9,"Ulcerative colitis, unspecified"
K52,Other noninfective gastroenteritis and colitis
K52.0,Gastroenteritis and colitis due to radiation
K52.1,Toxic gastroenteritis and colitis
K52.2,Allergic and dietetic gastroenteritis and colitis
K52.3,Indeterminate colitis
K52.8,Other specified noninfective gastroenteritis and colitis
K52.9,"Noninfective gastroenteritis and colitis, unspecified"
K55,Vascular disorders of intestine
K55.0,Acute vascular disorders of intestine
K55.1,Chronic vascular disorders of intestine
K55.2,Angiodysplasia of colon
K55.3,Angiodysplasia of small intestine
K55.8,Other vascular disorders of intestine
K55.9,"Vascular disorder of intestine, unspecified"
K56,Paralytic ileus and intestinal obstruction without hernia
K56.0,Paralytic ileus
K56.1,Intussusception
K56.2,Volvulus
K56.3,Gallstone ileus
K56.4,Other impaction of intestine
K56.5,Intestinal adhesions [bands] with obstruction
K56.6,Other and unspecified intestinal obstruction
K56.7,"Ileus, unspecified"
K57,Diverticular disease of intestine
K57.0,Diverticular disease of small intestine with perforation and abscess
K57.1,Diverticular disease of small intestine without perforation or abscess
K57.2,Diverticular disease of large intestine with perforation and abscess
K57.3,Diverticular disease of large intestine without perforation or abscess
K57.4,Diverticular disease of both small and large intestine with perforation and abscess
K57.5,Diverticular disease of both small and large intestine without perforation or abscess
K57.8,"Diverticular disease of intestine, part unspecified, with perforation and abscess"
K57.9,"Diverticular disease of intestine, part unspecified, without perforation or abscess"
K58,Irritable bowel syndrome
K58.1,Irritable bowel syndrome with predominant diarrhoea [IBS-D]
K58.2,Irritable bowel syndrome with predominant constipation [IBS-C]
K58.3,Irritable bowel syndrome with mixed bowel habits [IBS-M]
K58.8,Other and unspecified irritable bowel syndrome
K59,Other functional intestinal disorders
K59.0,Constipation
K59.1,Functional diarrhoea
K59.2,"Neurogenic bowel, not elsewhere classified"
K59.3,"Megacolon, not elsewhere classified"
K59.4,Anal spasm
K59.8,Other specified functional intestinal disorders
K59.9,"Functional intestinal disorder, unspecified"
K60,Fissure and fistula of anal and rectal regions
K60.0,Acute anal fissure
K60.1,Chronic anal fissure
K60.2,"Anal fissure, unspecified"
K60.3,Anal fistula
K60.4,Rectal fistula
K60.5,Anorectal fistula
K61,Abscess of anal and rectal regions
K61.0,Anal abscess
K61.1,Rectal abscess
K61.2,Anorectal abscess
K61.3,Ischiorectal abscess
K61.4,Intrasphincteric abscess
K62,Other diseases of anus and rectum
K62.0,Anal polyp
K62.1,Rectal polyp
K62.2,Anal prolapse
K62.3,Rectal prolapse
K62.4,Stenosis of anus and rectum
K62.5,Haemorrhage of anus and rectum
K62.6,Ulcer of anus and rectum
K62.7,Radiation proctitis
K62.8,Other specified diseases of anus and rectum
K62.9,"Disease of anus and rectum, unspecified"
K63,Other diseases of intestine
K63.0,Abscess of intestine
K63.1,Perforation of intestine (nontraumatic)
K63.2,Fistula of intestine
K63.3,Ulcer of intestine
K63.4,Enteroptosis
K63.5,Polyp of colon
K63.8,Other specified diseases of intestine
K63.9,"Disease of intestine, unspecified"
K64,Haemorrhoids and perianal venous thrombosis
K64.0,First degree haemorrhoids
K64.1,Second degree haemorrhoids
K64.2,Third degree haemorrhoids
K64.3,Fourth degree haemorrhoids
K64.4,Residual haemorrhoidal skin tags
K64.5,Perianal venous thrombosis
K64.8,Other specified haemorrhoids
K64.9,"Haemorrhoids, unspecified"
K65,Peritonitis
K65.0,Acute peritonitis
K65.8,Other peritonitis
K65.9,"Peritonitis, unspecified"
K66,Other disorders of peritoneum
K66.0,Peritoneal adhesions
K66.1,Haemoperitoneum
K66.2,Retroperitoneal fibrosis
K66.8,Other specified disorders of peritoneum
K66.9,"Disorder of peritoneum, unspecified"
K67,Disorders of peritoneum in infectious diseases classified elsewhere
K67.0,Chlamydial peritonitis
K67.1,Gonococcal peritonitis
K67.2,Syphilitic peritonitis
K67.3,Tuberculous peritonitis
K67.8,Other disorders of peritoneum in infectious diseases classified elsewhere
K70,Alcoholic liver disease
K70.0,Alcoholic fatty liver
K70.1,Alcoholic hepatitis
K70.2,Alcoholic fibrosis and sclerosis of liver
K70.3,Alcoholic cirrhosis of liver
K70.4,Alcoholic hepatic failure
K70.9,"Alcoholic liver disease, unspecified"
K71,Toxic liver disease
K71.0,Toxic liver disease with cholestasis
K71.1,Toxic liver disease with hepatic necrosis
K71.2,Toxic liver disease with acute hepatitis
K71.3,Toxic liver disease with chronic persistent hepatitis
K71.4,Toxic liver disease with chronic lobular hepatitis
K71.5,Toxic liver disease with chronic active hepatitis
K71.6,"Toxic liver disease with hepatitis, not elsewhere classified"
K71.7,Toxic liver disease with fibrosis and cirrhosis of liver
K71.8,Toxic liver disease with other disorders of liver
K71.9,"Toxic liver disease, unspecified"
K72,"Hepatic failure, not elsewhere classified"
K72.0,Acute and subacute hepatic failure
K72.1,Chronic hepatic failure
K72.9,"Hepatic failure, unspecified"
K73,"Chronic hepatitis, not elsewhere classified"
K73.0,"Chronic persistent hepatitis, not elsewhere classified"
K73.1,"Chronic lobular hepatitis, not elsewhere classified"
K73.2,"Chronic active hepatitis, not elsewhere classified"
K73.8,"Other chronic hepatitis, not elsewhere classified"
K73.9,"Chronic hepatitis, unspecified"
K74,Fibrosis and cirrhosis of liver
K74.0,Hepatic fibrosis
K74.1,Hepatic sclerosis
K74.2,Hepatic fibrosis with hepatic sclerosis
K74.3,Primary biliary cirrhosis
K74.4,Secondary biliary cirrhosis
K74.5,"Biliary cirrhosis, unspecified"
K74.6,Other and unspecified cirrhosis of liver
K75,Other inflammatory liver diseases
K75.0,Abscess of liver
K75.1,Phlebitis of portal vein
K75.2,Nonspecific reactive hepatitis
K75.3,"Granulomatous hepatitis, not elsewhere classified"
K75.4,Autoimmune hepatitis
K75.8,Other specified inflammatory liver diseases
K75.9,"Inflammatory liver disease, unspecified"
K76,Other diseases of liver
K76.0,"Fatty (change of) liver, not elsewhere classified"
K76.1,Chronic passive congestion of liver
K76.2,Central haemorrhagic necrosis of liver
K76.3,Infarction of liver
K76.4,Peliosis hepatis
K76.5,Hepatic veno-occlusive disease
K76.6,Portal hypertension
K76.7,Hepatorenal syndrome
K76.8,Other specified diseases of liver
K76.9,"Liver disease, unspecified"
K77,Liver disorders in diseases classified elsewhere
K77.0,Liver disorders in infectious and parasitic diseases classified elsewhere
K77.8,Liver disorders in other diseases classified elsewhere
K80,Cholelithiasis
K80.0,Calculus of gallbladder with acute cholecystitis
K80.1,Calculus of gallbladder with other cholecystitis
K80.2,Calculus of gallbladder without cholecystitis
K80.3,Calculus of bile duct with cholangitis
K80.4,Calculus of bile duct with cholecystitis
K80.5,Calculus of bile duct without cholangitis or cholecystitis
K80.8,Other cholelithiasis
K81,Cholecystitis
K81.0,Acute cholecystitis
K81.1,Chronic cholecystitis
K81.8,Other cholecystitis
K81.9,"Cholecystitis, unspecified"
K82,Other diseases of gallbladder
K82.0,Obstruction of gallbladder
K82.1,Hydrops of gallbladder
K82.2,Perforation of gallbladder
K82.3,Fistula of gallbladder
K82.4,Cholesterolosis of gallbladder
K82.8,Other specified diseases of gallbladder
K82.9,"Disease of gallbladder, unspecified"
K83,Other diseases of biliary tract
K83.0,Cholangitis
K83.1,Obstruction of bile duct
K83.2,Perforation of bile duct
K83.3,Fistula of bile duct
K83.4,Spasm of sphincter of Oddi
K83.5,Biliary cyst
K83.8,Other specified diseases of biliary tract
K83.9,"Disease of biliary tract, unspecified"
K85,Acute pancreatitis
K85.0,Idiopathic acute pancreatitis
K85.1,Biliary acute pancreatitis
K85.2,Alcohol-induced acute pancreatitis
K85.3,Drug-induced acute pancreatitis
K85.8,Other acute pancreatitis
K85.9,"Acute pancreatitis, unspecified"
K86,Other diseases of pancreas
K86.0,Alcohol-induced chronic pancreatitis
K86.1,Other chronic pancreatitis
K86.2,Cyst of pancreas
K86.3,Pseudocyst of pancreas
K86.8,Other specified diseases of pancreas
K86.9,"Disease of pancreas, unspecified"
K87,"Disorders of gallbladder, biliary tract and pancreas in diseases classified elsewhere"
K87.0,Disorders of gallbladder and biliary tract in diseases classified elsewhere
K87.1,Disorders of pancreas in diseases classified elsewhere
K90,Intestinal malabsorption
K90.0,Coeliac disease
K90.1,Tropical sprue
K90.2,"Blind loop syndrome, not elsewhere classified"
K90.3,Pancreatic steatorrhoea
K90.4,"Malabsorption due to intolerance, not elsewhere classified"
K90.8,Other intestinal malabsorption
K90.9,"Intestinal malabsorption, unspecified"
K91,"Postprocedural disorders of digestive system, not elsewhere classified"
K91.0,Vomiting following gastrointestinal surgery
K91.1,Postgastric surgery syndromes
K91.2,"Postsurgical malabsorption, not elsewhere classified"
K91.3,Postoperative intestinal obstruction
K91.4,Colostomy and enterostomy malfunction
K91.5,Postcholecystectomy syndrome
K91.8,"Other postprocedural disorders of digestive system, not elsewhere classified"
K91.9,"Postprocedural disorder of digestive system, unspecified"
K92,Other diseases of digestive system
K92.0,Haematemesis
K92.1,Melaena
K92.2,"Gastrointestinal haemorrhage, unspecified"
K92.8,Other specified diseases of digestive system
K92.9,"Disease of digestive system, unspecified"
K93,Disorders of other digestive organs in diseases classified elsewhere
K93.0,"Tuberculous disorders of intestines, peritoneum and mesenteric glands"
K93.1,Megacolon in Chagas disease
K93.8,Disorders of other specified digestive organs in diseases classified elsewhere
L00,Staphylococcal scalded skin syndrome
L01,Impetigo
L01.0,Impetigo [any organism] [any site]
L01.1,Impetiginization of other dermatoses
L02,"Cutaneous abscess, furuncle and carbuncle"
L02.0,"Cutaneous abscess, furuncle and carbuncle of face"
L02.1,"Cutaneous abscess, furuncle and carbuncle of neck"
L02.2,"Cutaneous abscess, furuncle and carbuncle of trunk"
L02.3,"Cutaneous abscess, furuncle and carbuncle of buttock"
L02.4,"Cutaneous abscess, furuncle and carbuncle of limb"
L02.8,"Cutaneous abscess, furuncle and carbuncle of other sites"
L02.9,"Cutaneous abscess, furuncle and carbuncle, unspecified"
L03,Cellulitis
L03.0,Cellulitis of finger and toe
L03.1,Cellulitis of other parts of limb
L03.2,Cellulitis of face
L03.3,Cellulitis of trunk
L03.8,Cellulitis of other sites
L03.9,"Cellulitis, unspecified"
L04,Acute lymphadenitis
L04.0,"Acute lymphadenitis of face, head and neck"
L04.1,Acute lymphadenitis of trunk
L04.2,Acute lymphadenitis of upper limb
L04.3,Acute lymphadenitis of lower limb
L04.8,Acute lymphadenitis of other sites
L04.9,"Acute lymphadenitis, unspecified"
L05,Pilonidal cyst
L05.0,Pilonidal cyst with abscess
L05.9,Pilonidal cyst without abscess
L08,Other local infections of skin and subcutaneous tissue
L08.0,Pyoderma
L08.1,Erythrasma
L08.8,Other specified local infections of skin and subcutaneous tissue
L08.9,"Local infection of skin and subcutaneous tissue, unspecified"
L10,Pemphigus
L10.0,Pemphigus vulgaris
L10.1,Pemphigus vegetans
L10.2,Pemphigus foliaceus
L10.3,Brazilian pemphigus [fogo selvagem]
L10.4,Pemphigus erythematosus
L10.5,Drug-induced pemphigus
L10.8,Other pemphigus
L10.9,"Pemphigus, unspecified"
L11,Other acantholytic disorders
L11.0,Acquired keratosis follicularis
L11.1,Transient acantholytic dermatosis [Grover]
L11.8,Other specified acantholytic disorders
L11.9,"Acantholytic disorder, unspecified"
L12,Pemphigoid
L12.0,Bullous pemphigoid
L12.1,Cicatricial pemphigoid
L12.2,Chronic bullous disease of childhood
L12.3,Acquired epidermolysis bullosa
L12.8,Other pemphigoid
L12.9,"Pemphigoid, unspecified"
L13,Other bullous disorders
L13.0,Dermatitis herpetiformis
L13.1,Subcorneal pustular dermatitis
L13.8,Other specified bullous disorders
L13.9,"Bullous disorder, unspecified"
L14,Bullous disorders in diseases classified elsewhere
L20,Atopic dermatitis
L20.0,Besnier prurigo
L20.8,Other atopic dermatitis
L20.9,"Atopic dermatitis, unspecified"
L21,Seborrhoeic dermatitis
L21.0,Seborrhoea capitis
L21.1,Seborrhoeic infantile dermatitis
L21.8,Other seborrhoeic dermatitis
L21.9,"Seborrhoeic dermatitis, unspecified"
L22,Diaper [napkin] dermatitis
L23,Allergic contact dermatitis
L23.0,Allergic contact dermatitis due to metals
L23.1,Allergic contact dermatitis due to adhesives
L23.2,Allergic contact dermatitis due to cosmetics
L23.3,Allergic contact dermatitis due to drugs in contact with skin
L23.4,Allergic contact dermatitis due to dyes
L23.5,Allergic contact dermatitis due to other chemical products
L23.6,Allergic contact dermatitis due to food in contact with skin
L23.7,"Allergic contact dermatitis due to plants, except food"
L23.8,Allergic contact dermatitis due to other agents
L23.9,"Allergic contact dermatitis, unspecified cause"
L24,Irritant contact dermatitis
L24.0,Irritant contact dermatitis due to detergents
L24.1,Irritant contact dermatitis due to oils and greases
L24.2,Irritant contact dermatitis due to solvents
L24.3,Irritant contact dermatitis due to cosmetics
L24.4,Irritant contact dermatitis due to drugs in contact with skin
L24.5,Irritant contact dermatitis due to other chemical products
L24.6,Irritant contact dermatitis due to food in contact with skin
L24.7,"Irritant contact dermatitis due to plants, except food"
L24.8,Irritant contact dermatitis due to other agents
L24.9,"Irritant contact dermatitis, unspecified cause"
L25,Unspecified contact dermatitis
L25.0,Unspecified contact dermatitis due to cosmetics
L25.1,Unspecified contact dermatitis due to drugs in contact with skin
L25.2,Unspecified contact dermatitis due to dyes
L25.3,Unspecified contact dermatitis due to other chemical products
L25.4,Unspecified contact dermatitis due to food in contact with skin
L25.5,"Unspecified contact dermatitis due to plants, except food"
L25.8,Unspecified contact dermatitis due to other agents
L25.9,"Unspecified contact dermatitis, unspecified cause"
L26,Exfoliative dermatitis
L27,Dermatitis due to substances taken internally
L27.0,Generalized skin eruption due to drugs and medicaments
L27.1,Localized skin eruption due to drugs and medicaments
L27.2,Dermatitis due to ingested food
L27.8,Dermatitis due to other substances taken internally
L27.9,Dermatitis due to unspecified substance taken internally
L28,Lichen simplex chronicus and prurigo
L28.0,Lichen simplex chronicus
L28.1,Prurigo nodularis
L28.2,Other prurigo
L29,Pruritus
L29.0,Pruritus ani
L29.1,Pruritus scroti
L29.2,Pruritus vulvae
L29.3,"Anogenital pruritus, unspecified"
L29.8,Other pruritus
L29.9,"Pruritus, unspecified"
L30,Other dermatitis
L30.0,Nummular dermatitis
L30.1,Dyshidrosis [pompholyx]
L30.2,Cutaneous autosensitization
L30.3,Infective dermatitis
L30.4,Erythema intertrigo
L30.5,Pityriasis alba
L30.8,Other specified dermatitis
L30.9,"Dermatitis, unspecified"
L40,Psoriasis
L40.0,Psoriasis vulgaris
L40.1,Generalized pustular psoriasis
L40.2,Acrodermatitis continua
L40.3,Pustulosis palmaris et plantaris
L40.4,Guttate psoriasis
L40.5,Arthropathic psoriasis
L40.8,Other psoriasis
L40.9,"Psoriasis, unspecified"
L41,Parapsoriasis
L41.0,Pityriasis lichenoides et varioliformis acuta
L41.1,Pityriasis lichenoides chronica
L41.3,Small plaque parapsoriasis
L41.4,Large plaque parapsoriasis
L41.5,Retiform parapsoriasis
L41.8,Other parapsoriasis
L41.9,"Parapsoriasis, unspecified"
L42,Pityriasis rosea
L43,Lichen planus
L43.0,Hypertrophic lichen planus
L43.1,Bullous lichen planus
L43.2,Lichenoid drug reaction
L43.3,Subacute (active) lichen planus
L43.8,Other lichen planus
L43.9,"Lichen planus, unspecified"
L44,Other papulosquamous disorders
L44.0,Pityriasis rubra pilaris
L44.1,Lichen nitidus
L44.2,Lichen striatus
L44.3,Lichen ruber moniliformis
L44.4,Infantile papular acrodermatitis [Giannotti-Crosti]
L44.8,Other specified papulosquamous disorders
L44.9,"Papulosquamous disorder, unspecified"
L45,Papulosquamous disorders in diseases classified elsewhere
L50,Urticaria
L50.0,Allergic urticaria
L50.1,Idiopathic urticaria
L50.2,Urticaria due to cold and heat
L50.3,Dermatographic urticaria
L50.4,Vibratory urticaria
L50.5,Cholinergic urticaria
L50.6,Contact urticaria
L50.8,Other urticaria
L50.9,"Urticaria, unspecified"
L51,Erythema multiforme
L51.0,Nonbullous erythema multiforme
L51.1,Bullous erythema multiforme
L51.2,Toxic epidermal necrolysis [Lyell]
L51.8,Other erythema multiforme
L51.9,"Erythema multiforme, unspecified"
L52,Erythema nodosum
L53,Other erythematous conditions
L53.0,Toxic erythema
L53.1,Erythema annulare centrifugum
L53.2,Erythema marginatum
L53.3,Other chronic figurate erythema
L53.8,Other specified erythematous conditions
L53.9,"Erythematous condition, unspecified"
L54,Erythema in diseases classified elsewhere
L54.0,Erythema marginatum in acute rheumatic fever
L54.8,Erythema in other diseases classified elsewhere
L55,Sunburn
L55.0,Sunburn of first degree
L55.1,Sunburn of second degree
L55.2,Sunburn of third degree
L55.8,Other sunburn
L55.9,"Sunburn, unspecified"
L56,Other acute skin changes due to ultraviolet radiation
L56.0,Drug phototoxic response
L56.1,Drug photoallergic response
L56.2,Photocontact dermatitis [berloque dermatitis]
L56.3,Solar urticaria
L56.4,Polymorphous light eruption
L56.8,Other specified acute skin changes due to ultraviolet radiation
L56.9,"Acute skin change due to ultraviolet radiation, unspecified"
L57,Skin changes due to chronic exposure to nonionizing radiation
L57.0,Actinic keratosis
L57.1,Actinic reticuloid
L57.2,Cutis rhomboidalis nuchae
L57.3,Poikiloderma of Civatte
L57.4,Cutis laxa senilis
L57.5,Actinic granuloma
L57.8,Other skin changes due to chronic exposure to nonionizing radiation
L57.9,"Skin changes due to chronic exposure to nonionizing radiation, unspecified"
L58,Radiodermatitis
L58.0,Acute radiodermatitis
L58.1,Chronic radiodermatitis
L58.9,"Radiodermatitis, unspecified"
L59,Other disorders of skin and subcutaneous tissue related to radiation
L59.0,Erythema ab igne [dermatitis ab igne]
L59.8,Other specified disorders of skin and subcutaneous tissue related to radiation
L59.9,"Disorder of skin and subcutaneous tissue related to radiation, unspecified"
L60,Nail disorders
L60.0,Ingrowing nail
L60.1,Onycholysis
L60.2,Onychogryphosis
L60.3,Nail dystrophy
L60.4,Beau lines
L60.5,Yellow nail syndrome
L60.8,Other nail disorders
L60.9,"Nail disorder, unspecified"
L62,Nail disorders in diseases classified elsewhere
L62.0,Clubbed nail pachydermoperiostosis
L62.8,Nail disorders in other diseases classified elsewhere
L63,Alopecia areata
L63.0,Alopecia (capitis) totalis
L63.1,Alopecia universalis
L63.2,Ophiasis
L63.8,Other alopecia areata
L63.9,"Alopecia areata, unspecified"
L64,Androgenic alopecia
L64.0,Drug-induced androgenic alopecia
L64.8,Other androgenic alopecia
L64.9,"Androgenic alopecia, unspecified"
L65,Other nonscarring hair loss
L65.0,Telogen effluvium
L65.1,Anagen effluvium
L65.2,Alopecia mucinosa
L65.8,Other specified nonscarring hair loss
L65.9,"Nonscarring hair loss, unspecified"
L66,Cicatricial alopecia [scarring hair loss]
L66.0,Pseudopelade
L66.1,Lichen planopilaris
L66.2,Folliculitis decalvans
L66.3,Perifolliculitis capitis abscedens
L66.4,Folliculitis ulerythematosa reticulata
L66.8,Other cicatricial alopecia
L66.9,"Cicatricial alopecia, unspecified"
L67,Hair colour and hair shaft abnormalities
L67.0,Trichorrhexis nodosa
L67.1,Variations in hair colour
L67.8,Other hair colour and hair shaft abnormalities
L67.9,"Hair colour and hair shaft abnormality, unspecified"
L68,Hypertrichosis
L68.0,Hirsutism
L68.1,Acquired hypertrichosis lanuginosa
L68.2,Localized hypertrichosis
L68.3,Polytrichia
L68.8,Other hypertrichosis
L68.9,"Hypertrichosis, unspecified"
L70,Acne
L70.0,Acne vulgaris
L70.1,Acne conglobata
L70.2,Acne varioliformis
L70.3,Acne tropica
L70.4,Infantile acne
L70.5,Acné excoriée
L70.8,Other acne
L70.9,"Acne, unspecified"
L71,Rosacea
L71.0,Perioral dermatitis
L71.1,Rhinophyma
L71.8,Other rosacea
L71.9,"Rosacea, unspecified"
L72,Follicular cysts of skin and subcutaneous tissue
L72.0,Epidermal cyst
L72.1,Trichilemmal cyst
L72.2,Steatocystoma multiplex
L72.8,Other follicular cysts of skin and subcutaneous tissue
L72.9,"Follicular cyst of skin and subcutaneous tissue, unspecified"
L73,Other follicular disorders
L73.0,Acne keloid
L73.1,Pseudofolliculitis barbae
L73.2,Hidradenitis suppurativa
L73.8,Other specified follicular disorders
L73.9,"Follicular disorder, unspecified"
L74,Eccrine sweat disorders
L74.0,Miliaria rubra
L74.1,Miliaria crystallina
L74.2,Miliaria profunda
L74.3,"Miliaria, unspecified"
L74.4,Anhidrosis
L74.8,Other eccrine sweat disorders
L74.9,"Eccrine sweat disorder, unspecified"
L75,Apocrine sweat disorders
L75.0,Bromhidrosis
L75.1,Chromhidrosis
L75.2,Apocrine miliaria
L75.8,Other apocrine sweat disorders
L75.9,"Apocrine sweat disorder, unspecified"
L80,Vitiligo
L81,Other disorders of pigmentation
L81.0,Postinflammatory hyperpigmentation
L81.1,Chloasma
L81.2,Freckles
L81.3,Café au lait spots
L81.4,Other melanin hyperpigmentation
L81.5,"Leukoderma, not elsewhere classified"
L81.6,Other disorders of diminished melanin formation
L81.7,Pigmented purpuric dermatosis
L81.8,Other specified disorders of pigmentation
L81.9,"Disorder of pigmentation, unspecified"
L82,Seborrhoeic keratosis
L83,Acanthosis nigricans
L84,Corns and callosities
L85,Other epidermal thickening
L85.0,Acquired ichthyosis
L85.1,Acquired keratosis [keratoderma] palmaris et plantaris
L85.2,Keratosis punctata (palmaris et plantaris)
L85.3,Xerosis cutis
L85.8,Other specified epidermal thickening
L85.9,"Epidermal thickening, unspecified"
L86,Keratoderma in diseases classified elsewhere
L87,Transepidermal elimination disorders
L87.0,Keratosis follicularis et parafollicularis in cutem penetrans [Kyrle]
L87.1,Reactive perforating collagenosis
L87.2,Elastosis perforans serpiginosa
L87.8,Other transepidermal elimination disorders
L87.9,"Transepidermal elimination disorder, unspecified"
L88,Pyoderma gangrenosum
L89,Decubitus ulcer and pressure area
L89.0,Stage I decubitus ulcer and pressure area
L89.1,Stage II decubitus ulcer
L89.2,Stage III decubitus ulcer
L89.3,Stage IV decubitus ulcer
L89.9,"Decubitus ulcer and pressure area, unspecified"
L90,Atrophic disorders of skin
L90.0,Lichen sclerosus et atrophicus
L90.1,Anetoderma of Schweninger-Buzzi
L90.2,Anetoderma of Jadassohn-Pellizzari
L90.3,Atrophoderma of Pasini and Pierini
L90.4,Acrodermatitis chronica atrophicans
L90.5,Scar conditions and fibrosis of skin
L90.6,Striae atrophicae
L90.8,Other atrophic disorders of skin
L90.9,"Atrophic disorder of skin, unspecified"
L91,Hypertrophic disorders of skin
L91.0,Hypertrophic scar
L91.8,Other hypertrophic disorders of skin
L91.9,"Hypertrophic disorder of skin, unspecified"
L92,Granulomatous disorders of skin and subcutaneous tissue
L92.0,Granuloma annulare
L92.1,"Necrobiosis lipoidica, not elsewhere classified"
L92.2,Granuloma faciale [eosinophilic granuloma of skin]
L92.3,Foreign body granuloma of skin and subcutaneous tissue
L92.8,Other granulomatous disorders of skin and subcutaneous tissue
L92.9,"Granulomatous disorder of skin and subcutaneous tissue, unspecified"
L93,Lupus erythematosus
L93.0,Discoid lupus erythematosus
L93.1,Subacute cutaneous lupus erythematosus
L93.2,Other local lupus erythematosus
L94,Other localized connective tissue disorders
L94.0,Localized scleroderma [morphea]
L94.1,Linear scleroderma
L94.2,Calcinosis cutis
L94.3,Sclerodactyly
L94.4,Gottron papules
L94.5,Poikiloderma vasculare atrophicans
L94.6,Ainhum
L94.8,Other specified localized connective tissue disorders
L94.9,"Localized connective tissue disorder, unspecified"
L95,"Vasculitis limited to skin, not elsewhere classified"
L95.0,Livedoid vasculitis
L95.1,Erythema elevatum diutinum
L95.8,Other vasculitis limited to skin
L95.9,"Vasculitis limited to skin, unspecified"
L97,"Ulcer of lower limb, not elsewhere classified"
L98,"Other disorders of skin and subcutaneous tissue, not elsewhere classified"
L98.0,Pyogenic granuloma
L98.1,Factitial dermatitis
L98.2,Febrile neutrophilic dermatosis [Sweet]
L98.3,Eosinophilic cellulitis [Wells]
L98.4,"Chronic ulcer of skin, not elsewhere classified"
L98.5,Mucinosis of skin
L98.6,Other infiltrative disorders of skin and subcutaneous tissue
L98.7,Excessive and redundant skin and subcutaneous tissue
L98.8,Other specified disorders of skin and subcutaneous tissue
L98.9,"Disorder of skin and subcutaneous tissue, unspecified"
L99,Other disorders of skin and subcutaneous tissue in diseases classified elsewhere
L99.0,Amyloidosis of skin
L99.8,Other specified disorders of skin and subcutaneous tissue in diseases classified elsewhere
M00,Pyogenic arthritis
M00.0,Staphylococcal arthritis and polyarthritis
M00.1,Pneumococcal arthritis and polyarthritis
M00.2,Other streptococcal arthritis and polyarthritis
M00.8,Arthritis and polyarthritis due to other specified bacterial agents
M00.9,"Pyogenic arthritis, unspecified"
M01,Direct infections of joint in infectious and parasitic diseases classified elsewhere
M01.0,Meningococcal arthritis
M01.1,Tuberculous arthritis
M01.2,Arthritis in Lyme disease
M01.3,Arthritis in other bacterial diseases classified elsewhere
M01.4,Rubella arthritis
M01.5,Arthritis in other viral diseases classified elsewhere
M01.6,Arthritis in mycoses
M01.8,Arthritis in other infectious and parasitic diseases classified elsewhere
M02,Reactive arthropathies
M02.0,Arthropathy following intestinal bypass
M02.1,Postdysenteric arthropathy
M02.2,Postimmunization arthropathy
M02.3,Reiter disease
M02.8,Other reactive arthropathies
M02.9,"Reactive arthropathy, unspecified"
M03,Postinfective and reactive arthropathies in diseases classified elsewhere
M03.0,Postmeningococcal arthritis
M03.1,Postinfective arthropathy in syphilis
M03.2,Other postinfectious arthropathies in diseases classified elsewhere
M03.6,Reactive arthropathy in other diseases classified elsewhere
M05,Seropositive rheumatoid arthritis
M05.0,Felty syndrome
M05.1,Rheumatoid lung disease
M05.2,Rheumatoid vasculitis
M05.3,Rheumatoid arthritis with involvement of other organs and systems
M05.8,Other seropositive rheumatoid arthritis
M05.9,"Seropositive rheumatoid arthritis, unspecified"
M06,Other rheumatoid arthritis
M06.0,Seronegative rheumatoid arthritis
M06.1,Adult-onset Still disease
M06.2,Rheumatoid bursitis
M06.3,Rheumatoid nodule
M06.4,Inflammatory polyarthropathy
M06.8,Other specified rheumatoid arthritis
M06.9,"Rheumatoid arthritis, unspecified"
M07,Psoriatic and enteropathic arthropathies
M07.0,Distal interphalangeal psoriatic arthropathy
M07.1,Arthritis mutilans
M07.2,Psoriatic spondylitis
M07.3,Other psoriatic arthropathies
M07.4,Arthropathy in Crohn disease [regional enteritis]
M07.5,Arthropathy in ulcerative colitis
M07.6,Other enteropathic arthropathies
M08,Juvenile arthritis
M08.0,Juvenile rheumatoid arthritis
M08.1,Juvenile ankylosing spondylitis
M08.2,Juvenile arthritis with systemic onset
M08.3,Juvenile polyarthritis (seronegative)
M08.4,Pauciarticular juvenile arthritis
M08.8,Other juvenile arthritis
M08.9,"Juvenile arthritis, unspecified"
M09,Juvenile arthritis in diseases classified elsewhere
M09.0,Juvenile arthritis in psoriasis
M09.1,Juvenile arthritis in Crohn disease [regional enteritis]
M09.2,Juvenile arthritis in ulcerative colitis
M09.8,Juvenile arthritis in other diseases classified elsewhere
M10,Gout
M10.0,Idiopathic gout
M10.1,Lead-induced gout
M10.2,Drug-induced gout
M10.3,Gout due to impairment of renal function
M10.4,Other secondary gout
M10.9,"Gout, unspecified"
M11,Other crystal arthropathies
M11.0,Hydroxyapatite deposition disease
M11.1,Familial chondrocalcinosis
M11.2,Other chondrocalcinosis
M11.8,Other specified crystal arthropathies
M11.9,"Crystal arthropathy, unspecified"
M12,Other specific arthropathies
M12.0,Chronic postrheumatic arthropathy [Jaccoud]
M12.1,Kaschin-Beck disease
M12.2,Villonodular synovitis (pigmented)
M12.3,Palindromic rheumatism
M12.4,Intermittent hydrarthrosis
M12.5,Traumatic arthropathy
M12.8,"Other specific arthropathies, not elsewhere classified"
M13,Other arthritis
M13.0,"Polyarthritis, unspecified"
M13.1,"Monoarthritis, not elsewhere classified"
M13.8,Other specified arthritis
M13.9,"Arthritis, unspecified"
M14,Arthropathies in other diseases classified elsewhere
M14.0,Gouty arthropathy due to enzyme defects and other inherited disorders
M14.1,Crystal arthropathy in other metabolic disorders
M14.2,Diabetic arthropathy
M14.3,Lipoid dermatoarthritis
M14.4,Arthropathy in amyloidosis
M14.5,"Arthropathies in other endocrine, nutritional and metabolic disorders"
M14.6,Neuropathic arthropathy
M14.8,Arthropathies in other specified diseases classified elsewhere
M15,Polyarthrosis
M15.0,Primary generalized (osteo)arthrosis
M15.1,Heberden nodes (with arthropathy)
M15.2,Bouchard nodes (with arthropathy)
M15.3,Secondary multiple arthrosis
M15.4,Erosive (osteo)arthrosis
M15.8,Other polyarthrosis
M15.9,"Polyarthrosis, unspecified"
M16,Coxarthrosis [arthrosis of hip]
M16.0,"Primary coxarthrosis, bilateral"
M16.1,Other primary coxarthrosis
M16.2,"Coxarthrosis resulting from dysplasia, bilateral"
M16.3,Other dysplastic coxarthrosis
M16.4,"Post-traumatic coxarthrosis, bilateral"
M16.5,Other post-traumatic coxarthrosis
M16.6,"Other secondary coxarthrosis, bilateral"
M16.7,Other secondary coxarthrosis
M16.9,"Coxarthrosis, unspecified"
M17,Gonarthrosis [arthrosis of knee]
M17.0,"Primary gonarthrosis, bilateral"
M17.1,Other primary gonarthrosis
M17.2,"Post-traumatic gonarthrosis, bilateral"
M17.3,Other post-traumatic gonarthrosis
M17.4,"Other secondary gonarthrosis, bilateral"
M17.5,Other secondary gonarthrosis
M17.9,"Gonarthrosis, unspecified"
M18,Arthrosis of first carpometacarpal joint
M18.0,"Primary arthrosis of first carpometacarpal joints, bilateral"
M18.1,Other primary arthrosis of first carpometacarpal joint
M18.2,"Post-traumatic arthrosis of first carpometacarpal joints, bilateral"
M18.3,Other post-traumatic arthrosis of first carpometacarpal joint
M18.4,"Other secondary arthrosis of first carpometacarpal joints, bilateral"
M18.5,Other secondary arthrosis of first carpometacarpal joint
M18.9,"Arthrosis of first carpometacarpal joint, unspecified"
M19,Other arthrosis
M19.0,Primary arthrosis of other joints
M19.1,Post-traumatic arthrosis of other joints
M19.2,Other secondary arthrosis
M19.8,Other specified arthrosis
M19.9,"Arthrosis, unspecified"
M20,Acquired deformities of fingers and toes
M20.0,Deformity of finger(s)
M20.1,Hallux valgus (acquired)
M20.2,Hallux rigidus
M20.3,Other deformity of hallux (acquired)
M20.4,Other hammer toe(s) (acquired)
M20.5,Other deformities of toe(s) (acquired)
M20.6,"Acquired deformity of toe(s), unspecified"
M21,Other acquired deformities of limbs
M21.0,"Valgus deformity, not elsewhere classified"
M21.1,"Varus deformity, not elsewhere classified"
M21.2,Flexion deformity
M21.3,Wrist or foot drop (acquired)
M21.4,Flat foot [pes planus] (acquired)
M21.5,"Acquired clawhand, clubhand, clawfoot and clubfoot"
M21.6,Other acquired deformities of ankle and foot
M21.7,Unequal limb length (acquired)
M21.8,Other specified acquired deformities of limbs
M21.9,"Acquired deformity of limb, unspecified"
M22,Disorders of patella
M22.0,Recurrent dislocation of patella
M22.1,Recurrent subluxation of patella
M22.2,Patellofemoral disorders
M22.3,Other derangements of patella
M22.4,Chondromalacia patellae
M22.8,Other disorders of patella
M22.9,"Disorder of patella, unspecified"
M23,Internal derangement of knee
M23.0,Cystic meniscus
M23.1,Discoid meniscus (congenital)
M23.2,Derangement of meniscus due to old tear or injury
M23.3,Other meniscus derangements
M23.4,Loose body in knee
M23.5,Chronic instability of knee
M23.6,Other spontaneous disruption of ligament(s) of knee
M23.8,Other internal derangements of knee
M23.9,"Internal derangement of knee, unspecified"
M24,Other specific joint derangements
M24.0,Loose body in joint
M24.1,Other articular cartilage disorders
M24.2,Disorder of ligament
M24.3,"Pathological dislocation and subluxation of joint, not elsewhere classified"
M24.4,Recurrent dislocation and subluxation of joint
M24.5,Contracture of joint
M24.6,Ankylosis of joint
M24.7,Protrusio acetabuli
M24.8,"Other specific joint derangements, not elsewhere classified"
M24.9,"Joint derangement, unspecified"
M25,"Other joint disorders, not elsewhere classified"
M25.0,Haemarthrosis
M25.1,Fistula of joint
M25.2,Flail joint
M25.3,Other instability of joint
M25.4,Effusion of joint
M25.5,Pain in joint
M25.6,"Stiffness of joint, not elsewhere classified"
M25.7,Osteophyte
M25.8,Other specified joint disorders
M25.9,"Joint disorder, unspecified"
M30,Polyarteritis nodosa and related conditions
M30.0,Polyarteritis nodosa
M30.1,Polyarteritis with lung involvement [Churg-Strauss]
M30.2,Juvenile polyarteritis
M30.3,Mucocutaneous lymph node syndrome [Kawasaki]
M30.8,Other conditions related to polyarteritis nodosa
M31,Other necrotizing vasculopathies
M31.0,Hypersensitivity angiitis
M31.1,Thrombotic microangiopathy
M31.3,Wegener granulomatosis
M31.4,Aortic arch syndrome [Takayasu]
M31.5,Giant cell arteritis with polymyalgia rheumatica
M31.6,Other giant cell arteritis
M31.7,Microscopic polyangiitis
M31.8,Other specified necrotizing vasculopathies
M31.9,"Necrotizing vasculopathy, unspecified"
M32,Systemic lupus erythematosus
M32.0,Drug-induced systemic lupus erythematosus
M32.1,Systemic lupus erythematosus with organ or system involvement
M32.8,Other forms of systemic lupus erythematosus
M32.9,"Systemic lupus erythematosus, unspecified"
M33,Dermatopolymyositis
M33.0,Juvenile dermatomyositis
M33.1,Other dermatomyositis
M33.2,Polymyositis
M33.9,"Dermatopolymyositis, unspecified"
M34,Systemic sclerosis
M34.0,Progressive systemic sclerosis
M34.1,CR(E)ST syndrome
M34.2,Systemic sclerosis induced by drugs and chemicals
M34.8,Other forms of systemic sclerosis
M34.9,"Systemic sclerosis, unspecified"
M35,Other systemic involvement of connective tissue
M35.0,Sicca syndrome [Sjögren]
M35.1,Other overlap syndromes
M35.2,Behçet disease
M35.3,Polymyalgia rheumatica
M35.4,Diffuse (eosinophilic) fasciitis
M35.5,Multifocal fibrosclerosis
M35.6,Relapsing panniculitis [Weber-Christian]
M35.7,Hypermobility syndrome
M35.8,Other specified systemic involvement of connective tissue
M35.9,"Systemic involvement of connective tissue, unspecified"
M36,Systemic disorders of connective tissue in diseases classified elsewhere
M36.0,Dermato(poly)myositis in neoplastic disease
M36.1,Arthropathy in neoplastic disease
M36.2,Haemophilic arthropathy
M36.3,Arthropathy in other blood disorders
M36.4,Arthropathy in hypersensitivity reactions classified elsewhere
M36.8,Systemic disorders of connective tissue in other diseases classified elsewhere
M40,Kyphosis and lordosis
M40.0,Postural kyphosis
M40.1,Other secondary kyphosis
M40.2,Other and unspecified kyphosis
M40.3,Flatback syndrome
M40.4,Other lordosis
M40.5,"Lordosis, unspecified"
M41,Scoliosis
M41.0,Infantile idiopathic scoliosis
M41.1,Juvenile idiopathic scoliosis
M41.2,Other idiopathic scoliosis
M41.3,Thoracogenic scoliosis
M41.4,Neuromuscular scoliosis
M41.5,Other secondary scoliosis
M41.8,Other forms of scoliosis
M41.9,"Scoliosis, unspecified"
M42,Spinal osteochondrosis
M42.0,Juvenile osteochondrosis of spine
M42.1,Adult osteochondrosis of spine
M42.9,"Spinal osteochondrosis, unspecified"
M43,Other deforming dorsopathies
M43.0,Spondylolysis
M43.1,Spondylolisthesis
M43.2,Other fusion of spine
M43.3,Recurrent atlantoaxial subluxation with myelopathy
M43.4,Other recurrent atlantoaxial subluxation
M43.5,Other recurrent vertebral subluxation
M43.6,Torticollis
M43.8,Other specified deforming dorsopathies
M43.9,"Deforming dorsopathy, unspecified"
M45,Ankylosing spondylitis
M46,Other inflammatory spondylopathies
M46.0,Spinal enthesopathy
M46.1,"Sacroiliitis, not elsewhere classified"
M46.2,Osteomyelitis of vertebra
M46.3,Infection of intervertebral disc (pyogenic)
M46.4,"Discitis, unspecified"
M46.5,Other infective spondylopathies
M46.8,Other specified inflammatory spondylopathies
M46.9,"Inflammatory spondylopathy, unspecified"
M47,Spondylosis
M47.0,Anterior spinal and vertebral artery compression syndromes
M47.1,Other spondylosis with myelopathy
M47.2,Other spondylosis with radiculopathy
M47.8,Other spondylosis
M47.9,"Spondylosis, unspecified"
M48,Other spondylopathies
M48.0,Spinal stenosis
M48.1,Ankylosing hyperostosis [Forestier]
M48.2,Kissing spine
M48.3,Traumatic spondylopathy
M48.4,Fatigue fracture of vertebra
M48.5,"Collapsed vertebra, not elsewhere classified"
M48.8,Other specified spondylopathies
M48.9,"Spondylopathy, unspecified"
M49,Spondylopathies in diseases classified elsewhere
M49.0,Tuberculosis of spine
M49.1,Brucella spondylitis
M49.2,Enterobacterial spondylitis
M49.3,Spondylopathy in other infectious and parasitic diseases classified elsewhere
M49.4,Neuropathic spondylopathy
M49.5,Collapsed vertebra in diseases classified elsewhere
M49.8,Spondylopathy in other diseases classified elsewhere
M50,Cervical disc disorders
M50.0,Cervical disc disorder with myelopathy
M50.1,Cervical disc disorder with radiculopathy
M50.2,Other cervical disc displacement
M50.3,Other cervical disc degeneration
M50.8,Other cervical disc disorders
M50.9,"Cervical disc disorder, unspecified"
M51,Other intervertebral disc disorders
M51.0,Lumbar and other intervertebral disc disorders with myelopathy
M51.1,Lumbar and other intervertebral disc disorders with radiculopathy
M51.2,Other specified intervertebral disc displacement
M51.3,Other specified intervertebral disc degeneration
M51.4,Schmorl nodes
M51.8,Other specified intervertebral disc disorders
M51.9,"Intervertebral disc disorder, unspecified"
M53,"Other dorsopathies, not elsewhere classified"
M53.0,Cervicocranial syndrome
M53.1,Cervicobrachial syndrome
M53.2,Spinal instabilities
M53.3,"Sacrococcygeal disorders, not elsewhere classified"
M53.8,Other specified dorsopathies
M53.9,"Dorsopathy, unspecified"
M54,Dorsalgia
M54.0,Panniculitis affecting regions of neck and back
M54.1,Radiculopathy
M54.2,Cervicalgia
M54.3,Sciatica
M54.4,Lumbago with sciatica
M54.5,Low back pain
M54.6,Pain in thoracic spine
M54.8,Other dorsalgia
M54.9,"Dorsalgia, unspecified"
M60,Myositis
M60.0,Infective myositis
M60.1,Interstitial myositis
M60.2,"Foreign body granuloma of soft tissue, not elsewhere classified"
M60.8,Other myositis
M60.9,"Myositis, unspecified"
M61,Calcification and ossification of muscle
M61.0,Myositis ossificans traumatica
M61.1,Myositis ossificans progressiva
M61.2,Paralytic calcification and ossification of muscle
M61.3,Calcification and ossification of muscles associated with burns
M61.4,Other calcification of muscle
M61.5,Other ossification of muscle
M61.9,"Calcification and ossification of muscle, unspecified"
M62,Other disorders of muscle
M62.0,Diastasis of muscle
M62.1,Other rupture of muscle (nontraumatic)
M62.2,Ischaemic infarction of muscle
M62.3,Immobility syndrome (paraplegic)
M62.4,Contracture of muscle
M62.5,"Muscle wasting and atrophy, not elsewhere classified"
M62.6,Muscle strain
M62.8,Other specified disorders of muscle
M62.9,"Disorder of muscle, unspecified"
M63,Disorders of muscle in diseases classified elsewhere
M63.0,Myositis in bacterial diseases classified elsewhere
M63.1,Myositis in protozoal and parasitic infections classified elsewhere
M63.2,Myositis in other infectious diseases classified elsewhere
M63.3,Myositis in sarcoidosis
M63.8,Other disorders of muscle in diseases classified elsewhere
M65,Synovitis and tenosynovitis
M65.0,Abscess of tendon sheath
M65.1,Other infective (teno)synovitis
M65.2,Calcific tendinitis
M65.3,Trigger finger
M65.4,Radial styloid tenosynovitis [de Quervain]
M65.8,Other synovitis and tenosynovitis
M65.9,"Synovitis and tenosynovitis, unspecified"
M66,Spontaneous rupture of synovium and tendon
M66.0,Rupture of popliteal cyst
M66.1,Rupture of synovium
M66.2,Spontaneous rupture of extensor tendons
M66.3,Spontaneous rupture of flexor tendons
M66.4,Spontaneous rupture of other tendons
M66.5,Spontaneous rupture of unspecified tendon
M67,Other disorders of synovium and tendon
M67.0,Short Achilles tendon (acquired)
M67.1,Other contracture of tendon (sheath)
M67.2,"Synovial hypertrophy, not elsewhere classified"
M67.3,Transient synovitis
M67.4,Ganglion
M67.8,Other specified disorders of synovium and tendon
M67.9,"Disorder of synovium and tendon, unspecified"
M68,Disorders of synovium and tendon in diseases classified elsewhere
M68.0,Synovitis and tenosynovitis in bacterial diseases classified elsewhere
M68.8,Other disorders of synovium and tendon in diseases classified elsewhere
M70,"Soft tissue disorders related to use, overuse and pressure"
M70.0,Chronic crepitant synovitis of hand and wrist
M70.1,Bursitis of hand
M70.2,Olecranon bursitis
M70.3,Other bursitis of elbow
M70.4,Prepatellar bursitis
M70.5,Other bursitis of knee
M70.6,Trochanteric bursitis
M70.7,Other bursitis of hip
M70.8,"Other soft tissue disorders related to use, overuse and pressure"
M70.9,"Unspecified soft tissue disorder related to use, overuse and pressure"
M71,Other bursopathies
M71.0,Abscess of bursa
M71.1,Other infective bursitis
M71.2,Synovial cyst of popliteal space [Baker]
M71.3,Other bursal cyst
M71.4,Calcium deposit in bursa
M71.5,"Other bursitis, not elsewhere classified"
M71.8,Other specified bursopathies
M71.9,"Bursopathy, unspecified"
M72,Fibroblastic disorders
M72.0,Palmar fascial fibromatosis [Dupuytren]
M72.1,Knuckle pads
M72.2,Plantar fascial fibromatosis
M72.4,Pseudosarcomatous fibromatosis
M72.6,Necrotizing fasciitis
M72.8,Other fibroblastic disorders
M72.9,"Fibroblastic disorder, unspecified"
M73,Soft tissue disorders in diseases classified elsewhere
M73.0,Gonococcal bursitis
M73.1,Syphilitic bursitis
M73.8,Other soft tissue disorders in diseases classified elsewhere
M75,Shoulder lesions
M75.0,Adhesive capsulitis of shoulder
M75.1,Rotator cuff syndrome
M75.2,Bicipital tendinitis
M75.3,Calcific tendinitis of shoulder
M75.4,Impingement syndrome of shoulder
M75.5,Bursitis of shoulder
M75.6,Tear of labrum of degenerative shoulder joint
M75.8,Other shoulder lesions
M75.9,"Shoulder lesion, unspecified"
M76,"Enthesopathies of lower limb, excluding foot"
M76.0,Gluteal tendinitis
M76.1,Psoas tendinitis
M76.2,Iliac crest spur
M76.3,Iliotibial band syndrome
M76.4,Tibial collateral bursitis [Pellegrini-Stieda]
M76.5,Patellar tendinitis
M76.6,Achilles tendinitis
M76.7,Peroneal tendinitis
M76.8,"Other enthesopathies of lower limb, excluding foot"
M76.9,"Enthesopathy of lower limb, unspecified"
M77,Other enthesopathies
M77.0,Medial epicondylitis
M77.1,Lateral epicondylitis
M77.2,Periarthritis of wrist
M77.3,Calcaneal spur
M77.4,Metatarsalgia
M77.5,Other enthesopathy of foot
M77.8,"Other enthesopathies, not elsewhere classified"
M77.9,"Enthesopathy, unspecified"
M79,"Other soft tissue disorders, not elsewhere classified"
M79.0,"Rheumatism, unspecified"
M79.1,Myalgia
M79.2,"Neuralgia and neuritis, unspecified"
M79.3,"Panniculitis, unspecified"
M79.4,Hypertrophy of (infrapatellar) fat pad
M79.5,Residual foreign body in soft tissue
M79.6,Pain in limb
M79.7,Fibromyalgia
M79.8,Other specified soft tissue disorders
M79.9,"Soft tissue disorder, unspecified"
M80,Osteoporosis with pathological fracture
M80.0,Postmenopausal osteoporosis with pathological fracture
M80.1,Postoophorectomy osteoporosis with pathological fracture
M80.2,Osteoporosis of disuse with pathological fracture
M80.3,Postsurgical malabsorption osteoporosis with pathological fracture
M80.4,Drug-induced osteoporosis with pathological fracture
M80.5,Idiopathic osteoporosis with pathological fracture
M80.8,Other osteoporosis with pathological fracture
M80.9,Unspecified osteoporosis with pathological fracture
M81,Osteoporosis without pathological fracture
M81.0,Postmenopausal osteoporosis
M81.1,Postoophorectomy osteoporosis
M81.2,Osteoporosis of disuse
M81.3,Postsurgical malabsorption osteoporosis
M81.4,Drug-induced osteoporosis
M81.5,Idiopathic osteoporosis
M81.6,Localized osteoporosis [Lequesne]
M81.8,Other osteoporosis
M81.9,"Osteoporosis, unspecified"
M82,Osteoporosis in diseases classified elsewhere
M82.0,Osteoporosis in multiple myelomatosis
M82.1,Osteoporosis in endocrine disorders
M82.8,Osteoporosis in other diseases classified elsewhere
M83,Adult osteomalacia
M83.0,Puerperal osteomalacia
M83.1,Senile osteomalacia
M83.2,Adult osteomalacia due to malabsorption
M83.3,Adult osteomalacia due to malnutrition
M83.4,Aluminium bone disease
M83.5,Other drug-induced osteomalacia in adults
M83.8,Other adult osteomalacia
M83.9,"Adult osteomalacia, unspecified"
M84,Disorders of continuity of bone
M84.0,Malunion of fracture
M84.1,Nonunion of fracture [pseudarthrosis]
M84.2,Delayed union of fracture
M84.3,"Stress fracture, not elsewhere classified"
M84.4,"Pathological fracture, not elsewhere classified"
M84.8,Other disorders of continuity of bone
M84.9,"Disorder of continuity of bone, unspecified"
M85,Other disorders of bone density and structure
M85.0,Fibrous dysplasia (monostotic)
M85.1,Skeletal fluorosis
M85.2,Hyperostosis of skull
M85.3,Osteitis condensans
M85.4,Solitary bone cyst
M85.5,Aneurysmal bone cyst
M85.6,Other cyst of bone
M85.8,Other specified disorders of bone density and structure
M85.9,"Disorder of bone density and structure, unspecified"
M86,Osteomyelitis
M86.0,Acute haematogenous osteomyelitis
M86.1,Other acute osteomyelitis
M86.2,Subacute osteomyelitis
M86.3,Chronic multifocal osteomyelitis
M86.4,Chronic osteomyelitis with draining sinus
M86.5,Other chronic haematogenous osteomyelitis
M86.6,Other chronic osteomyelitis
M86.8,Other osteomyelitis
M86.9,"Osteomyelitis, unspecified"
M87,Osteonecrosis
M87.0,Idiopathic aseptic necrosis of bone
M87.1,Osteonecrosis due to drugs
M87.2,Osteonecrosis due to previous trauma
M87.3,Other secondary osteonecrosis
M87.8,Other osteonecrosis
M87.9,"Osteonecrosis, unspecified"
M88,Paget disease of bone [osteitis deformans]
M88.0,Paget disease of skull
M88.8,Paget disease of other bones
M88.9,"Paget disease of bone, unspecified"
M89,Other disorders of bone
M89.0,Algoneurodystrophy
M89.1,Epiphyseal arrest
M89.2,Other disorders of bone development and growth
M89.3,Hypertrophy of bone
M89.4,Other hypertrophic osteoarthropathy
M89.5,Osteolysis
M89.6,Osteopathy after poliomyelitis
M89.8,Other specified disorders of bone
M89.9,"Disorder of bone, unspecified"
M90,Osteopathies in diseases classified elsewhere
M90.0,Tuberculosis of bone
M90.1,Periostitis in other infectious diseases classified elsewhere
M90.2,Osteopathy in other infectious diseases classified elsewhere
M90.3,Osteonecrosis in caisson disease
M90.4,Osteonecrosis due to haemoglobinopathy
M90.5,Osteonecrosis in other diseases classified elsewhere
M90.6,Osteitis deformans in neoplastic disease
M90.7,Fracture of bone in neoplastic disease
M90.8,Osteopathy in other diseases classified elsewhere
M91,Juvenile osteochondrosis of hip and pelvis
M91.0,Juvenile osteochondrosis of pelvis
M91.1,Juvenile osteochondrosis of head of femur [Legg-Calvé-Perthes]
M91.2,Coxa plana
M91.3,Pseudocoxalgia
M91.8,Other juvenile osteochondrosis of hip and pelvis
M91.9,"Juvenile osteochondrosis of hip and pelvis, unspecified"
M92,Other juvenile osteochondrosis
M92.0,Juvenile osteochondrosis of humerus
M92.1,Juvenile osteochondrosis of radius and ulna
M92.2,Juvenile osteochondrosis of hand
M92.3,Other juvenile osteochondrosis of upper limb
M92.4,Juvenile osteochondrosis of patella
M92.5,Juvenile osteochondrosis of tibia and fibula
M92.6,Juvenile osteochondrosis of tarsus
M92.7,Juvenile osteochondrosis of metatarsus
M92.8,Other specified juvenile osteochondrosis
M92.9,"Juvenile osteochondrosis, unspecified"
M93,Other osteochondropathies
M93.0,Slipped upper femoral epiphysis (nontraumatic)
M93.1,Kienböck disease of adults
M93.2,Osteochondritis dissecans
M93.8,Other specified osteochondropathies
M93.9,"Osteochondropathy, unspecified"
M94,Other disorders of cartilage
M94.0,Chondrocostal junction syndrome [Tietze]
M94.1,Relapsing polychondritis
M94.2,Chondromalacia
M94.3,Chondrolysis
M94.8,Other specified disorders of cartilage
M94.9,"Disorder of cartilage, unspecified"
M95,Other acquired deformities of musculoskeletal system and connective tissue
M95.0,Acquired deformity of nose
M95.1,Cauliflower ear
M95.2,Other acquired deformity of head
M95.3,Acquired deformity of neck
M95.4,Acquired deformity of chest and rib
M95.5,Acquired deformity of pelvis
M95.8,Other specified acquired deformities of musculoskeletal system
M95.9,"Acquired deformity of musculoskeletal system, unspecified"
M96,"Postprocedural musculoskeletal disorders, not elsewhere classified"
M96.0,Pseudarthrosis after fusion or arthrodesis
M96.1,"Postlaminectomy syndrome, not elsewhere classified"
M96.2,Postradiation kyphosis
M96.3,Postlaminectomy kyphosis
M96.4,Postsurgical lordosis
M96.5,Postradiation scoliosis
M96.6,"Fracture of bone following insertion of orthopaedic implant, joint prosthesis, or bone plate"
M96.8,Other postprocedural musculoskeletal disorders
M96.9,"Postprocedural musculoskeletal disorder, unspecified"
M99,"Biomechanical lesions, not elsewhere classified"
M99.0,Segmental and somatic dysfunction
M99.1,Subluxation complex (vertebral)
M99.2,Subluxation stenosis of neural canal
M99.3,Osseous stenosis of neural canal
M99.4,Connective tissue stenosis of neural canal
M99.5,Intervertebral disc stenosis of neural canal
M99.6,Osseous and subluxation stenosis of intervertebral foramina
M99.7,Connective tissue and disc stenosis of intervertebral foramina
M99.8,Other biomechanical lesions
M99.9,"Biomechanical lesion, unspecified"
N00,Acute nephritic syndrome
N00.0,Acute nephritic syndrome: Minor glomerular abnormality
N00.1,Acute nephritic syndrome: Focal and segmental glomerular lesions
N00.2,Acute nephritic syndrome: Diffuse membranous glomerulonephritis
N00.3,Acute nephritic syndrome: Diffuse mesangial proliferative glomerulonephritis
N00.4,Acute nephritic syndrome: Diffuse endocapillary proliferative glomerulonephritis
N00.5,Acute nephritic syndrome: Diffuse mesangiocapillary glomerulonephritis
N00.6,Acute nephritic syndrome: Dense deposit disease
N00.7,Acute nephritic syndrome: Diffuse crescentic glomerulonephritis
N00.8,Acute nephritic syndrome: Other
N00.9,Acute nephritic syndrome: Unspecified
N01,Rapidly progressive nephritic syndrome
N01.0,Rapidly progressive nephritic syndrome: Minor glomerular abnormality
N01.1,Rapidly progressive nephritic syndrome: Focal and segmental glomerular lesions
N01.2,Rapidly progressive nephritic syndrome: Diffuse membranous glomerulonephritis
N01.3,Rapidly progressive nephritic syndrome: Diffuse mesangial proliferative glomerulonephritis
N01.4,Rapidly progressive nephritic syndrome: Diffuse endocapillary proliferative glomerulonephritis
N01.5,Rapidly progressive nephritic syndrome: Diffuse mesangiocapillary glomerulonephritis
N01.6,Rapidly progressive nephritic syndrome: Dense deposit disease
N01.7,Rapidly progressive nephritic syndrome: Diffuse crescentic glomerulonephritis
N01.8,Rapidly progressive nephritic syndrome: Other
N01.9,Rapidly progressive nephritic syndrome: Unspecified
N02,Recurrent and persistent haematuria
N02.0,Recurrent and persistent haematuria: Minor glomerular abnormality
N02.1,Recurrent and persistent haematuria: Focal and segmental glomerular lesions
N02.2,Recurrent and persistent haematuria: Diffuse membranous glomerulonephritis
N02.3,Recurrent and persistent haematuria: Diffuse mesangial proliferative glomerulonephritis
N02.4,Recurrent and persistent haematuria: Diffuse endocapillary proliferative glomerulonephritis
N02.5,Recurrent and persistent haematuria: Diffuse mesangiocapillary glomerulonephritis
N02.6,Recurrent and persistent haematuria: Dense deposit disease
N02.7,Recurrent and persistent haematuria: Diffuse crescentic glomerulonephritis
N02.8,Recurrent and persistent haematuria: Other
N02.9,Recurrent and persistent haematuria: Unspecified
N03,Chronic nephritic syndrome
N03.0,Chronic nephritic syndrome: Minor glomerular abnormality
N03.1,Chronic nephritic syndrome: Focal and segmental glomerular lesions
N03.2,Chronic nephritic syndrome: Diffuse membranous glomerulonephritis
N03.3,Chronic nephritic syndrome: Diffuse mesangial proliferative glomerulonephritis
N03.4,Chronic nephritic syndrome: Diffuse endocapillary proliferative glomerulonephritis
N03.5,Chronic nephritic syndrome: Diffuse mesangiocapillary glomerulonephritis
N03.6,Chronic nephritic syndrome: Dense deposit disease
N03.7,Chronic nephritic syndrome: Diffuse crescentic glomerulonephritis
N03.8,Chronic nephritic syndrome: Other
N03.9,Chronic nephritic syndrome: Unspecified
N04,Nephrotic syndrome
N04.0,Nephrotic syndrome: Minor glomerular abnormality
N04.1,Nephrotic syndrome: Focal and segmental glomerular lesions
N04.2,Nephrotic syndrome: Diffuse membranous glomerulonephritis
N04.3,Nephrotic syndrome: Diffuse mesangial proliferative glomerulonephritis
N04.4,Nephrotic syndrome: Diffuse endocapillary proliferative glomerulonephritis
N04.5,Nephrotic syndrome: Diffuse mesangiocapillary glomerulonephritis
N04.6,Nephrotic syndrome: Dense deposit disease
N04.7,Nephrotic syndrome: Diffuse crescentic glomerulonephritis
N04.8,Nephrotic syndrome: Other
N04.9,Nephrotic syndrome: Unspecified
N05,Unspecified nephritic syndrome
N05.0,Unspecified nephritic syndrome: Minor glomerular abnormality
N05.1,Unspecified nephritic syndrome: Focal and segmental glomerular lesions
N05.2,Unspecified nephritic syndrome: Diffuse membranous glomerulonephritis
N05.3,Unspecified nephritic syndrome: Diffuse mesangial proliferative glomerulonephritis
N05.4,Unspecified nephritic syndrome: Diffuse endocapillary proliferative glomerulonephritis
N05.5,Unspecified nephritic syndrome: Diffuse mesangiocapillary glomerulonephritis
N05.6,Unspecified nephritic syndrome: Dense deposit disease
N05.7,Unspecified nephritic syndrome: Diffuse crescentic glomerulonephritis
N05.8,Unspecified nephritic syndrome: Other
N05.9,Unspecified nephritic syndrome: Unspecified
N06,Isolated proteinuria with specified morphological lesion
N06.0,Isolated proteinuria with specified morphological lesion: Minor glomerular abnormality
N06.1,Isolated proteinuria with specified morphological lesion: Focal and segmental glomerular lesions
N06.2,Isolated proteinuria with specified morphological lesion: Diffuse membranous glomerulonephritis
N06.3,Isolated proteinuria with specified morphological lesion: Diffuse mesangial proliferative glomerulonephritis
N06.4,Isolated proteinuria with specified morphological lesion: Diffuse endocapillary proliferative glomerulonephritis
N06.5,Isolated proteinuria with specified morphological lesion: Diffuse mesangiocapillary glomerulonephritis
N06.6,Isolated proteinuria with specified morphological lesion: Dense deposit disease
N06.7,Isolated proteinuria with specified morphological lesion: Diffuse crescentic glomerulonephritis
N06.8,Isolated proteinuria with specified morphological lesion: Other
N06.9,Isolated proteinuria with specified morphological lesion: Unspecified
N07,"Hereditary nephropathy, not elsewhere classified"
N07.0,"Hereditary nephropathy, not elsewhere classified: Minor glomerular abnormality"
N07.1,"Hereditary nephropathy, not elsewhere classified: Focal and segmental glomerular lesions"
N07.2,"Hereditary nephropathy, not elsewhere classified: Diffuse membranous glomerulonephritis"
N07.3,"Hereditary nephropathy, not elsewhere classified: Diffuse mesangial proliferative glomerulonephritis"
N07.4,"Hereditary nephropathy, not elsewhere classified: Diffuse endocapillary proliferative glomerulonephritis"
N07.5,"Hereditary nephropathy, not elsewhere classified: Diffuse mesangiocapillary glomerulonephritis"
N07.6,"Hereditary nephropathy, not elsewhere classified: Dense deposit disease"
N07.7,"Hereditary nephropathy, not elsewhere classified: Diffuse crescentic glomerulonephritis"
N07.8,"Hereditary nephropathy, not elsewhere classified: Other"
N07.9,"Hereditary nephropathy, not elsewhere classified: Unspecified"
N08,Glomerular disorders in diseases classified elsewhere
N08.0,Glomerular disorders in infectious and parasitic diseases classified elsewhere
N08.1,Glomerular disorders in neoplastic diseases
N08.2,Glomerular disorders in blood diseases and disorders involving the immune mechanism
N08.3,Glomerular disorders in diabetes mellitus
N08.4,"Glomerular disorders in other endocrine, nutritional and metabolic diseases"
N08.5,Glomerular disorders in systemic connective tissue disorders
N08.8,Glomerular disorders in other diseases classified elsewhere
N10,Acute tubulo-interstitial nephritis
N11,Chronic tubulo-interstitial nephritis
N11.0,Nonobstructive reflux-associated chronic pyelonephritis
N11.1,Chronic obstructive pyelonephritis
N11.8,Other chronic tubulo-interstitial nephritis
N11.9,"Chronic tubulo-interstitial nephritis, unspecified"
N12,"Tubulo-interstitial nephritis, not specified as acute or chronic"
N13,Obstructive and reflux uropathy
N13.0,Hydronephrosis with ureteropelvic junction obstruction
N13.1,"Hydronephrosis with ureteral stricture, not elsewhere classified"
N13.2,Hydronephrosis with renal and ureteral calculous obstruction
N13.3,Other and unspecified hydronephrosis
N13.4,Hydroureter
N13.5,Kinking and stricture of ureter without hydronephrosis
N13.6,Pyonephrosis
N13.7,Vesicoureteral-reflux-associated uropathy
N13.8,Other obstructive and reflux uropathy
N13.9,"Obstructive and reflux uropathy, unspecified"
N14,Drug- and heavy-metal-induced tubulo-interstitial and tubular conditions
N14.0,Analgesic nephropathy
N14.1,"Nephropathy induced by other drugs, medicaments and biological substances"
N14.2,"Nephropathy induced by unspecified drug, medicament or biological substance"
N14.3,Nephropathy induced by heavy metals
N14.4,"Toxic nephropathy, not elsewhere classified"
N15,Other renal tubulo-interstitial diseases
N15.0,Balkan nephropathy
N15.1,Renal and perinephric abscess
N15.8,Other specified renal tubulo-interstitial diseases
N15.9,"Renal tubulo-interstitial disease, unspecified"
N16,Renal tubulo-interstitial disorders in diseases classified elsewhere
N16.0,Renal tubulo-interstitial disorders in infectious and parasitic diseases classified elsewhere
N16.1,Renal tubulo-interstitial disorders in neoplastic diseases
N16.2,Renal tubulo-interstitial disorders in blood diseases and disorders involving the immune mechanism
N16.3,Renal tubulo-interstitial disorders in metabolic diseases
N16.4,Renal tubulo-interstitial disorders in systemic connective tissue disorders
N16.5,Renal tubulo-interstitial disorders in transplant rejection
N16.8,Renal tubulo-interstitial disorders in other diseases classified elsewhere
N17,Acute renal failure
N17.0,Acute renal failure with tubular necrosis
N17.1,Acute renal failure with acute cortical necrosis
N17.2,Acute renal failure with medullary necrosis
N17.8,Other acute renal failure
N17.9,"Acute renal failure, unspecified"
N18,Chronic kidney disease
N18.1,"Chronic kidney disease, stage 1"
N18.2,"Chronic kidney disease, stage 2"
N18.3,"Chronic kidney disease, stage 3"
N18.4,"Chronic kidney disease, stage 4"
N18.5,"Chronic kidney disease, stage 5"
N18.9,"Chronic kidney disease, unspecified"
N19,Unspecified kidney failure
N20,Calculus of kidney and ureter
N20.0,Calculus of kidney
N20.1,Calculus of ureter
N20.2,Calculus of kidney with calculus of ureter
N20.9,"Urinary calculus, unspecified"
N21,Calculus of lower urinary tract
N21.0,Calculus in bladder
N21.1,Calculus in urethra
N21.8,Other lower urinary tract calculus
N21.9,"Calculus of lower urinary tract, unspecified"
N22,Calculus of urinary tract in diseases classified elsewhere
N22.0,Urinary calculus in schistosomiasis [bilharziasis]
N22.8,Calculus of urinary tract in other diseases classified elsewhere
N23,Unspecified renal colic
N25,Disorders resulting from impaired renal tubular function
N25.0,Renal osteodystrophy
N25.1,Nephrogenic diabetes insipidus
N25.8,Other disorders resulting from impaired renal tubular function
N25.9,"Disorder resulting from impaired renal tubular function, unspecified"
N26,Unspecified contracted kidney
N27,Small kidney of unknown cause
N27.0,"Small kidney, unilateral"
N27.1,"Small kidney, bilateral"
N27.9,"Small kidney, unspecified"
N28,"Other disorders of kidney and ureter, not elsewhere classified"
N28.0,Ischaemia and infarction of kidney
N28.1,Cyst of kidney
N28.8,Other specified disorders of kidney and ureter
N28.9,"Disorder of kidney and ureter, unspecified"
N29,Other disorders of kidney and ureter in diseases classified elsewhere
N29.0,Late syphilis of kidney
N29.1,Other disorders of kidney and ureter in infectious and parasitic diseases classified elsewhere
N29.8,Other disorders of kidney and ureter in other diseases classified elsewhere
N30,Cystitis
N30.0,Acute cystitis
N30.1,Interstitial cystitis (chronic)
N30.2,Other chronic cystitis
N30.3,Trigonitis
N30.4,Irradiation cystitis
N30.8,Other cystitis
N30.9,"Cystitis, unspecified"
N31,"Neuromuscular dysfunction of bladder, not elsewhere classified"
N31.0,"Uninhibited neuropathic bladder, not elsewhere classified"
N31.1,"Reflex neuropathic bladder, not elsewhere classified"
N31.2,"Flaccid neuropathic bladder, not elsewhere classified"
N31.8,Other neuromuscular dysfunction of bladder
N31.9,"Neuromuscular dysfunction of bladder, unspecified"
N32,Other disorders of bladder
N32.0,Bladder-neck obstruction
N32.1,Vesicointestinal fistula
N32.2,"Vesical fistula, not elsewhere classified"
N32.3,Diverticulum of bladder
N32.4,"Rupture of bladder, nontraumatic"
N32.8,Other specified disorders of bladder
N32.9,"Bladder disorder, unspecified"
N33,Bladder disorders in diseases classified elsewhere
N33.0,Tuberculous cystitis
N33.8,Bladder disorders in other diseases classified elsewhere
N34,Urethritis and urethral syndrome
N34.0,Urethral abscess
N34.1,Nonspecific urethritis
N34.2,Other urethritis
N34.3,"Urethral syndrome, unspecified"
N35,Urethral stricture
N35.0,Post-traumatic urethral stricture
N35.1,"Postinfective urethral stricture, not elsewhere classified"
N35.8,Other urethral stricture
N35.9,"Urethral stricture, unspecified"
N36,Other disorders of urethra
N36.0,Urethral fistula
N36.1,Urethral diverticulum
N36.2,Urethral caruncle
N36.3,Prolapsed urethral mucosa
N36.8,Other specified disorders of urethra
N36.9,"Urethral disorder, unspecified"
N37,Urethral disorders in diseases classified elsewhere
N37.0,Urethritis in diseases classified elsewhere
N37.8,Other urethral disorders in diseases classified elsewhere
N39,Other disorders of urinary system
N39.0,"Urinary tract infection, site not specified"
N39.1,"Persistent proteinuria, unspecified"
N39.2,"Orthostatic proteinuria, unspecified"
N39.3,Stress incontinence
N39.4,Other specified urinary incontinence
N39.8,Other specified disorders of urinary system
N39.9,"Disorder of urinary system, unspecified"
N40,Hyperplasia of prostate
N41,Inflammatory diseases of prostate
N41.0,Acute prostatitis
N41.1,Chronic prostatitis
N41.2,Abscess of prostate
N41.3,Prostatocystitis
N41.8,Other inflammatory diseases of prostate
N41.9,"Inflammatory disease of prostate, unspecified"
N42,Other disorders of prostate
N42.0,Calculus of prostate
N42.1,Congestion and haemorrhage of prostate
N42.2,Atrophy of prostate
N42.3,Dysplasia of prostate
N42.8,Other specified disorders of prostate
N42.9,"Disorder of prostate, unspecified"
N43,Hydrocele and spermatocele
N43.0,Encysted hydrocele
N43.1,Infected hydrocele
N43.2,Other hydrocele
N43.3,"Hydrocele, unspecified"
N43.4,Spermatocele
N44,Torsion of testis
N45,Orchitis and epididymitis
N45.0,"Orchitis, epididymitis and epididymo-orchitis with abscess"
N45.9,"Orchitis, epididymitis and epididymo-orchitis without abscess"
N46,Male infertility
N47,"Redundant prepuce, phimosis and paraphimosis"
N48,Other disorders of penis
N48.0,Leukoplakia of penis
N48.1,Balanoposthitis
N48.2,Other inflammatory disorders of penis
N48.3,Priapism
N48.4,Impotence of organic origin
N48.5,Ulcer of penis
N48.6,Induratio penis plastica
N48.8,Other specified disorders of penis
N48.9,"Disorder of penis, unspecified"
N49,"Inflammatory disorders of male genital organs, not elsewhere classified"
N49.0,Inflammatory disorders of seminal vesicle
N49.1,"Inflammatory disorders of spermatic cord, tunica vaginalis and vas deferens"
N49.2,Inflammatory disorders of scrotum
N49.8,Inflammatory disorders of other specified male genital organs
N49.9,Inflammatory disorder of unspecified male genital organ
N50,Other disorders of male genital organs
N50.0,Atrophy of testis
N50.1,Vascular disorders of male genital organs
N50.8,Other specified disorders of male genital organs
N50.9,"Disorder of male genital organs, unspecified"
N51,Disorders of male genital organs in diseases classified elsewhere
N51.0,Disorders of prostate in diseases classified elsewhere
N51.1,Disorders of testis and epididymis in diseases classified elsewhere
N51.2,Balanitis in diseases classified elsewhere
N51.8,Other disorders of male genital organs in diseases classified elsewhere
N60,Benign mammary dysplasia
N60.0,Solitary cyst of breast
N60.1,Diffuse cystic mastopathy
N60.2,Fibroadenosis of breast
N60.3,Fibrosclerosis of breast
N60.4,Mammary duct ectasia
N60.8,Other benign mammary dysplasias
N60.9,"Benign mammary dysplasia, unspecified"
N61,Inflammatory disorders of breast
N62,Hypertrophy of breast
N63,Unspecified lump in breast
N64,Other disorders of breast
N64.0,Fissure and fistula of nipple
N64.1,Fat necrosis of breast
N64.2,Atrophy of breast
N64.3,Galactorrhoea not associated with childbirth
N64.4,Mastodynia
N64.5,Other signs and symptoms in breast
N64.8,Other specified disorders of breast
N64.9,"Disorder of breast, unspecified"
N70,Salpingitis and oophoritis
N70.0,Acute salpingitis and oophoritis
N70.1,Chronic salpingitis and oophoritis
N70.9,"Salpingitis and oophoritis, unspecified"
N71,"Inflammatory disease of uterus, except cervix"
N71.0,Acute inflammatory disease of uterus
N71.1,Chronic inflammatory disease of uterus
N71.9,"Inflammatory disease of uterus, unspecified"
N72,Inflammatory disease of cervix uteri
N73,Other female pelvic inflammatory diseases
N73.0,Acute parametritis and pelvic cellulitis
N73.1,Chronic parametritis and pelvic cellulitis
N73.2,Unspecified parametritis and pelvic cellulitis
N73.3,Female acute pelvic peritonitis
N73.4,Female chronic pelvic peritonitis
N73.5,"Female pelvic peritonitis, unspecified"
N73.6,Female pelvic peritoneal adhesions
N73.8,Other specified female pelvic inflammatory diseases
N73.9,"Female pelvic inflammatory disease, unspecified"
N74,Female pelvic inflammatory disorders in diseases classified elsewhere
N74.0,Tuberculous infection of cervix uteri
N74.1,Female tuberculous pelvic inflammatory disease
N74.2,Female syphilitic pelvic inflammatory disease
N74.3,Female gonococcal pelvic inflammatory disease
N74.4,Female chlamydial pelvic inflammatory disease
N74.8,Female pelvic inflammatory disorders in other diseases classified elsewhere
N75,Diseases of Bartholin gland
N75.0,Cyst of Bartholin gland
N75.1,Abscess of Bartholin gland
N75.8,Other diseases of Bartholin gland
N75.9,"Disease of Bartholin gland, unspecified"
N76,Other inflammation of vagina and vulva
N76.0,Acute vaginitis
N76.1,Subacute and chronic vaginitis
N76.2,Acute vulvitis
N76.3,Subacute and chronic vulvitis
N76.4,Abscess of vulva
N76.5,Ulceration of vagina
N76.6,Ulceration of vulva
N76.8,Other specified inflammation of vagina and vulva
N77,Vulvovaginal ulceration and inflammation in diseases classified elsewhere
N77.0,Ulceration of vulva in infectious and parasitic diseases classified elsewhere
N77.1,"Vaginitis, vulvitis and vulvovaginitis in infectious and parasitic diseases classified elsewhere"
N77.8,Vulvovaginal ulceration and inflammation in other diseases classified elsewhere
N80,Endometriosis
N80.0,Endometriosis of uterus
N80.1,Endometriosis of ovary
N80.2,Endometriosis of fallopian tube
N80.3,Endometriosis of pelvic peritoneum
N80.4,Endometriosis of rectovaginal septum and vagina
N80.5,Endometriosis of intestine
N80.6,Endometriosis in cutaneous scar
N80.8,Other endometriosis
N80.9,"Endometriosis, unspecified"
N81,Female genital prolapse
N81.0,Female urethrocele
N81.1,Cystocele
N81.2,Incomplete uterovaginal prolapse
N81.3,Complete uterovaginal prolapse
N81.4,"Uterovaginal prolapse, unspecified"
N81.5,Vaginal enterocele
N81.6,Rectocele
N81.8,Other female genital prolapse
N81.9,"Female genital prolapse, unspecified"
N82,Fistulae involving female genital tract
N82.0,Vesicovaginal fistula
N82.1,Other female urinary-genital tract fistulae
N82.2,Fistula of vagina to small intestine
N82.3,Fistula of vagina to large intestine
N82.4,Other female intestinal-genital tract fistulae
N82.5,Female genital tract-skin fistulae
N82.8,Other female genital tract fistulae
N82.9,"Female genital tract fistula, unspecified"
N83,"Noninflammatory disorders of ovary, fallopian tube and broad ligament"
N83.0,Follicular cyst of ovary
N83.1,Corpus luteum cyst
N83.2,Other and unspecified ovarian cysts
N83.3,Acquired atrophy of ovary and fallopian tube
N83.4,Prolapse and hernia of ovary and fallopian tube
N83.5,"Torsion of ovary, ovarian pedicle and fallopian tube"
N83.6,Haematosalpinx
N83.7,Haematoma of broad ligament
N83.8,"Other noninflammatory disorders of ovary, fallopian tube and broad ligament"
N83.9,"Noninflammatory disorder of ovary, fallopian tube and broad ligament, unspecified"
N84,Polyp of female genital tract
N84.0,Polyp of corpus uteri
N84.1,Polyp of cervix uteri
N84.2,Polyp of vagina
N84.3,Polyp of vulva
N84.8,Polyp of other parts of female genital tract
N84.9,"Polyp of female genital tract, unspecified"
N85,"Other noninflammatory disorders of uterus, except cervix"
N85.0,Endometrial glandular hyperplasia
N85.1,Endometrial adenomatous hyperplasia
N85.2,Hypertrophy of uterus
N85.3,Subinvolution of uterus
N85.4,Malposition of uterus
N85.5,Inversion of uterus
N85.6,Intrauterine synechiae
N85.7,Haematometra
N85.8,Other specified noninflammatory disorders of uterus
N85.9,"Noninflammatory disorder of uterus, unspecified"
N86,Erosion and ectropion of cervix uteri
N87,Dysplasia of cervix uteri
N87.0,Mild cervical dysplasia
N87.1,Moderate cervical dysplasia
N87.2,"Severe cervical dysplasia, not elsewhere classified"
N87.9,"Dysplasia of cervix uteri, unspecified"
N88,Other noninflammatory disorders of cervix uteri
N88.0,Leukoplakia of cervix uteri
N88.1,Old laceration of cervix uteri
N88.2,Stricture and stenosis of cervix uteri
N88.3,Incompetence of cervix uteri
N88.4,Hypertrophic elongation of cervix uteri
N88.8,Other specified noninflammatory disorders of cervix uteri
N88.9,"Noninflammatory disorder of cervix uteri, unspecified"
N89,Other noninflammatory disorders of vagina
N89.0,Mild vaginal dysplasia
N89.1,Moderate vaginal dysplasia
N89.2,"Severe vaginal dysplasia, not elsewhere classified"
N89.3,"Dysplasia of vagina, unspecified"
N89.4,Leukoplakia of vagina
N89.5,Stricture and atresia of vagina
N89.6,Tight hymenal ring
N89.7,Haematocolpos
N89.8,Other specified noninflammatory disorders of vagina
N89.9,"Noninflammatory disorder of vagina, unspecified"
N90,Other noninflammatory disorders of vulva and perineum
N90.0,Mild vulvar dysplasia
N90.1,Moderate vulvar dysplasia
N90.2,"Severe vulvar dysplasia, not elsewhere classified"
N90.3,"Dysplasia of vulva, unspecified"
N90.4,Leukoplakia of vulva
N90.5,Atrophy of vulva
N90.6,Hypertrophy of vulva
N90.7,Vulvar cyst
N90.8,Other specified noninflammatory disorders of vulva and perineum
N90.9,"Noninflammatory disorder of vulva and perineum, unspecified"
N91,"Absent, scanty and rare menstruation"
N91.0,Primary amenorrhoea
N91.1,Secondary amenorrhoea
N91.2,"Amenorrhoea, unspecified"
N91.3,Primary oligomenorrhoea
N91.4,Secondary oligomenorrhoea
N91.5,"Oligomenorrhoea, unspecified"
N92,"Excessive, frequent and irregular menstruation"
N92.0,Excessive and frequent menstruation with regular cycle
N92.1,Excessive and frequent menstruation with irregular cycle
N92.2,Excessive menstruation at puberty
N92.3,Ovulation bleeding
N92.4,Excessive bleeding in the premenopausal period
N92.5,Other specified irregular menstruation
N92.6,"Irregular menstruation, unspecified"
N93,Other abnormal uterine and vaginal bleeding
N93.0,Postcoital and contact bleeding
N93.8,Other specified abnormal uterine and vaginal bleeding
N93.9,"Abnormal uterine and vaginal bleeding, unspecified"
N94,Pain and other conditions associated with female genital organs and menstrual cycle
N94.0,Mittelschmerz
N94.1,Dyspareunia
N94.2,Vaginismus
N94.3,Premenstrual tension syndrome
N94.4,Primary dysmenorrhoea
N94.5,Secondary dysmenorrhoea
N94.6,"Dysmenorrhoea, unspecified"
N94.8,Other specified conditions associated with female genital organs and menstrual cycle
N94.9,Unspecified condition associated with female genital organs and menstrual cycle
N95,Menopausal and other perimenopausal disorders
N95.0,Postmenopausal bleeding
N95.1,Menopausal and female climacteric states
N95.2,Postmenopausal atrophic vaginitis
N95.3,States associated with artificial menopause
N95.8,Other specified menopausal and perimenopausal disorders
N95.9,"Menopausal and perimenopausal disorder, unspecified"
N96,Habitual aborter
N97,Female infertility
N97.0,Female infertility associated with anovulation
N97.1,Female infertility of tubal origin
N97.2,Female infertility of uterine origin
N97.3,Female infertility of cervical origin
N97.4,Female infertility associated with male factors
N97.8,Female infertility of other origin
N97.9,"Female infertility, unspecified"
N98,Complications associated with artificial fertilization
N98.0,Infection associated with artificial insemination
N98.1,Hyperstimulation of ovaries
N98.2,Complications of attempted introduction of fertilized ovum following in vitro fertilization
N98.3,Complications of attempted introduction of embryo in embryo transfer
N98.8,Other complications associated with artificial fertilization
N98.9,"Complication associated with artificial fertilization, unspecified"
N99,"Postprocedural disorders of genitourinary system, not elsewhere classified"
N99.0,Postprocedural renal failure
N99.1,Postprocedural urethral stricture
N99.2,Postoperative adhesions of vagina
N99.3,Prolapse of vaginal vault after hysterectomy
N99.4,Postprocedural pelvic peritoneal adhesions
N99.5,Malfunction of external stoma of urinary tract
N99.8,Other postprocedural disorders of genitourinary system
N99.9,"Postprocedural disorder of genitourinary system, unspecified"
Z00,General examination and investigation of persons without complaint and reported diagnosis
Z00.0,General medical examination
Z00.1,Routine child health examination
Z00.2,Examination for period of rapid growth in childhood
Z00.3,Examination for adolescent development state
Z00.4,"General psychiatric examination, not elsewhere classified"
Z00.5,Examination of potential donor of organ and tissue
Z00.6,Examination for normal comparison and control in clinical research programme
Z00.8,Other general examinations
Z01,Other special examinations and investigations of persons without complaint or reported diagnosis
Z01.0,Examination of eyes and vision
Z01.1,Examination of ears and hearing
Z01.2,Dental examination
Z01.3,Examination of blood pressure
Z01.4,Gynaecological examination (general)(routine)
Z01.5,Diagnostic skin and sensitization tests
Z01.6,"Radiological examination, not elsewhere classified"
Z01.7,Laboratory examination
Z01.8,Other specified special examinations
Z01.9,"Special examination, unspecified"
Z02,Examination and encounter for administrative purposes
Z02.0,Examination for admission to educational institution
Z02.1,Pre-employment examination
Z02.2,Examination for admission to residential institutions
Z02.3,Examination for recruitment to armed forces
Z02.4,Examination for driving licence
Z02.5,Examination for participation in sport
Z02.6,Examination for insurance purposes
Z02.7,Issue of medical certificate
Z02.8,Other examinations for administrative purposes
Z02.9,"Examination for administrative purposes, unspecified"
Z03,"Medical observation and evaluation for suspected diseases and conditions, ruled out"
Z03.0,Observation for suspected tuberculosis
Z03.1,Observation for suspected malignant neoplasm
Z03.2,Observation for suspected mental and behavioural disorders
Z03.3,Observation for suspected nervous system disorder
Z03.4,Observation for suspected myocardial infarction
Z03.5,Observation for other suspected cardiovascular diseases
Z03.6,Observation for suspected toxic effect from ingested substance
Z03.8,Observation for other suspected diseases and conditions
Z03.9,"Observation for suspected disease or condition, unspecified"
Z04,Examination and observation for other reasons
Z04.0,Blood-alcohol and blood-drug test
Z04.1,Examination and observation following transport accident
Z04.2,Examination and observation following work accident
Z04.3,Examination and observation following other accident
Z04.4,Examination and observation following alleged rape and seduction
Z04.5,Examination and observation following other inflicted injury
Z04.6,"General psychiatric examination, requested by authority"
Z04.8,Examination and observation for other specified reasons
Z04.9,Examination and observation for unspecified reason
Z08,Follow-up examination after treatment for malignant neoplasms
Z08.0,Follow-up examination after surgery for malignant neoplasm
Z08.1,Follow-up examination after radiotherapy for malignant neoplasm
Z08.2,Follow-up examination after chemotherapy for malignant neoplasm
Z08.7,Follow-up examination after combined treatment for malignant neoplasm
Z08.8,Follow-up examination after other treatment for malignant neoplasm
Z08.9,Follow-up examination after unspecified treatment for malignant neoplasm
Z09,Follow-up examination after treatment for conditions other than malignant neoplasms
Z09.0,Follow-up examination after surgery for other conditions
Z09.1,Follow-up examination after radiotherapy for other conditions
Z09.2,Follow-up examination after chemotherapy for other conditions
Z09.3,Follow-up examination after psychotherapy
Z09.4,Follow-up examination after treatment of fracture
Z09.7,Follow-up examination after combined treatment for other conditions
Z09.8,Follow-up examination after other treatment for other conditions
Z09.9,Follow-up examination after unspecified treatment for other conditions
Z10,Routine general health check-up of defined subpopulation
Z10.0,Occupational health examination
Z10.1,Routine general health check-up of inhabitants of institutions
Z10.2,Routine general health check-up of armed forces
Z10.3,Routine general health check-up of sports teams
Z10.8,Routine general health check-up of other defined subpopulations
Z11,Special screening examination for infectious and parasitic diseases
Z11.0,Special screening examination for intestinal infectious diseases
Z11.1,Special screening examination for respiratory tuberculosis
Z11.2,Special screening examination for other bacterial diseases
Z11.3,Special screening examination for infections with a predominantly sexual mode of transmission
Z11.4,Special screening examination for human immunodeficiency virus [HIV]
Z11.5,Special screening examination for other viral diseases
Z11.6,Special screening examination for other protozoal diseases and helminthiases
Z11.8,Special screening examination for other infectious and parasitic diseases
Z11.9,"Special screening examination for infectious and parasitic diseases, unspecified"
Z12,Special screening examination for neoplasms
Z12.0,Special screening examination for neoplasm of stomach
Z12.1,Special screening examination for neoplasm of intestinal tract
Z12.2,Special screening examination for neoplasm of respiratory organs
Z12.3,Special screening examination for neoplasm of breast
Z12.4,Special screening examination for neoplasm of cervix
Z12.5,Special screening examination for neoplasm of prostate
Z12.6,Special screening examination for neoplasm of bladder
Z12.8,Special screening examination for neoplasms of other sites
Z12.9,"Special screening examination for neoplasm, unspecified"
Z13,Special screening examination for other diseases and disorders
Z13.0,Special screening examination for diseases of the blood and blood-forming organs and certain disorders involving the immune mechanism
Z13.1,Special screening examination for diabetes mellitus
Z13.2,Special screening examination for nutritional disorders
Z13.3,Special screening examination for mental and behavioural disorders
Z13.4,Special screening examination for certain developmental disorders in childhood
Z13.5,Special screening examination for eye and ear disorders
Z13.6,Special screening examination for cardiovascular disorders
Z13.7,"Special screening examination for congenital malformations, deformations and chromosomal abnormalities"
Z13.8,Special screening examination for other specified diseases and disorders
Z13.9,"Special screening examination, unspecified"
Z20,Contact with and exposure to communicable diseases
Z20.0,Contact with and exposure to intestinal infectious diseases
Z20.1,Contact with and exposure to tuberculosis
Z20.2,Contact with and exposure to infections with a predominantly sexual mode of transmission
Z20.3,Contact with and exposure to rabies
Z20.4,Contact with and exposure to rubella
Z20.5,Contact with and exposure to viral hepatitis
Z20.6,Contact with and exposure to human immunodeficiency virus [HIV]
Z20.7,"Contact with and exposure to pediculosis, acariasis and other infestations"
Z20.8,Contact with and exposure to other communicable diseases
Z20.9,Contact with and exposure to unspecified communicable disease
Z21,Asymptomatic human immunodeficiency virus [HIV] infection status
Z22,Carrier of infectious disease
Z22.0,Carrier of typhoid
Z22.1,Carrier of other intestinal infectious diseases
Z22.2,Carrier of diphtheria
Z22.3,Carrier of other specified bacterial diseases
Z22.4,Carrier of infections with a predominantly sexual mode of transmission
Z22.6,Carrier of human T-lymphotropic virus type- 1 [HTLV-1] infection
Z22.7,Latent tuberculosis
Z22.8,Carrier of other infectious diseases
Z22.9,"Carrier of infectious disease, unspecified"
Z23,Need for immunization against single bacterial diseases
Z23.0,Need for immunization against cholera alone
Z23.1,Need for immunization against typhoid-paratyphoid alone [TAB]
Z23.2,Need for immunization against tuberculosis [BCG]
Z23.3,Need for immunization against plague
Z23.4,Need for immunization against tularaemia
Z23.5,Need for immunization against tetanus alone
Z23.6,Need for immunization against diphtheria alone
Z23.7,Need for immunization against pertussis alone
Z23.8,Need for immunization against other single bacterial diseases
Z24,Need for immunization against certain single viral diseases
Z24.0,Need for immunization against poliomyelitis
Z24.1,Need for immunization against arthropod-borne viral encephalitis
Z24.2,Need for immunization against rabies
Z24.3,Need for immunization against yellow fever
Z24.4,Need for immunization against measles alone
Z24.5,Need for immunization against rubella alone
Z24.6,Need for immunization against viral hepatitis
Z25,Need for immunization against other single viral diseases
Z25.0,Need for immunization against mumps alone
Z25.1,Need for immunization against influenza
Z25.8,Need for immunization against other specified single viral diseases
Z26,Need for immunization against other single infectious diseases
Z26.0,Need for immunization against leishmaniasis
Z26.8,Need for immunization against other specified single infectious diseases
Z26.9,Need for immunization against unspecified infectious disease
Z27,Need for immunization against combinations of infectious diseases
Z27.0,Need for immunization against cholera with typhoid-paratyphoid [cholera + TAB]
Z27.1,"Need for immunization against diphtheria-tetanus-pertussis, combined [DTP]"
Z27.2,Need for immunization against diphtheria-tetanus-pertussis with typhoid-paratyphoid [DTP + TAB]
Z27.3,Need for immunization against diphtheria-tetanus-pertussis with poliomyelitis [DTP + polio]
Z27.4,Need for immunization against measles-mumps-rubella [MMR]
Z27.8,Need for immunization against other combinations of infectious diseases
Z27.9,Need for immunization against unspecified combinations of infectious diseases
Z28,Immunization not carried out
Z28.0,Immunization not carried out because of contraindication
Z28.1,Immunization not carried out because of patient's decision for reasons of belief or group pressure
Z28.2,Immunization not carried out because of patient's decision for other and unspecified reasons
Z28.8,Immunization not carried out for other reasons
Z28.9,Immunization not carried out for unspecified reason
Z29,Need for other prophylactic measures
Z29.0,Isolation
Z29.1,Prophylactic immunotherapy
Z29.2,Other prophylactic chemotherapy
Z29.8,Other specified prophylactic measures
Z29.9,"Prophylactic measure, unspecified"
Z30,Contraceptive management
Z30.0,General counselling and advice on contraception
Z30.1,Insertion of (intrauterine) contraceptive device
Z30.2,Sterilization
Z30.3,Menstrual extraction
Z30.4,Surveillance of contraceptive drugs
Z30.5,Surveillance of (intrauterine) contraceptive device
Z30.8,Other contraceptive management
Z30.9,"Contraceptive management, unspecified"
Z31,Procreative management
Z31.0,Tuboplasty or vasoplasty after previous sterilization
Z31.1,Artificial insemination
Z31.2,In vitro fertilization
Z31.3,Other assisted fertilization methods
Z31.4,Procreative investigation and testing
Z31.5,Genetic counselling
Z31.6,General counselling and advice on procreation
Z31.8,Other procreative management
Z31.9,"Procreative management, unspecified"
Z32,Pregnancy examination and test
Z32.0,"Pregnancy, not (yet) confirmed"
Z32.1,Pregnancy confirmed
Z33,"Pregnant state, incidental"
Z34,Supervision of normal pregnancy
Z34.0,Supervision of normal first pregnancy
Z34.8,Supervision of other normal pregnancy
Z34.9,"Supervision of normal pregnancy, unspecified"
Z35,Supervision of high-risk pregnancy
Z35.0,Supervision of pregnancy with history of infertility
Z35.1,Supervision of pregnancy with history of abortive outcome
Z35.2,Supervision of pregnancy with other poor reproductive or obstetric history
Z35.3,Supervision of pregnancy with history of insufficient antenatal care
Z35.4,Supervision of pregnancy with grand multiparity
Z35.5,Supervision of elderly primigravida
Z35.6,Supervision of very young primigravida
Z35.7,Supervision of high-risk pregnancy due to social problems
Z35.8,Supervision of other high-risk pregnancies
Z35.9,"Supervision of high-risk pregnancy, unspecified"
Z36,Antenatal screening
Z36.0,Antenatal screening for chromosomal anomalies
Z36.1,Antenatal screening for raised alphafetoprotein level
Z36.2,Other antenatal screening based on amniocentesis
Z36.3,Antenatal screening for malformations using ultrasound and other physical methods
Z36.4,Antenatal screening for fetal growth retardation using ultrasound and other physical methods
Z36.5,Antenatal screening for isoimmunization
Z36.8,Other antenatal screening
Z36.9,"Antenatal screening, unspecified"
Z37,Outcome of delivery
Z37.0,Single live birth
Z37.1,Single stillbirth
Z37.2,"Twins, both liveborn"
Z37.3,"Twins, one liveborn and one stillborn"
Z37.4,"Twins, both stillborn"
Z37.5,"Other multiple births, all liveborn"
Z37.6,"Other multiple births, some liveborn"
Z37.7,"Other multiple births, all stillborn"
Z37.9,"Outcome of delivery, unspecified"
Z38,Liveborn infants according to place of birth
Z38.0,"Singleton, born in hospital"
Z38.1,"Singleton, born outside hospital"
Z38.2,"Singleton, unspecified as to place of birth"
Z38.3,"Twin, born in hospital"
Z38.4,"Twin, born outside hospital"
Z38.5,"Twin, unspecified as to place of birth"
Z38.6,"Other multiple, born in hospital"
Z38.7,"Other multiple, born outside hospital"
Z38.8,"Other multiple, unspecified as to place of birth"
Z39,Postpartum care and examination
Z39.0,Care and examination immediately after delivery
Z39.1,Care and examination of lactating mother
Z39.2,Routine postpartum follow-up
Z40,Prophylactic surgery
Z40.0,Prophylactic surgery for risk-factors related to malignant neoplasms
Z40.8,Other prophylactic surgery
Z40.9,"Prophylactic surgery, unspecified"
Z41,Procedures for purposes other than remedying health state
Z41.0,Hair transplant
Z41.1,Other plastic surgery for unacceptable cosmetic appearance
Z41.2,Routine and ritual circumcision
Z41.3,Ear piercing
Z41.8,Other procedures for purposes other than remedying health state
Z41.9,"Procedure for purposes other than remedying health state, unspecified"
Z42,Follow-up care involving plastic surgery
Z42.0,Follow-up care involving plastic surgery of head and neck
Z42.1,Follow-up care involving plastic surgery of breast
Z42.2,Follow-up care involving plastic surgery of other parts of trunk
Z42.3,Follow-up care involving plastic surgery of upper extremity
Z42.4,Follow-up care involving plastic surgery of lower extremity
Z42.8,Follow-up care involving plastic surgery of other body part
Z42.9,"Follow-up care involving plastic surgery, unspecified"
Z43,Attention to artificial openings
Z43.0,Attention to tracheostomy
Z43.1,Attention to gastrostomy
Z43.2,Attention to ileostomy
Z43.3,Attention to colostomy
Z43.4,Attention to other artificial openings of digestive tract
Z43.5,Attention to cystostomy
Z43.6,Attention to other artificial openings of urinary tract
Z43.7,Attention to artificial vagina
Z43.8,Attention to other artificial openings
Z43.9,Attention to unspecified artificial opening
Z44,Fitting and adjustment of external prosthetic device
Z44.0,Fitting and adjustment of artificial arm (complete)(partial)
Z44.1,Fitting and adjustment of artificial leg (complete)(partial)
Z44.2,Fitting and adjustment of artificial eye
Z44.3,Fitting and adjustment of external breast prosthesis
Z44.8,Fitting and adjustment of other external prosthetic devices
Z44.9,Fitting and adjustment of unspecified external prosthetic device
Z45,Adjustment and management of implanted device
Z45.0,Adjustment and management of cardiac devices
Z45.1,Adjustment and management of infusion pump
Z45.2,Adjustment and management of vascular access device
Z45.3,Adjustment and management of implanted hearing device
Z45.8,Adjustment and management of other implanted devices
Z45.9,Adjustment and management of unspecified implanted device
Z46,Fitting and adjustment of other devices
Z46.0,Fitting and adjustment of spectacles and contact lenses
Z46.1,Fitting and adjustment of hearing aid
Z46.2,Fitting and adjustment of other devices related to nervous system and special senses
Z46.3,Fitting and adjustment of dental prosthetic device
Z46.4,Fitting and adjustment of orthodontic device
Z46.5,Fitting and adjustment of ileostomy and other intestinal appliances
Z46.6,Fitting and adjustment of urinary device
Z46.7,Fitting and adjustment of orthopaedic device
Z46.8,Fitting and adjustment of other specified devices
Z46.9,Fitting and adjustment of unspecified device
Z47,Other orthopaedic follow-up care
Z47.0,Follow-up care involving removal of fracture plate and other internal fixation device
Z47.8,Other specified orthopaedic follow-up care
Z47.9,"Orthopaedic follow-up care, unspecified"
Z48,Other surgical follow-up care
Z48.0,Attention to surgical dressings and sutures
Z48.8,Other specified surgical follow-up care
Z48.9,"Surgical follow-up care, unspecified"
Z49,Care involving dialysis
Z49.0,Preparatory care for dialysis
Z49.1,Extracorporeal dialysis
Z49.2,Other dialysis
Z50,Care involving use of rehabilitation procedures
Z50.0,Cardiac rehabilitation
Z50.1,Other physical therapy
Z50.2,Alcohol rehabilitation
Z50.3,Drug rehabilitation
Z50.4,"Psychotherapy, not elsewhere classified"
Z50.5,Speech therapy
Z50.6,Orthoptic training
Z50.7,"Occupational therapy and vocational rehabilitation, not elsewhere classified"
Z50.8,Care involving use of other rehabilitation procedures
Z50.9,"Care involving use of rehabilitation procedure, unspecified"
Z51,Other medical care
Z51.0,Radiotherapy session
Z51.1,Chemotherapy session for neoplasm
Z51.2,Other chemotherapy
Z51.3,Blood transfusion (without reported diagnosis)
Z51.4,"Preparatory care for subsequent treatment, not elsewhere classified"
Z51.5,Palliative care
Z51.6,Desensitization to allergens
Z51.8,Other specified medical care
Z51.9,"Medical care, unspecified"
Z52,Donors of organs and tissues
Z52.0,Blood donor
Z52.1,Skin donor
Z52.2,Bone donor
Z52.3,Bone marrow donor
Z52.4,Kidney donor
Z52.5,Cornea donor
Z52.6,Liver donor
Z52.7,Heart donor
Z52.8,Donor of other organs and tissues
Z52.9,Donor of unspecified organ or tissue
Z53,"Persons encountering health services for specific procedures, not carried out"
Z53.0,Procedure not carried out because of contraindication
Z53.1,Procedure not carried out because of patient's decision for reasons of belief and group pressure
Z53.2,Procedure not carried out because of patient's decision for other and unspecified reasons
Z53.8,Procedure not carried out for other reasons
Z53.9,"Procedure not carried out, unspecified reason"
Z54,Convalescence
Z54.0,Convalescence following surgery
Z54.1,Convalescence following radiotherapy
Z54.2,Convalescence following chemotherapy
Z54.3,Convalescence following psychotherapy
Z54.4,Convalescence following treatment of fracture
Z54.7,Convalescence following combined treatment
Z54.8,Convalescence following other treatment
Z54.9,Convalescence following unspecified treatment
Z55,Problems related to education and literacy
Z55.0,Illiteracy and low-level literacy
Z55.1,Schooling unavailable and unattainable
Z55.2,Failed examinations
Z55.3,Underachievement in school
Z55.4,Educational maladjustment and discord with teachers and classmates
Z55.8,Other problems related to education and literacy
Z55.9,"Problem related to education and literacy, unspecified"
Z56,Problems related to employment and unemployment
Z56.0,"Unemployment, unspecified"
Z56.1,Change of job
Z56.2,Threat of job loss
Z56.3,Stressful work schedule
Z56.4,Discord with boss and workmates
Z56.5,Uncongenial work
Z56.6,Other physical and mental strain related to work
Z56.7,Other and unspecified problems related to employment
Z57,Occupational exposure to risk-factors
Z57.0,Occupational exposure to noise
Z57.1,Occupational exposure to radiation
Z57.2,Occupational exposure to dust
Z57.3,Occupational exposure to other air contaminants
Z57.4,Occupational exposure to toxic agents in agriculture
Z57.5,Occupational exposure to toxic agents in other industries
Z57.6,Occupational exposure to extreme temperature
Z57.7,Occupational exposure to vibration
Z57.8,Occupational exposure to other risk-factors
Z57.9,Occupational exposure to unspecified risk-factor
Z58,Problems related to physical environment
Z58.0,Exposure to noise
Z58.1,Exposure to air pollution
Z58.2,Exposure to water pollution
Z58.3,Exposure to soil pollution
Z58.4,Exposure to radiation
Z58.5,Exposure to other pollution
Z58.6,Inadequate drinking-water supply
Z58.7,Exposure to tobacco smoke
Z58.8,Other problems related to physical environment
Z58.9,"Problem related to physical environment, unspecified"
Z59,Problems related to housing and economic circumstances
Z59.0,Homelessness
Z59.1,Inadequate housing
Z59.2,"Discord with neighbours, lodgers and landlord"
Z59.3,Problems related to living in residential institution
Z59.4,Lack of adequate food
Z59.5,Extreme poverty
Z59.6,Low income
Z59.7,Insufficient social insurance and welfare support
Z59.8,Other problems related to housing and economic circumstances
Z59.9,"Problem related to housing and economic circumstances, unspecified"
Z60,Problems related to social environment
Z60.0,Problems of adjustment to life-cycle transitions
Z60.1,Atypical parenting situation
Z60.2,Living alone
Z60.3,Acculturation difficulty
Z60.4,Social exclusion and rejection
Z60.5,Target of perceived adverse discrimination and persecution
Z60.8,Other problems related to social environment
Z60.9,"Problem related to social environment, unspecified"
Z61,Problems related to negative life events in childhood
Z61.0,Loss of love relationship in childhood
Z61.1,Removal from home in childhood
Z61.2,Altered pattern of family relationships in childhood
Z61.3,Events resulting in loss of self-esteem in childhood
Z61.4,Problems related to alleged sexual abuse of child by person within primary support group
Z61.5,Problems related to alleged sexual abuse of child by person outside primary support group
Z61.6,Problems related to alleged physical abuse of child
Z61.7,Personal frightening experience in childhood
Z61.8,Other negative life events in childhood
Z61.9,"Negative life event in childhood, unspecified"
Z62,Other problems related to upbringing
Z62.0,Inadequate parental supervision and control
Z62.1,Parental overprotection
Z62.2,Institutional upbringing
Z62.3,Hostility towards and scapegoating of child
Z62.4,Emotional neglect of child
Z62.5,Other problems related to neglect in upbringing
Z62.6,Inappropriate parental pressure and other abnormal qualities of upbringing
Z62.8,Other specified problems related to upbringing
Z62.9,"Problem related to upbringing, unspecified"
Z63,"Other problems related to primary support group, including family circumstances"
Z63.0,Problems in relationship with spouse or partner
Z63.1,Problems in relationship with parents and in-laws
Z63.2,Inadequate family support
Z63.3,Absence of family member
Z63.4,Disappearance and death of family member
Z63.5,Disruption of family by separation and divorce
Z63.6,Dependent relative needing care at home
Z63.7,Other stressful life events affecting family and household
Z63.8,Other specified problems related to primary support group
Z63.9,"Problem related to primary support group, unspecified"
Z64,Problems related to certain psychosocial circumstances
Z64.0,Problems related to unwanted pregnancy
Z64.1,Problems related to multiparity
Z64.2,"Seeking and accepting physical, nutritional and chemical interventions known to be hazardous and harmful"
Z64.3,Seeking and accepting behavioural and psychological interventions known to be hazardous and harmful
Z64.4,Discord with counsellors
Z65,Problems related to other psychosocial circumstances
Z65.0,Conviction in civil and criminal proceedings without imprisonment
Z65.1,Imprisonment and other incarceration
Z65.2,Problems related to release from prison
Z65.3,Problems related to other legal circumstances
Z65.4,Victim of crime and terrorism
Z65.5,"Exposure to disaster, war and other hostilities"
Z65.8,Other specified problems related to psychosocial circumstances
Z65.9,Problem related to unspecified psychosocial circumstances
Z70,"Counselling related to sexual attitude, behaviour and orientation"
Z70.0,Counselling related to sexual attitude
Z70.1,Counselling related to patient's sexual behaviour and orientation
Z70.2,Counselling related to sexual behaviour and orientation of third party
Z70.3,"Counselling related to combined concerns regarding sexual attitude, behaviour and orientation"
Z70.8,Other sex counselling
Z70.9,"Sex counselling, unspecified"
Z71,"Persons encountering health services for other counselling and medical advice, not elsewhere classified"
Z71.0,Person consulting on behalf of another person
Z71.1,Person with feared complaint in whom no diagnosis is made
Z71.2,Person consulting for explanation of investigation findings
Z71.3,Dietary counselling and surveillance
Z71.4,Alcohol abuse counselling and surveillance
Z71.5,Drug abuse counselling and surveillance
Z71.6,Tobacco abuse counselling
Z71.7,Human immunodeficiency virus [HIV] counselling
Z71.8,Other specified counselling
Z71.9,"Counselling, unspecified"
Z72,Problems related to lifestyle
Z72.0,Tobacco use
Z72.1,Alcohol use
Z72.2,Drug use
Z72.3,Lack of physical exercise
Z72.4,Inappropriate diet and eating habits
Z72.5,High-risk sexual behaviour
Z72.6,Gambling and betting
Z72.8,Other problems related to lifestyle
Z72.9,"Problem related to lifestyle, unspecified"
Z73,Problems related to life-management difficulty
Z73.0,Burn-out
Z73.1,Accentuation of personality traits
Z73.2,Lack of relaxation and leisure
Z73.3,"Stress, not elsewhere classified"
Z73.4,"Inadequate social skills, not elsewhere classified"
Z73.5,"Social role conflict, not elsewhere classified"
Z73.6,Limitation of activities due to disability
Z73.8,Other problems related to life-management difficulty
Z73.9,"Problem related to life-management difficulty, unspecified"
Z74,Problems related to care-provider dependency
Z74.0,Need for assistance due to reduced mobility
Z74.1,Need for assistance with personal care
Z74.2,Need for assistance at home and no other household member able to render care
Z74.3,Need for continuous supervision
Z74.8,Other problems related to care-provider dependency
Z74.9,"Problem related to care-provider dependency, unspecified"
Z75,Problems related to medical facilities and other health care
Z75.0,Medical services not available in home
Z75.1,Person awaiting admission to adequate facility elsewhere
Z75.2,Other waiting period for investigation and treatment
Z75.3,Unavailability and inaccessibility of health-care facilities
Z75.4,Unavailability and inaccessibility of other helping agencies
Z75.5,Holiday relief care
Z75.8,Other problems related to medical facilities and other health care
Z75.9,Unspecified problem related to medical facilities and other health care
Z76,Persons encountering health services in other circumstances
Z76.0,Issue of repeat prescription
Z76.1,Health supervision and care of foundling
Z76.2,Health supervision and care of other healthy infant and child
Z76.3,Healthy person accompanying sick person
Z76.4,Other boarder in health-care facility
Z76.5,Malingerer [conscious simulation]
Z76.8,Persons encountering health services in other specified circumstances
Z76.9,Person encountering health services in unspecified circumstances
Z80,Family history of malignant neoplasm
Z80.0,Family history of malignant neoplasm of digestive organs
Z80.1,"Family history of malignant neoplasm of trachea, bronchus and lung"
Z80.2,Family history of malignant neoplasm of other respiratory and intrathoracic organs
Z80.3,Family history of malignant neoplasm of breast
Z80.4,Family history of malignant neoplasm of genital organs
Z80.5,Family history of malignant neoplasm of urinary tract
Z80.6,Family history of leukaemia
Z80.7,"Family history of other malignant neoplasms of lymphoid, haematopoietic and related tissues"
Z80.8,Family history of malignant neoplasm of other organs or systems
Z80.9,"Family history of malignant neoplasm, unspecified"
Z81,Family history of mental and behavioural disorders
Z81.0,Family history of mental retardation
Z81.1,Family history of alcohol abuse
Z81.2,Family history of tobacco abuse
Z81.3,Family history of other psychoactive substance abuse
Z81.4,Family history of other substance abuse
Z81.8,Family history of other mental and behavioural disorders
Z82,Family history of certain disabilities and chronic diseases leading to disablement
Z82.0,Family history of epilepsy and other diseases of the nervous system
Z82.1,Family history of blindness and visual loss
Z82.2,Family history of deafness and hearing loss
Z82.3,Family history of stroke
Z82.4,Family history of ischaemic heart disease and other diseases of the circulatory system
Z82.5,Family history of asthma and other chronic lower respiratory diseases
Z82.6,Family history of arthritis and other diseases of the musculoskeletal system and connective tissue
Z82.7,"Family history of congenital malformations, deformations and chromosomal abnormalities"
Z82.8,"Family history of other disabilities and chronic diseases leading to disablement, not elsewhere classified"
Z83,Family history of other specific disorders
Z83.0,Family history of human immunodeficiency virus [HIV] disease
Z83.1,Family history of other infectious and parasitic diseases
Z83.2,Family history of diseases of the blood and blood-forming organs and certain disorders involving the immune mechanism
Z83.3,Family history of diabetes mellitus
Z83.4,"Family history of other endocrine, nutritional and metabolic diseases"
Z83.5,Family history of eye and ear disorders
Z83.6,Family history of diseases of the respiratory system
Z83.7,Family history of diseases of the digestive system
Z84,Family history of other conditions
Z84.0,Family history of diseases of the skin and subcutaneous tissue
Z84.1,Family history of disorders of kidney and ureter
Z84.2,Family history of other diseases of the genitourinary system
Z84.3,Family history of consanguinity
Z84.8,Family history of other specified conditions
Z85,Personal history of malignant neoplasm
Z85.0,Personal history of malignant neoplasm of digestive organs
Z85.1,"Personal history of malignant neoplasm of trachea, bronchus and lung"
Z85.2,Personal history of malignant neoplasm of other respiratory and intrathoracic organs
Z85.3,Personal history of malignant neoplasm of breast
Z85.4,Personal history of malignant neoplasm of genital organs
Z85.5,Personal history of malignant neoplasm of urinary tract
Z85.6,Personal history of leukaemia
Z85.7,"Personal history of other malignant neoplasms of lymphoid, haematopoietic and related tissues"
Z85.8,Personal history of malignant neoplasms of other organs and systems
Z85.9,"Personal history of malignant neoplasm, unspecified"
Z86,Personal history of certain other diseases
Z86.0,Personal history of other neoplasms
Z86.1,Personal history of infectious and parasitic diseases
Z86.2,Personal history of diseases of the blood and blood-forming organs and certain disorders involving the immune mechanism
Z86.3,"Personal history of endocrine, nutritional and metabolic diseases"
Z86.4,Personal history of psychoactive substance abuse
Z86.5,Personal history of other mental and behavioural disorders
Z86.6,Personal history of diseases of the nervous system and sense organs
Z86.7,Personal history of diseases of the circulatory system
Z87,Personal history of other diseases and conditions
Z87.0,Personal history of diseases of the respiratory system
Z87.1,Personal history of diseases of the digestive system
Z87.2,Personal history of diseases of the skin and subcutaneous tissue
Z87.3,Personal history of diseases of the musculoskeletal system and connective tissue
Z87.4,Personal history of diseases of the genitourinary system
Z87.5,"Personal history of complications of pregnancy, childbirth and the puerperium"
Z87.6,Personal history of certain conditions arising in the perinatal period
Z87.7,"Personal history of congenital malformations, deformations and chromosomal abnormalities"
Z87.8,Personal history of other specified conditions
Z88,"Personal history of allergy to drugs, medicaments and biological substances"
Z88.0,Personal history of allergy to penicillin
Z88.1,Personal history of allergy to other antibiotic agents
Z88.2,Personal history of allergy to sulfonamides
Z88.3,Personal history of allergy to other anti-infective agents
Z88.4,Personal history of allergy to anaesthetic agent
Z88.5,Personal history of allergy to narcotic agent
Z88.6,Personal history of allergy to analgesic agent
Z88.7,Personal history of allergy to serum and vaccine
Z88.8,"Personal history of allergy to other drugs, medicaments and biological substances"
Z88.9,"Personal history of allergy to unspecified drugs, medicaments and biological substances"
Z89,Acquired absence of limb
Z89.0,"Acquired absence of finger(s) [including thumb], unilateral"
Z89.1,Acquired absence of hand and wrist
Z89.2,Acquired absence of upper limb above wrist
Z89.3,Acquired absence of both upper limbs [any level]
Z89.4,Acquired absence of foot and ankle
Z89.5,Acquired absence of leg at or below knee
Z89.6,Acquired absence of leg above knee
Z89.7,"Acquired absence of both lower limbs [any level, except toes alone]"
Z89.8,Acquired absence of upper and lower limbs [any level]
Z89.9,"Acquired absence of limb, unspecified"
Z90,"Acquired absence of organs, not elsewhere classified"
Z90.0,Acquired absence of part of head and neck
Z90.1,Acquired absence of breast(s)
Z90.2,Acquired absence of lung [part of]
Z90.3,Acquired absence of part of stomach
Z90.4,Acquired absence of other parts of digestive tract
Z90.5,Acquired absence of kidney
Z90.6,Acquired absence of other organs of urinary tract
Z90.7,Acquired absence of genital organ(s)
Z90.8,Acquired absence of other organs
Z91,"Personal history of risk-factors, not elsewhere classified"
Z91.0,"Personal history of allergy, other than to drugs and biological substances"
Z91.1,Personal history of noncompliance with medical treatment and regimen
Z91.2,Personal history of poor personal hygiene
Z91.3,Personal history of unhealthy sleep-wake schedule
Z91.4,"Personal history of psychological trauma, not elsewhere classified"
Z91.5,Personal history of self-harm
Z91.6,Personal history of other physical trauma
Z91.7,Personal history of female genital mutilation
Z91.8,"Personal history of other specified risk-factors, not elsewhere classified"
Z92,Personal history of medical treatment
Z92.0,Personal history of contraception
Z92.1,Personal history of long-term (current) use of anticoagulants
Z92.2,Personal history of long-term (current) use of other medicaments
Z92.3,Personal history of irradiation
Z92.4,"Personal history of major surgery, not elsewhere classified"
Z92.5,Personal history of rehabilitation measures
Z92.6,Personal history of chemotherapy for neoplastic disease
Z92.8,Personal history of other medical treatment
Z92.9,"Personal history of medical treatment, unspecified"
Z93,Artificial opening status
Z93.0,Tracheostomy status
Z93.1,Gastrostomy status
Z93.2,Ileostomy status
Z93.3,Colostomy status
Z93.4,Other artificial openings of gastrointestinal tract status
Z93.5,Cystostomy status
Z93.6,Other artificial openings of urinary tract status
Z93.8,Other artificial opening status
Z93.9,"Artificial opening status, unspecified"
Z94,Transplanted organ and tissue status
Z94.0,Kidney transplant status
Z94.1,Heart transplant status
Z94.2,Lung transplant status
Z94.3,Heart and lungs transplant status
Z94.4,Liver transplant status
Z94.5,Skin transplant status
Z94.6,Bone transplant status
Z94.7,Corneal transplant status
Z94.8,Other transplanted organ and tissue status
Z94.9,"Transplanted organ and tissue status, unspecified"
Z95,Presence of cardiac and vascular implants and grafts
Z95.0,Presence of electronic cardiac devices
Z95.1,Presence of aortocoronary bypass graft
Z95.2,Presence of prosthetic heart valve
Z95.3,Presence of xenogenic heart valve
Z95.4,Presence of other heart-valve replacement
Z95.5,Presence of coronary angioplasty implant and graft
Z95.8,Presence of other cardiac and vascular implants and grafts
Z95.9,"Presence of cardiac and vascular implant and graft, unspecified"
Z96,Presence of other functional implants
Z96.0,Presence of urogenital implants
Z96.1,Presence of intraocular lens
Z96.2,Presence of otological and audiological implants
Z96.3,Presence of artificial larynx
Z96.4,Presence of endocrine implants
Z96.5,Presence of tooth-root and mandibular implants
Z96.6,Presence of orthopaedic joint implants
Z96.7,Presence of other bone and tendon implants
Z96.8,Presence of other specified functional implants
Z96.9,"Presence of functional implant, unspecified"
Z97,Presence of other devices
Z97.0,Presence of artificial eye
Z97.1,Presence of artificial limb (complete)(partial)
Z97.2,Presence of dental prosthetic device (complete)(partial)
Z97.3,Presence of spectacles and contact lenses
Z97.4,Presence of external hearing-aid
Z97.5,Presence of (intrauterine) contraceptive device
Z97.8,Presence of other specified devices
Z98,Other postsurgical states
Z98.0,Intestinal bypass and anastomosis status
Z98.1,Arthrodesis status
Z98.2,Presence of cerebrospinal fluid drainage device
Z98.8,Other specified postsurgical states
Z99,"Dependence on enabling machines and devices, not elsewhere classified"
Z99.0,Dependence on aspirator
Z99.1,Dependence on respirator
Z99.2,Dependence on renal dialysis
Z99.3,Dependence on wheelchair
Z99.4,Dependence on artificial heart
Z99.8,Dependence on other enabling machines and devices
Z99.9,Dependence on unspecified enabling machine and device
U04,Severe acute respiratory syndrome [SARS]
U04.9,"Severe acute respiratory syndrome [SARS], unspecified"
U07,Emergency use of U07
U07.0,Vaping-related disorder
U07.1,"COVID-19, virus identified"
U07.2,"COVID-19, virus not identified"
U08,Personal history of COVID-19
U08.9,"Personal history of COVID-19, unspecified"
U09,Post COVID-19 condition
U09.9,"Post COVID-19 condition, unspecified"
U82,Resistance to betalactam antibiotics
U82.0,Resistance to penicillin
U82.1,Resistance to methicillin
U82.2,Extended spectrum betalactamase (ESBL) resistance
U82.8,Resistance to other betalactam antibiotics
U82.9,"Resistance to betalactam antibiotics, unspecified"
U83,Resistance to other antibiotics
U83.0,Resistance to vancomycin
U83.1,Resistance to other vancomycin related antibiotics
U83.2,Resistance to quinolones
U83.7,Resistance to multiple antibiotics
U83.8,Resistance to other single specified antibiotic
U83.9,Resistance to unspecified antibiotic
U84,Resistance to other antimicrobial drugs
U84.0,Resistance to antiparasitic drug(s)
U84.1,Resistance to antifungal drug(s)
U84.2,Resistance to antiviral drug(s)
U84.3,Resistance to tuberculostatic drug(s)
U84.7,Resistance to multiple antimicrobial drugs
U84.8,Resistance to other specified antimicrobial drug
U84.9,Resistance to unspecified antimicrobial drugs
U85,Resistance to antineoplastic drugs
